RUN_ID=20260418T220502Z
command=WEB_CLIENT_MODE=npm ORCA_MODE=weborca ORCA_BASE_URL=https://weborca-trial.orca.med.or.jp ORCA_API_USER=<redacted> ORCA_API_PASSWORD=<redacted> ORCA_ACCEPTMOD_SUPPRESS_ACCEPTANCE_PUSH=true ./setup-modernized-env.sh
cwd=/Users/Hayato/Documents/GitHub/OpenDolphin_WebClient
commit=79616d7e549bc0d432345d17f7e828c64c0e4c10
start=2026-04-18T22:07:20Z
environment=node v22.16.0, npm 10.9.2, java openjdk version "21.0.8" 2025-07-15 LTS, maven Apache Maven 3.9.11 (3e54c93a704957b63ee3494413a2b544fd3d825b), playwright Version 1.56.1
--- output ---
[07:07:21] Reading ORCA connection info from docs/operations/ORCA_CERTIFICATION_ONLY.md...
[07:07:21] ORCA_CONFIG target_env=unset base_url=https://weborca-trial.orca.med.or.jp mode=weborca path_prefix=auto
[07:07:21] ORCA_CONFIG source host=file:ORCA_CERTIFICATION_ONLY port=file:ORCA_CERTIFICATION_ONLY scheme=file:ORCA_CERTIFICATION_ONLY base_url=env:ORCA_BASE_URL mode=env:ORCA_MODE
[07:07:21] ORCA_CONFIG port policy=block_8000 allow_8000=0 fallback=443 replaced=false original_port=443 original_source=file:ORCA_CERTIFICATION_ONLY
[07:07:21] ORCA_CONFIG auth server_basic=set web_proxy_basic=set web_proxy_cert=unset
[07:07:21] ORCA_CONFIG acceptmod_suppress_acceptance_push=true
[07:07:21] ORCA_CONFIG note multi-facility: ORCA_* is startup default (_default); register per-facility ORCA settings after boot when using multiple facilities.
[07:07:21] SMOKE_USER account=<redacted> facility=1.3.6.1.4.1.9414.72.103 pass_source=default:<redacted>
[07:07:21] Generating custom.properties.dev from ops/shared/docker/custom.properties...
[07:07:21] custom.properties written to custom.properties.dev
[07:07:21] Generating docker-compose.override.dev.yml...
[07:07:21] ORCADS route host=jma-receipt-docker-db-1 port=5432 db=orca user=orca sslmode=disable&currentSchema=master,public
[07:07:21] docker-compose override written to docker-compose.override.dev.yml
[07:07:21] Starting Modernized Server...
#1 [internal] load local bake definitions
#1 reading from stdin 495B done
#1 DONE 0.0s

#2 [internal] load build definition from Dockerfile
#2 transferring dockerfile: 5.20kB done
#2 DONE 0.0s

#3 [internal] load metadata for quay.io/wildfly/wildfly:33.0.2.Final-jdk17
#3 DONE 0.1s

#4 [internal] load metadata for docker.io/library/maven:3.9.6-eclipse-temurin-17
#4 DONE 0.2s

#5 [internal] load .dockerignore
#5 transferring context: 133B done
#5 DONE 0.0s

#6 [stage-1  1/22] FROM quay.io/wildfly/wildfly:33.0.2.Final-jdk17@sha256:72d2a8a60c5422d0f929bfaf329c9fcf5df26d402ff8bb8b10297ff4f714c33a
#6 resolve quay.io/wildfly/wildfly:33.0.2.Final-jdk17@sha256:72d2a8a60c5422d0f929bfaf329c9fcf5df26d402ff8bb8b10297ff4f714c33a 0.0s done
#6 DONE 0.0s

#7 [build  1/20] FROM docker.io/library/maven:3.9.6-eclipse-temurin-17@sha256:29a1658b1f3078e07c2b17f7b519b45eb47f65d9628e887eac45a8c5c8f939d4
#7 resolve docker.io/library/maven:3.9.6-eclipse-temurin-17@sha256:29a1658b1f3078e07c2b17f7b519b45eb47f65d9628e887eac45a8c5c8f939d4 0.0s done
#7 DONE 0.0s

#8 [internal] load build context
#8 transferring context: 486.17kB 0.1s done
#8 DONE 0.1s

#9 [build  3/20] COPY pom.xml ./
#9 CACHED

#10 [build  4/20] COPY pom.server-modernized.xml ./pom.server-modernized.xml
#10 CACHED

#11 [build  2/20] WORKDIR /workspace
#11 CACHED

#12 [build  6/20] COPY api-contract ./api-contract
#12 CACHED

#13 [build  7/20] COPY persistence ./persistence
#13 CACHED

#14 [build  5/20] COPY domain ./domain
#14 CACHED

#15 [build  8/20] COPY reporting ./reporting
#15 CACHED

#16 [build  9/20] COPY server-modernized ./server-modernized
#16 DONE 0.2s

#17 [build 10/20] COPY ext_lib ./ext_lib
#17 DONE 0.1s

#18 [build 11/20] COPY ops/shared/docker/settings.xml /tmp/maven-settings.xml
#18 DONE 0.0s

#19 [build 12/20] RUN mvn -N -f pom.server-modernized.xml -s /tmp/maven-settings.xml -B install:install-file -Dfile=ext_lib/iTextAsian.jar -DgroupId=opendolphin -DartifactId=itext-font -Dversion=1.0 -Dpackaging=jar
#19 0.922 [INFO] Scanning for projects...
#19 1.067 [INFO] Downloading from central: https://repo.maven.apache.org/maven2/org/apache/maven/plugins/maven-clean-plugin/3.2.0/maven-clean-plugin-3.2.0.pom
#19 1.328 [INFO] Downloaded from central: https://repo.maven.apache.org/maven2/org/apache/maven/plugins/maven-clean-plugin/3.2.0/maven-clean-plugin-3.2.0.pom (5.3 kB at 20 kB/s)
#19 1.339 [INFO] Downloading from central: https://repo.maven.apache.org/maven2/org/apache/maven/plugins/maven-plugins/35/maven-plugins-35.pom
#19 1.438 [INFO] Downloaded from central: https://repo.maven.apache.org/maven2/org/apache/maven/plugins/maven-plugins/35/maven-plugins-35.pom (9.9 kB at 100 kB/s)
#19 1.442 [INFO] Downloading from central: https://repo.maven.apache.org/maven2/org/apache/maven/maven-parent/35/maven-parent-35.pom
#19 1.470 [INFO] Downloaded from central: https://repo.maven.apache.org/maven2/org/apache/maven/maven-parent/35/maven-parent-35.pom (45 kB at 1.6 MB/s)
#19 1.476 [INFO] Downloading from central: https://repo.maven.apache.org/maven2/org/apache/apache/25/apache-25.pom
#19 1.501 [INFO] Downloaded from central: https://repo.maven.apache.org/maven2/org/apache/apache/25/apache-25.pom (21 kB at 822 kB/s)
#19 1.509 [INFO] Downloading from central: https://repo.maven.apache.org/maven2/org/apache/maven/plugins/maven-clean-plugin/3.2.0/maven-clean-plugin-3.2.0.jar
#19 1.536 [INFO] Downloaded from central: https://repo.maven.apache.org/maven2/org/apache/maven/plugins/maven-clean-plugin/3.2.0/maven-clean-plugin-3.2.0.jar (36 kB at 1.3 MB/s)
#19 1.540 [INFO] Downloading from central: https://repo.maven.apache.org/maven2/org/apache/maven/plugins/maven-install-plugin/3.1.1/maven-install-plugin-3.1.1.pom
#19 1.567 [INFO] Downloaded from central: https://repo.maven.apache.org/maven2/org/apache/maven/plugins/maven-install-plugin/3.1.1/maven-install-plugin-3.1.1.pom (7.8 kB at 289 kB/s)
#19 1.569 [INFO] Downloading from central: https://repo.maven.apache.org/maven2/org/apache/maven/plugins/maven-plugins/39/maven-plugins-39.pom
#19 1.594 [INFO] Downloaded from central: https://repo.maven.apache.org/maven2/org/apache/maven/plugins/maven-plugins/39/maven-plugins-39.pom (8.1 kB at 311 kB/s)
#19 1.595 [INFO] Downloading from central: https://repo.maven.apache.org/maven2/org/apache/maven/maven-parent/39/maven-parent-39.pom
#19 1.621 [INFO] Downloaded from central: https://repo.maven.apache.org/maven2/org/apache/maven/maven-parent/39/maven-parent-39.pom (48 kB at 1.8 MB/s)
#19 1.624 [INFO] Downloading from central: https://repo.maven.apache.org/maven2/org/apache/apache/29/apache-29.pom
#19 1.645 [INFO] Downloaded from central: https://repo.maven.apache.org/maven2/org/apache/apache/29/apache-29.pom (21 kB at 942 kB/s)
#19 1.649 [INFO] Downloading from central: https://repo.maven.apache.org/maven2/org/apache/maven/plugins/maven-install-plugin/3.1.1/maven-install-plugin-3.1.1.jar
#19 1.669 [INFO] Downloaded from central: https://repo.maven.apache.org/maven2/org/apache/maven/plugins/maven-install-plugin/3.1.1/maven-install-plugin-3.1.1.jar (31 kB at 1.5 MB/s)
#19 1.674 [INFO]
#19 1.674 [INFO] ----------------------< opendolphin:opendolphin >-----------------------
#19 1.674 [INFO] Building opendolphin 2.7.1
#19 1.674 [INFO]   from pom.server-modernized.xml
#19 1.674 [INFO] --------------------------------[ pom ]---------------------------------
#19 1.676 [INFO]
#19 1.676 [INFO] --- install:3.1.1:install-file (default-cli) @ opendolphin ---
#19 1.682 [INFO] Downloading from central: https://repo.maven.apache.org/maven2/org/eclipse/aether/aether-util/1.0.0.v20140518/aether-util-1.0.0.v20140518.pom
#19 1.708 [INFO] Downloaded from central: https://repo.maven.apache.org/maven2/org/eclipse/aether/aether-util/1.0.0.v20140518/aether-util-1.0.0.v20140518.pom (2.2 kB at 84 kB/s)
#19 1.709 [INFO] Downloading from central: https://repo.maven.apache.org/maven2/org/eclipse/aether/aether/1.0.0.v20140518/aether-1.0.0.v20140518.pom
#19 1.732 [INFO] Downloaded from central: https://repo.maven.apache.org/maven2/org/eclipse/aether/aether/1.0.0.v20140518/aether-1.0.0.v20140518.pom (30 kB at 1.3 MB/s)
#19 1.736 [INFO] Downloading from central: https://repo.maven.apache.org/maven2/org/eclipse/aether/aether-api/1.0.0.v20140518/aether-api-1.0.0.v20140518.pom
#19 1.760 [INFO] Downloaded from central: https://repo.maven.apache.org/maven2/org/eclipse/aether/aether-api/1.0.0.v20140518/aether-api-1.0.0.v20140518.pom (1.9 kB at 79 kB/s)
#19 1.763 [INFO] Downloading from central: https://repo.maven.apache.org/maven2/org/codehaus/plexus/plexus-utils/3.5.0/plexus-utils-3.5.0.pom
#19 1.788 [INFO] Downloaded from central: https://repo.maven.apache.org/maven2/org/codehaus/plexus/plexus-utils/3.5.0/plexus-utils-3.5.0.pom (8.0 kB at 308 kB/s)
#19 1.790 [INFO] Downloading from central: https://repo.maven.apache.org/maven2/org/codehaus/plexus/plexus/10/plexus-10.pom
#19 1.816 [INFO] Downloaded from central: https://repo.maven.apache.org/maven2/org/codehaus/plexus/plexus/10/plexus-10.pom (25 kB at 977 kB/s)
#19 1.825 [INFO] Downloading from central: https://repo.maven.apache.org/maven2/org/eclipse/aether/aether-util/1.0.0.v20140518/aether-util-1.0.0.v20140518.jar
#19 1.948 [INFO] Downloaded from central: https://repo.maven.apache.org/maven2/org/eclipse/aether/aether-util/1.0.0.v20140518/aether-util-1.0.0.v20140518.jar (146 kB at 1.2 MB/s)
#19 1.951 [INFO] Downloading from central: https://repo.maven.apache.org/maven2/org/eclipse/aether/aether-api/1.0.0.v20140518/aether-api-1.0.0.v20140518.jar
#19 1.951 [INFO] Downloading from central: https://repo.maven.apache.org/maven2/org/codehaus/plexus/plexus-utils/3.5.0/plexus-utils-3.5.0.jar
#19 1.981 [INFO] Downloaded from central: https://repo.maven.apache.org/maven2/org/eclipse/aether/aether-api/1.0.0.v20140518/aether-api-1.0.0.v20140518.jar (136 kB at 4.1 MB/s)
#19 2.024 [INFO] Downloaded from central: https://repo.maven.apache.org/maven2/org/codehaus/plexus/plexus-utils/3.5.0/plexus-utils-3.5.0.jar (267 kB at 3.7 MB/s)
#19 2.050 [INFO] pom.xml not found in iTextAsian.jar
#19 2.055 [INFO] Installing /workspace/ext_lib/iTextAsian.jar to /root/.m2/repository/opendolphin/itext-font/1.0/itext-font-1.0.jar
#19 2.056 [INFO] Installing /tmp/mvninstall14564814771046956242.pom to /root/.m2/repository/opendolphin/itext-font/1.0/itext-font-1.0.pom
#19 2.058 [INFO] ------------------------------------------------------------------------
#19 2.058 [INFO] BUILD SUCCESS
#19 2.058 [INFO] ------------------------------------------------------------------------
#19 2.058 [INFO] Total time:  1.149 s
#19 2.058 [INFO] Finished at: 2026-04-18T22:07:26Z
#19 2.059 [INFO] ------------------------------------------------------------------------
#19 DONE 2.1s

#20 [build 13/20] RUN mvn -N -f pom.server-modernized.xml -s /tmp/maven-settings.xml -B install:install-file -Dfile=ext_lib/AppleJavaExtensions.jar -DgroupId=com.apple -DartifactId=AppleJavaExtensions -Dversion=1.6 -Dpackaging=jar
#20 0.592 [INFO] Scanning for projects...
#20 0.649 [INFO]
#20 0.649 [INFO] ----------------------< opendolphin:opendolphin >-----------------------
#20 0.649 [INFO] Building opendolphin 2.7.1
#20 0.649 [INFO]   from pom.server-modernized.xml
#20 0.649 [INFO] --------------------------------[ pom ]---------------------------------
#20 0.651 [INFO]
#20 0.651 [INFO] --- install:3.1.1:install-file (default-cli) @ opendolphin ---
#20 0.684 [INFO] pom.xml not found in AppleJavaExtensions.jar
#20 0.690 [INFO] Installing /workspace/ext_lib/AppleJavaExtensions.jar to /root/.m2/repository/com/apple/AppleJavaExtensions/1.6/AppleJavaExtensions-1.6.jar
#20 0.697 [INFO] Installing /tmp/mvninstall18155199070864647068.pom to /root/.m2/repository/com/apple/AppleJavaExtensions/1.6/AppleJavaExtensions-1.6.pom
#20 0.700 [INFO] ------------------------------------------------------------------------
#20 0.700 [INFO] BUILD SUCCESS
#20 0.700 [INFO] ------------------------------------------------------------------------
#20 0.700 [INFO] Total time:  0.117 s
#20 0.700 [INFO] Finished at: 2026-04-18T22:07:27Z
#20 0.700 [INFO] ------------------------------------------------------------------------
#20 DONE 0.7s

#21 [build 14/20] RUN mvn -N -f pom.server-modernized.xml -s /tmp/maven-settings.xml -B dependency:get -Dartifact=org.postgresql:postgresql:42.7.3
#21 0.583 [INFO] Scanning for projects...
#21 0.716 [INFO] Downloading from central: https://repo.maven.apache.org/maven2/org/apache/maven/plugins/maven-deploy-plugin/3.1.1/maven-deploy-plugin-3.1.1.pom
#21 0.863 [INFO] Downloaded from central: https://repo.maven.apache.org/maven2/org/apache/maven/plugins/maven-deploy-plugin/3.1.1/maven-deploy-plugin-3.1.1.pom (8.9 kB at 60 kB/s)
#21 0.871 [INFO] Downloading from central: https://repo.maven.apache.org/maven2/org/apache/maven/plugins/maven-deploy-plugin/3.1.1/maven-deploy-plugin-3.1.1.jar
#21 0.895 [INFO] Downloaded from central: https://repo.maven.apache.org/maven2/org/apache/maven/plugins/maven-deploy-plugin/3.1.1/maven-deploy-plugin-3.1.1.jar (39 kB at 1.6 MB/s)
#21 0.897 [INFO] Downloading from central: https://repo.maven.apache.org/maven2/org/apache/maven/plugins/maven-site-plugin/3.12.1/maven-site-plugin-3.12.1.pom
#21 0.918 [INFO] Downloaded from central: https://repo.maven.apache.org/maven2/org/apache/maven/plugins/maven-site-plugin/3.12.1/maven-site-plugin-3.12.1.pom (20 kB at 904 kB/s)
#21 0.921 [INFO] Downloading from central: https://repo.maven.apache.org/maven2/org/apache/maven/plugins/maven-plugins/36/maven-plugins-36.pom
#21 0.944 [INFO] Downloaded from central: https://repo.maven.apache.org/maven2/org/apache/maven/plugins/maven-plugins/36/maven-plugins-36.pom (9.9 kB at 431 kB/s)
#21 0.945 [INFO] Downloading from central: https://repo.maven.apache.org/maven2/org/apache/maven/maven-parent/36/maven-parent-36.pom
#21 0.968 [INFO] Downloaded from central: https://repo.maven.apache.org/maven2/org/apache/maven/maven-parent/36/maven-parent-36.pom (45 kB at 2.0 MB/s)
#21 0.970 [INFO] Downloading from central: https://repo.maven.apache.org/maven2/org/apache/apache/26/apache-26.pom
#21 0.992 [INFO] Downloaded from central: https://repo.maven.apache.org/maven2/org/apache/apache/26/apache-26.pom (21 kB at 934 kB/s)
#21 0.997 [INFO] Downloading from central: https://repo.maven.apache.org/maven2/org/apache/maven/plugins/maven-site-plugin/3.12.1/maven-site-plugin-3.12.1.jar
#21 1.020 [INFO] Downloaded from central: https://repo.maven.apache.org/maven2/org/apache/maven/plugins/maven-site-plugin/3.12.1/maven-site-plugin-3.12.1.jar (119 kB at 5.2 MB/s)
#21 1.028 [INFO] Downloading from central: https://repo.maven.apache.org/maven2/org/apache/maven/plugins/maven-antrun-plugin/3.1.0/maven-antrun-plugin-3.1.0.pom
#21 1.046 [INFO] Downloaded from central: https://repo.maven.apache.org/maven2/org/apache/maven/plugins/maven-antrun-plugin/3.1.0/maven-antrun-plugin-3.1.0.pom (9.1 kB at 506 kB/s)
#21 1.048 [INFO] Downloading from central: https://repo.maven.apache.org/maven2/org/apache/maven/plugins/maven-plugins/34/maven-plugins-34.pom
#21 1.068 [INFO] Downloaded from central: https://repo.maven.apache.org/maven2/org/apache/maven/plugins/maven-plugins/34/maven-plugins-34.pom (11 kB at 534 kB/s)
#21 1.070 [INFO] Downloading from central: https://repo.maven.apache.org/maven2/org/apache/maven/maven-parent/34/maven-parent-34.pom
#21 1.093 [INFO] Downloaded from central: https://repo.maven.apache.org/maven2/org/apache/maven/maven-parent/34/maven-parent-34.pom (43 kB at 1.9 MB/s)
#21 1.094 [INFO] Downloading from central: https://repo.maven.apache.org/maven2/org/apache/apache/23/apache-23.pom
#21 1.115 [INFO] Downloaded from central: https://repo.maven.apache.org/maven2/org/apache/apache/23/apache-23.pom (18 kB at 837 kB/s)
#21 1.118 [INFO] Downloading from central: https://repo.maven.apache.org/maven2/org/apache/maven/plugins/maven-antrun-plugin/3.1.0/maven-antrun-plugin-3.1.0.jar
#21 1.138 [INFO] Downloaded from central: https://repo.maven.apache.org/maven2/org/apache/maven/plugins/maven-antrun-plugin/3.1.0/maven-antrun-plugin-3.1.0.jar (41 kB at 2.2 MB/s)
#21 1.139 [INFO] Downloading from central: https://repo.maven.apache.org/maven2/org/apache/maven/plugins/maven-assembly-plugin/3.6.0/maven-assembly-plugin-3.6.0.pom
#21 1.235 [INFO] Downloaded from central: https://repo.maven.apache.org/maven2/org/apache/maven/plugins/maven-assembly-plugin/3.6.0/maven-assembly-plugin-3.6.0.pom (15 kB at 156 kB/s)
#21 1.241 [INFO] Downloading from central: https://repo.maven.apache.org/maven2/org/apache/maven/plugins/maven-assembly-plugin/3.6.0/maven-assembly-plugin-3.6.0.jar
#21 1.299 [INFO] Downloaded from central: https://repo.maven.apache.org/maven2/org/apache/maven/plugins/maven-assembly-plugin/3.6.0/maven-assembly-plugin-3.6.0.jar (236 kB at 4.0 MB/s)
#21 1.303 [INFO] Downloading from central: https://repo.maven.apache.org/maven2/org/apache/maven/plugins/maven-dependency-plugin/3.6.1/maven-dependency-plugin-3.6.1.pom
#21 1.325 [INFO] Downloaded from central: https://repo.maven.apache.org/maven2/org/apache/maven/plugins/maven-dependency-plugin/3.6.1/maven-dependency-plugin-3.6.1.pom (18 kB at 799 kB/s)
#21 1.327 [INFO] Downloading from central: https://repo.maven.apache.org/maven2/org/apache/maven/plugins/maven-plugins/40/maven-plugins-40.pom
#21 1.348 [INFO] Downloaded from central: https://repo.maven.apache.org/maven2/org/apache/maven/plugins/maven-plugins/40/maven-plugins-40.pom (8.1 kB at 385 kB/s)
#21 1.349 [INFO] Downloading from central: https://repo.maven.apache.org/maven2/org/apache/maven/maven-parent/40/maven-parent-40.pom
#21 1.369 [INFO] Downloaded from central: https://repo.maven.apache.org/maven2/org/apache/maven/maven-parent/40/maven-parent-40.pom (49 kB at 2.4 MB/s)
#21 1.372 [INFO] Downloading from central: https://repo.maven.apache.org/maven2/org/apache/apache/30/apache-30.pom
#21 1.394 [INFO] Downloaded from central: https://repo.maven.apache.org/maven2/org/apache/apache/30/apache-30.pom (23 kB at 1.1 MB/s)
#21 1.397 [INFO] Downloading from central: https://repo.maven.apache.org/maven2/org/apache/maven/plugins/maven-dependency-plugin/3.6.1/maven-dependency-plugin-3.6.1.jar
#21 1.422 [INFO] Downloaded from central: https://repo.maven.apache.org/maven2/org/apache/maven/plugins/maven-dependency-plugin/3.6.1/maven-dependency-plugin-3.6.1.jar (191 kB at 7.6 MB/s)
#21 1.435 [INFO]
#21 1.435 [INFO] ----------------------< opendolphin:opendolphin >-----------------------
#21 1.435 [INFO] Building opendolphin 2.7.1
#21 1.435 [INFO]   from pom.server-modernized.xml
#21 1.435 [INFO] --------------------------------[ pom ]---------------------------------
#21 1.438 [INFO]
#21 1.438 [INFO] --- dependency:3.6.1:get (default-cli) @ opendolphin ---
#21 1.446 [INFO] Downloading from central: https://repo.maven.apache.org/maven2/org/apache/maven/doxia/doxia-sink-api/1.11.1/doxia-sink-api-1.11.1.pom
#21 1.464 [INFO] Downloaded from central: https://repo.maven.apache.org/maven2/org/apache/maven/doxia/doxia-sink-api/1.11.1/doxia-sink-api-1.11.1.pom (1.6 kB at 88 kB/s)
#21 1.465 [INFO] Downloading from central: https://repo.maven.apache.org/maven2/org/apache/maven/doxia/doxia/1.11.1/doxia-1.11.1.pom
#21 1.484 [INFO] Downloaded from central: https://repo.maven.apache.org/maven2/org/apache/maven/doxia/doxia/1.11.1/doxia-1.11.1.pom (18 kB at 949 kB/s)
#21 1.488 [INFO] Downloading from central: https://repo.maven.apache.org/maven2/org/apache/maven/doxia/doxia-logging-api/1.11.1/doxia-logging-api-1.11.1.pom
#21 1.505 [INFO] Downloaded from central: https://repo.maven.apache.org/maven2/org/apache/maven/doxia/doxia-logging-api/1.11.1/doxia-logging-api-1.11.1.pom (1.6 kB at 88 kB/s)
#21 1.509 [INFO] Downloading from central: https://repo.maven.apache.org/maven2/org/apache/maven/reporting/maven-reporting-api/3.1.1/maven-reporting-api-3.1.1.pom
#21 1.527 [INFO] Downloaded from central: https://repo.maven.apache.org/maven2/org/apache/maven/reporting/maven-reporting-api/3.1.1/maven-reporting-api-3.1.1.pom (3.8 kB at 209 kB/s)
#21 1.528 [INFO] Downloading from central: https://repo.maven.apache.org/maven2/org/apache/maven/shared/maven-shared-components/34/maven-shared-components-34.pom
#21 1.546 [INFO] Downloaded from central: https://repo.maven.apache.org/maven2/org/apache/maven/shared/maven-shared-components/34/maven-shared-components-34.pom (5.1 kB at 268 kB/s)
#21 1.555 [INFO] Downloading from central: https://repo.maven.apache.org/maven2/org/apache/maven/reporting/maven-reporting-impl/3.2.0/maven-reporting-impl-3.2.0.pom
#21 1.575 [INFO] Downloaded from central: https://repo.maven.apache.org/maven2/org/apache/maven/reporting/maven-reporting-impl/3.2.0/maven-reporting-impl-3.2.0.pom (7.6 kB at 380 kB/s)
#21 1.578 [INFO] Downloading from central: https://repo.maven.apache.org/maven2/org/apache/maven/maven-core/3.1.0/maven-core-3.1.0.pom
#21 1.599 [INFO] Downloaded from central: https://repo.maven.apache.org/maven2/org/apache/maven/maven-core/3.1.0/maven-core-3.1.0.pom (6.9 kB at 315 kB/s)
#21 1.600 [INFO] Downloading from central: https://repo.maven.apache.org/maven2/org/apache/maven/maven/3.1.0/maven-3.1.0.pom
#21 1.621 [INFO] Downloaded from central: https://repo.maven.apache.org/maven2/org/apache/maven/maven/3.1.0/maven-3.1.0.pom (22 kB at 991 kB/s)
#21 1.623 [INFO] Downloading from central: https://repo.maven.apache.org/maven2/org/apache/maven/maven-parent/23/maven-parent-23.pom
#21 1.642 [INFO] Downloaded from central: https://repo.maven.apache.org/maven2/org/apache/maven/maven-parent/23/maven-parent-23.pom (33 kB at 1.6 MB/s)
#21 1.644 [INFO] Downloading from central: https://repo.maven.apache.org/maven2/org/apache/apache/13/apache-13.pom
#21 1.662 [INFO] Downloaded from central: https://repo.maven.apache.org/maven2/org/apache/apache/13/apache-13.pom (14 kB at 776 kB/s)
#21 1.665 [INFO] Downloading from central: https://repo.maven.apache.org/maven2/org/apache/maven/maven-model/3.1.0/maven-model-3.1.0.pom
#21 1.759 [INFO] Downloaded from central: https://repo.maven.apache.org/maven2/org/apache/maven/maven-model/3.1.0/maven-model-3.1.0.pom (3.8 kB at 40 kB/s)
#21 1.764 [INFO] Downloading from central: https://repo.maven.apache.org/maven2/org/codehaus/plexus/plexus-utils/4.0.0/plexus-utils-4.0.0.pom
#21 1.789 [INFO] Downloaded from central: https://repo.maven.apache.org/maven2/org/codehaus/plexus/plexus-utils/4.0.0/plexus-utils-4.0.0.pom (8.7 kB at 346 kB/s)
#21 1.791 [INFO] Downloading from central: https://repo.maven.apache.org/maven2/org/codehaus/plexus/plexus/13/plexus-13.pom
#21 1.815 [INFO] Downloaded from central: https://repo.maven.apache.org/maven2/org/codehaus/plexus/plexus/13/plexus-13.pom (27 kB at 1.1 MB/s)
#21 1.817 [INFO] Downloading from central: https://repo.maven.apache.org/maven2/org/junit/junit-bom/5.9.3/junit-bom-5.9.3.pom
#21 1.838 [INFO] Downloaded from central: https://repo.maven.apache.org/maven2/org/junit/junit-bom/5.9.3/junit-bom-5.9.3.pom (5.6 kB at 268 kB/s)
#21 1.840 [INFO] Downloading from central: https://repo.maven.apache.org/maven2/org/apache/maven/maven-settings/3.1.0/maven-settings-3.1.0.pom
#21 1.860 [INFO] Downloaded from central: https://repo.maven.apache.org/maven2/org/apache/maven/maven-settings/3.1.0/maven-settings-3.1.0.pom (1.8 kB at 96 kB/s)
#21 1.863 [INFO] Downloading from central: https://repo.maven.apache.org/maven2/org/apache/maven/maven-settings-builder/3.1.0/maven-settings-builder-3.1.0.pom
#21 1.883 [INFO] Downloaded from central: https://repo.maven.apache.org/maven2/org/apache/maven/maven-settings-builder/3.1.0/maven-settings-builder-3.1.0.pom (2.3 kB at 113 kB/s)
#21 1.886 [INFO] Downloading from central: https://repo.maven.apache.org/maven2/org/codehaus/plexus/plexus-interpolation/1.16/plexus-interpolation-1.16.pom
#21 1.905 [INFO] Downloaded from central: https://repo.maven.apache.org/maven2/org/codehaus/plexus/plexus-interpolation/1.16/plexus-interpolation-1.16.pom (1.0 kB at 54 kB/s)
#21 1.906 [INFO] Downloading from central: https://repo.maven.apache.org/maven2/org/codehaus/plexus/plexus-components/1.3/plexus-components-1.3.pom
#21 1.923 [INFO] Downloaded from central: https://repo.maven.apache.org/maven2/org/codehaus/plexus/plexus-components/1.3/plexus-components-1.3.pom (3.1 kB at 180 kB/s)
#21 1.924 [INFO] Downloading from central: https://repo.maven.apache.org/maven2/org/codehaus/plexus/plexus/3.3/plexus-3.3.pom
#21 1.944 [INFO] Downloaded from central: https://repo.maven.apache.org/maven2/org/codehaus/plexus/plexus/3.3/plexus-3.3.pom (20 kB at 995 kB/s)
#21 1.946 [INFO] Downloading from central: https://repo.maven.apache.org/maven2/org/sonatype/spice/spice-parent/17/spice-parent-17.pom
#21 1.965 [INFO] Downloaded from central: https://repo.maven.apache.org/maven2/org/sonatype/spice/spice-parent/17/spice-parent-17.pom (6.8 kB at 356 kB/s)
#21 1.966 [INFO] Downloading from central: https://repo.maven.apache.org/maven2/org/sonatype/forge/forge-parent/10/forge-parent-10.pom
#21 1.983 [INFO] Downloaded from central: https://repo.maven.apache.org/maven2/org/sonatype/forge/forge-parent/10/forge-parent-10.pom (14 kB at 798 kB/s)
#21 1.986 [INFO] Downloading from central: https://repo.maven.apache.org/maven2/org/codehaus/plexus/plexus-component-annotations/1.5.5/plexus-component-annotations-1.5.5.pom
#21 2.003 [INFO] Downloaded from central: https://repo.maven.apache.org/maven2/org/codehaus/plexus/plexus-component-annotations/1.5.5/plexus-component-annotations-1.5.5.pom (815 B at 48 kB/s)
#21 2.005 [INFO] Downloading from central: https://repo.maven.apache.org/maven2/org/codehaus/plexus/plexus-containers/1.5.5/plexus-containers-1.5.5.pom
#21 2.022 [INFO] Downloaded from central: https://repo.maven.apache.org/maven2/org/codehaus/plexus/plexus-containers/1.5.5/plexus-containers-1.5.5.pom (4.2 kB at 249 kB/s)
#21 2.023 [INFO] Downloading from central: https://repo.maven.apache.org/maven2/org/codehaus/plexus/plexus/2.0.7/plexus-2.0.7.pom
#21 2.044 [INFO] Downloaded from central: https://repo.maven.apache.org/maven2/org/codehaus/plexus/plexus/2.0.7/plexus-2.0.7.pom (17 kB at 824 kB/s)
#21 2.047 [INFO] Downloading from central: https://repo.maven.apache.org/maven2/org/sonatype/plexus/plexus-sec-dispatcher/1.3/plexus-sec-dispatcher-1.3.pom
#21 2.075 [INFO] Downloaded from central: https://repo.maven.apache.org/maven2/org/sonatype/plexus/plexus-sec-dispatcher/1.3/plexus-sec-dispatcher-1.3.pom (3.0 kB at 106 kB/s)
#21 2.076 [INFO] Downloading from central: https://repo.maven.apache.org/maven2/org/sonatype/spice/spice-parent/12/spice-parent-12.pom
#21 2.095 [INFO] Downloaded from central: https://repo.maven.apache.org/maven2/org/sonatype/spice/spice-parent/12/spice-parent-12.pom (6.8 kB at 358 kB/s)
#21 2.097 [INFO] Downloading from central: https://repo.maven.apache.org/maven2/org/sonatype/forge/forge-parent/4/forge-parent-4.pom
#21 2.115 [INFO] Downloaded from central: https://repo.maven.apache.org/maven2/org/sonatype/forge/forge-parent/4/forge-parent-4.pom (8.4 kB at 466 kB/s)
#21 2.118 [INFO] Downloading from central: https://repo.maven.apache.org/maven2/org/sonatype/plexus/plexus-cipher/1.4/plexus-cipher-1.4.pom
#21 2.141 [INFO] Downloaded from central: https://repo.maven.apache.org/maven2/org/sonatype/plexus/plexus-cipher/1.4/plexus-cipher-1.4.pom (2.1 kB at 90 kB/s)
#21 2.143 [INFO] Downloading from central: https://repo.maven.apache.org/maven2/org/apache/maven/maven-repository-metadata/3.1.0/maven-repository-metadata-3.1.0.pom
#21 2.167 [INFO] Downloaded from central: https://repo.maven.apache.org/maven2/org/apache/maven/maven-repository-metadata/3.1.0/maven-repository-metadata-3.1.0.pom (1.9 kB at 86 kB/s)
#21 2.170 [INFO] Downloading from central: https://repo.maven.apache.org/maven2/org/apache/maven/maven-artifact/3.1.0/maven-artifact-3.1.0.pom
#21 2.190 [INFO] Downloaded from central: https://repo.maven.apache.org/maven2/org/apache/maven/maven-artifact/3.1.0/maven-artifact-3.1.0.pom (1.6 kB at 82 kB/s)
#21 2.193 [INFO] Downloading from central: https://repo.maven.apache.org/maven2/org/apache/maven/maven-plugin-api/3.1.0/maven-plugin-api-3.1.0.pom
#21 2.302 [INFO] Downloaded from central: https://repo.maven.apache.org/maven2/org/apache/maven/maven-plugin-api/3.1.0/maven-plugin-api-3.1.0.pom (3.0 kB at 28 kB/s)
#21 2.310 [INFO] Downloading from central: https://repo.maven.apache.org/maven2/org/eclipse/sisu/org.eclipse.sisu.plexus/0.3.0.M1/org.eclipse.sisu.plexus-0.3.0.M1.pom
#21 2.352 [INFO] Downloaded from central: https://repo.maven.apache.org/maven2/org/eclipse/sisu/org.eclipse.sisu.plexus/0.3.0.M1/org.eclipse.sisu.plexus-0.3.0.M1.pom (4.7 kB at 112 kB/s)
#21 2.354 [INFO] Downloading from central: https://repo.maven.apache.org/maven2/org/eclipse/sisu/sisu-plexus/0.3.0.M1/sisu-plexus-0.3.0.M1.pom
#21 2.379 [INFO] Downloaded from central: https://repo.maven.apache.org/maven2/org/eclipse/sisu/sisu-plexus/0.3.0.M1/sisu-plexus-0.3.0.M1.pom (13 kB at 510 kB/s)
#21 2.382 [INFO] Downloading from central: https://repo.maven.apache.org/maven2/org/sonatype/oss/oss-parent/7/oss-parent-7.pom
#21 2.403 [INFO] Downloaded from central: https://repo.maven.apache.org/maven2/org/sonatype/oss/oss-parent/7/oss-parent-7.pom (4.8 kB at 230 kB/s)
#21 2.406 [INFO] Downloading from central: https://repo.maven.apache.org/maven2/javax/enterprise/cdi-api/1.0/cdi-api-1.0.pom
#21 2.426 [INFO] Downloaded from central: https://repo.maven.apache.org/maven2/javax/enterprise/cdi-api/1.0/cdi-api-1.0.pom (1.4 kB at 72 kB/s)
#21 2.428 [INFO] Downloading from central: https://repo.maven.apache.org/maven2/org/jboss/weld/weld-api-parent/1.0/weld-api-parent-1.0.pom
#21 2.449 [INFO] Downloaded from central: https://repo.maven.apache.org/maven2/org/jboss/weld/weld-api-parent/1.0/weld-api-parent-1.0.pom (2.4 kB at 112 kB/s)
#21 2.451 [INFO] Downloading from central: https://repo.maven.apache.org/maven2/org/jboss/weld/weld-api-bom/1.0/weld-api-bom-1.0.pom
#21 2.471 [INFO] Downloaded from central: https://repo.maven.apache.org/maven2/org/jboss/weld/weld-api-bom/1.0/weld-api-bom-1.0.pom (7.9 kB at 395 kB/s)
#21 2.473 [INFO] Downloading from central: https://repo.maven.apache.org/maven2/org/jboss/weld/weld-parent/6/weld-parent-6.pom
#21 2.493 [INFO] Downloaded from central: https://repo.maven.apache.org/maven2/org/jboss/weld/weld-parent/6/weld-parent-6.pom (21 kB at 1.0 MB/s)
#21 2.497 [INFO] Downloading from central: https://repo.maven.apache.org/maven2/javax/annotation/jsr250-api/1.0/jsr250-api-1.0.pom
#21 2.515 [INFO] Downloaded from central: https://repo.maven.apache.org/maven2/javax/annotation/jsr250-api/1.0/jsr250-api-1.0.pom (1.0 kB at 60 kB/s)
#21 2.518 [INFO] Downloading from central: https://repo.maven.apache.org/maven2/javax/inject/javax.inject/1/javax.inject-1.pom
#21 2.535 [INFO] Downloaded from central: https://repo.maven.apache.org/maven2/javax/inject/javax.inject/1/javax.inject-1.pom (612 B at 36 kB/s)
#21 2.537 [INFO] Downloading from central: https://repo.maven.apache.org/maven2/org/eclipse/sisu/org.eclipse.sisu.inject/0.3.0.M1/org.eclipse.sisu.inject-0.3.0.M1.pom
#21 2.557 [INFO] Downloaded from central: https://repo.maven.apache.org/maven2/org/eclipse/sisu/org.eclipse.sisu.inject/0.3.0.M1/org.eclipse.sisu.inject-0.3.0.M1.pom (2.5 kB at 121 kB/s)
#21 2.559 [INFO] Downloading from central: https://repo.maven.apache.org/maven2/org/eclipse/sisu/sisu-inject/0.3.0.M1/sisu-inject-0.3.0.M1.pom
#21 2.584 [INFO] Downloaded from central: https://repo.maven.apache.org/maven2/org/eclipse/sisu/sisu-inject/0.3.0.M1/sisu-inject-0.3.0.M1.pom (14 kB at 596 kB/s)
#21 2.587 [INFO] Downloading from central: https://repo.maven.apache.org/maven2/org/codehaus/plexus/plexus-classworlds/2.5.1/plexus-classworlds-2.5.1.pom
#21 2.607 [INFO] Downloaded from central: https://repo.maven.apache.org/maven2/org/codehaus/plexus/plexus-classworlds/2.5.1/plexus-classworlds-2.5.1.pom (5.0 kB at 250 kB/s)
#21 2.609 [INFO] Downloading from central: https://repo.maven.apache.org/maven2/org/codehaus/plexus/plexus/3.3.1/plexus-3.3.1.pom
#21 2.628 [INFO] Downloaded from central: https://repo.maven.apache.org/maven2/org/codehaus/plexus/plexus/3.3.1/plexus-3.3.1.pom (20 kB at 1.1 MB/s)
#21 2.632 [INFO] Downloading from central: https://repo.maven.apache.org/maven2/org/apache/maven/maven-model-builder/3.1.0/maven-model-builder-3.1.0.pom
#21 2.654 [INFO] Downloaded from central: https://repo.maven.apache.org/maven2/org/apache/maven/maven-model-builder/3.1.0/maven-model-builder-3.1.0.pom (2.5 kB at 112 kB/s)
#21 2.667 [INFO] Downloading from central: https://repo.maven.apache.org/maven2/org/apache/maven/maven-aether-provider/3.1.0/maven-aether-provider-3.1.0.pom
#21 2.686 [INFO] Downloaded from central: https://repo.maven.apache.org/maven2/org/apache/maven/maven-aether-provider/3.1.0/maven-aether-provider-3.1.0.pom (3.5 kB at 186 kB/s)
#21 2.689 [INFO] Downloading from central: https://repo.maven.apache.org/maven2/org/eclipse/aether/aether-api/0.9.0.M2/aether-api-0.9.0.M2.pom
#21 2.711 [INFO] Downloaded from central: https://repo.maven.apache.org/maven2/org/eclipse/aether/aether-api/0.9.0.M2/aether-api-0.9.0.M2.pom (1.7 kB at 76 kB/s)
#21 2.713 [INFO] Downloading from central: https://repo.maven.apache.org/maven2/org/eclipse/aether/aether/0.9.0.M2/aether-0.9.0.M2.pom
#21 2.810 [INFO] Downloaded from central: https://repo.maven.apache.org/maven2/org/eclipse/aether/aether/0.9.0.M2/aether-0.9.0.M2.pom (28 kB at 287 kB/s)
#21 2.816 [INFO] Downloading from central: https://repo.maven.apache.org/maven2/org/eclipse/aether/aether-spi/0.9.0.M2/aether-spi-0.9.0.M2.pom
#21 2.838 [INFO] Downloaded from central: https://repo.maven.apache.org/maven2/org/eclipse/aether/aether-spi/0.9.0.M2/aether-spi-0.9.0.M2.pom (1.8 kB at 80 kB/s)
#21 2.842 [INFO] Downloading from central: https://repo.maven.apache.org/maven2/org/eclipse/aether/aether-util/0.9.0.M2/aether-util-0.9.0.M2.pom
#21 2.863 [INFO] Downloaded from central: https://repo.maven.apache.org/maven2/org/eclipse/aether/aether-util/0.9.0.M2/aether-util-0.9.0.M2.pom (2.0 kB at 97 kB/s)
#21 2.866 [INFO] Downloading from central: https://repo.maven.apache.org/maven2/org/eclipse/aether/aether-impl/0.9.0.M2/aether-impl-0.9.0.M2.pom
#21 2.887 [INFO] Downloaded from central: https://repo.maven.apache.org/maven2/org/eclipse/aether/aether-impl/0.9.0.M2/aether-impl-0.9.0.M2.pom (3.3 kB at 167 kB/s)
#21 2.891 [INFO] Downloading from central: https://repo.maven.apache.org/maven2/org/codehaus/plexus/plexus-classworlds/2.4.2/plexus-classworlds-2.4.2.pom
#21 2.910 [INFO] Downloaded from central: https://repo.maven.apache.org/maven2/org/codehaus/plexus/plexus-classworlds/2.4.2/plexus-classworlds-2.4.2.pom (3.5 kB at 185 kB/s)
#21 2.911 [INFO] Downloading from central: https://repo.maven.apache.org/maven2/org/codehaus/plexus/plexus/3.0.1/plexus-3.0.1.pom
#21 2.930 [INFO] Downloaded from central: https://repo.maven.apache.org/maven2/org/codehaus/plexus/plexus/3.0.1/plexus-3.0.1.pom (19 kB at 980 kB/s)
#21 2.934 [INFO] Downloading from central: https://repo.maven.apache.org/maven2/org/apache/maven/shared/maven-shared-utils/3.3.4/maven-shared-utils-3.3.4.pom
#21 2.953 [INFO] Downloaded from central: https://repo.maven.apache.org/maven2/org/apache/maven/shared/maven-shared-utils/3.3.4/maven-shared-utils-3.3.4.pom (5.8 kB at 292 kB/s)
#21 2.956 [INFO] Downloading from central: https://repo.maven.apache.org/maven2/commons-io/commons-io/2.6/commons-io-2.6.pom
#21 2.979 [INFO] Downloaded from central: https://repo.maven.apache.org/maven2/commons-io/commons-io/2.6/commons-io-2.6.pom (14 kB at 620 kB/s)
#21 2.980 [INFO] Downloading from central: https://repo.maven.apache.org/maven2/org/apache/commons/commons-parent/42/commons-parent-42.pom
#21 3.005 [INFO] Downloaded from central: https://repo.maven.apache.org/maven2/org/apache/commons/commons-parent/42/commons-parent-42.pom (68 kB at 2.8 MB/s)
#21 3.009 [INFO] Downloading from central: https://repo.maven.apache.org/maven2/org/apache/apache/18/apache-18.pom
#21 3.030 [INFO] Downloaded from central: https://repo.maven.apache.org/maven2/org/apache/apache/18/apache-18.pom (16 kB at 783 kB/s)
#21 3.033 [INFO] Downloading from central: https://repo.maven.apache.org/maven2/org/apache/maven/doxia/doxia-decoration-model/1.11.1/doxia-decoration-model-1.11.1.pom
#21 3.054 [INFO] Downloaded from central: https://repo.maven.apache.org/maven2/org/apache/maven/doxia/doxia-decoration-model/1.11.1/doxia-decoration-model-1.11.1.pom (3.4 kB at 162 kB/s)
#21 3.055 [INFO] Downloading from central: https://repo.maven.apache.org/maven2/org/apache/maven/doxia/doxia-sitetools/1.11.1/doxia-sitetools-1.11.1.pom
#21 3.075 [INFO] Downloaded from central: https://repo.maven.apache.org/maven2/org/apache/maven/doxia/doxia-sitetools/1.11.1/doxia-sitetools-1.11.1.pom (14 kB at 680 kB/s)
#21 3.079 [INFO] Downloading from central: https://repo.maven.apache.org/maven2/org/codehaus/plexus/plexus-component-annotations/2.0.0/plexus-component-annotations-2.0.0.pom
#21 3.155 [INFO] Downloaded from central: https://repo.maven.apache.org/maven2/org/codehaus/plexus/plexus-component-annotations/2.0.0/plexus-component-annotations-2.0.0.pom (750 B at 9.9 kB/s)
#21 3.158 [INFO] Downloading from central: https://repo.maven.apache.org/maven2/org/codehaus/plexus/plexus-containers/2.0.0/plexus-containers-2.0.0.pom
#21 3.188 [INFO] Downloaded from central: https://repo.maven.apache.org/maven2/org/codehaus/plexus/plexus-containers/2.0.0/plexus-containers-2.0.0.pom (4.8 kB at 160 kB/s)
#21 3.191 [INFO] Downloading from central: https://repo.maven.apache.org/maven2/org/codehaus/plexus/plexus/5.1/plexus-5.1.pom
#21 3.213 [INFO] Downloaded from central: https://repo.maven.apache.org/maven2/org/codehaus/plexus/plexus/5.1/plexus-5.1.pom (23 kB at 1.0 MB/s)
#21 3.218 [INFO] Downloading from central: https://repo.maven.apache.org/maven2/org/apache/maven/doxia/doxia-core/1.11.1/doxia-core-1.11.1.pom
#21 3.239 [INFO] Downloaded from central: https://repo.maven.apache.org/maven2/org/apache/maven/doxia/doxia-core/1.11.1/doxia-core-1.11.1.pom (4.5 kB at 216 kB/s)
#21 3.242 [INFO] Downloading from central: https://repo.maven.apache.org/maven2/org/codehaus/plexus/plexus-component-annotations/2.1.0/plexus-component-annotations-2.1.0.pom
#21 3.348 [INFO] Downloaded from central: https://repo.maven.apache.org/maven2/org/codehaus/plexus/plexus-component-annotations/2.1.0/plexus-component-annotations-2.1.0.pom (750 B at 7.1 kB/s)
#21 3.352 [INFO] Downloading from central: https://repo.maven.apache.org/maven2/org/codehaus/plexus/plexus-containers/2.1.0/plexus-containers-2.1.0.pom
#21 3.370 [INFO] Downloaded from central: https://repo.maven.apache.org/maven2/org/codehaus/plexus/plexus-containers/2.1.0/plexus-containers-2.1.0.pom (4.8 kB at 267 kB/s)
#21 3.373 [INFO] Downloading from central: https://repo.maven.apache.org/maven2/org/apache/commons/commons-lang3/3.8.1/commons-lang3-3.8.1.pom
#21 3.402 [INFO] Downloaded from central: https://repo.maven.apache.org/maven2/org/apache/commons/commons-lang3/3.8.1/commons-lang3-3.8.1.pom (28 kB at 996 kB/s)
#21 3.405 [INFO] Downloading from central: https://repo.maven.apache.org/maven2/org/apache/commons/commons-parent/47/commons-parent-47.pom
#21 3.433 [INFO] Downloaded from central: https://repo.maven.apache.org/maven2/org/apache/commons/commons-parent/47/commons-parent-47.pom (78 kB at 2.8 MB/s)
#21 3.437 [INFO] Downloading from central: https://repo.maven.apache.org/maven2/org/apache/apache/19/apache-19.pom
#21 3.459 [INFO] Downloaded from central: https://repo.maven.apache.org/maven2/org/apache/apache/19/apache-19.pom (15 kB at 738 kB/s)
#21 3.462 [INFO] Downloading from central: https://repo.maven.apache.org/maven2/org/apache/commons/commons-text/1.10.0/commons-text-1.10.0.pom
#21 3.491 [INFO] Downloaded from central: https://repo.maven.apache.org/maven2/org/apache/commons/commons-text/1.10.0/commons-text-1.10.0.pom (21 kB at 694 kB/s)
#21 3.494 [INFO] Downloading from central: https://repo.maven.apache.org/maven2/org/apache/commons/commons-parent/54/commons-parent-54.pom
#21 3.520 [INFO] Downloaded from central: https://repo.maven.apache.org/maven2/org/apache/commons/commons-parent/54/commons-parent-54.pom (82 kB at 3.1 MB/s)
#21 3.522 [INFO] Downloading from central: https://repo.maven.apache.org/maven2/org/apache/apache/27/apache-27.pom
#21 3.551 [INFO] Downloaded from central: https://repo.maven.apache.org/maven2/org/apache/apache/27/apache-27.pom (20 kB at 727 kB/s)
#21 3.554 [INFO] Downloading from central: https://repo.maven.apache.org/maven2/org/junit/junit-bom/5.9.1/junit-bom-5.9.1.pom
#21 3.570 [INFO] Downloaded from central: https://repo.maven.apache.org/maven2/org/junit/junit-bom/5.9.1/junit-bom-5.9.1.pom (5.6 kB at 331 kB/s)
#21 3.572 [INFO] Downloading from central: https://repo.maven.apache.org/maven2/org/apache/commons/commons-lang3/3.12.0/commons-lang3-3.12.0.pom
#21 3.599 [INFO] Downloaded from central: https://repo.maven.apache.org/maven2/org/apache/commons/commons-lang3/3.12.0/commons-lang3-3.12.0.pom (31 kB at 1.1 MB/s)
#21 3.601 [INFO] Downloading from central: https://repo.maven.apache.org/maven2/org/apache/commons/commons-parent/52/commons-parent-52.pom
#21 3.623 [INFO] Downloaded from central: https://repo.maven.apache.org/maven2/org/apache/commons/commons-parent/52/commons-parent-52.pom (79 kB at 3.4 MB/s)
#21 3.627 [INFO] Downloading from central: https://repo.maven.apache.org/maven2/org/junit/junit-bom/5.7.1/junit-bom-5.7.1.pom
#21 3.649 [INFO] Downloaded from central: https://repo.maven.apache.org/maven2/org/junit/junit-bom/5.7.1/junit-bom-5.7.1.pom (5.1 kB at 232 kB/s)
#21 3.650 [INFO] Downloading from central: https://repo.maven.apache.org/maven2/org/apache/httpcomponents/httpclient/4.5.13/httpclient-4.5.13.pom
#21 3.666 [INFO] Downloaded from central: https://repo.maven.apache.org/maven2/org/apache/httpcomponents/httpclient/4.5.13/httpclient-4.5.13.pom (6.6 kB at 389 kB/s)
#21 3.668 [INFO] Downloading from central: https://repo.maven.apache.org/maven2/org/apache/httpcomponents/httpcomponents-client/4.5.13/httpcomponents-client-4.5.13.pom
#21 3.685 [INFO] Downloaded from central: https://repo.maven.apache.org/maven2/org/apache/httpcomponents/httpcomponents-client/4.5.13/httpcomponents-client-4.5.13.pom (16 kB at 964 kB/s)
#21 3.686 [INFO] Downloading from central: https://repo.maven.apache.org/maven2/org/apache/httpcomponents/httpcomponents-parent/11/httpcomponents-parent-11.pom
#21 3.705 [INFO] Downloaded from central: https://repo.maven.apache.org/maven2/org/apache/httpcomponents/httpcomponents-parent/11/httpcomponents-parent-11.pom (35 kB at 1.7 MB/s)
#21 3.707 [INFO] Downloading from central: https://repo.maven.apache.org/maven2/org/apache/apache/21/apache-21.pom
#21 3.723 [INFO] Downloaded from central: https://repo.maven.apache.org/maven2/org/apache/apache/21/apache-21.pom (17 kB at 1.1 MB/s)
#21 3.727 [INFO] Downloading from central: https://repo.maven.apache.org/maven2/org/apache/httpcomponents/httpcore/4.4.13/httpcore-4.4.13.pom
#21 3.744 [INFO] Downloaded from central: https://repo.maven.apache.org/maven2/org/apache/httpcomponents/httpcore/4.4.13/httpcore-4.4.13.pom (5.0 kB at 292 kB/s)
#21 3.745 [INFO] Downloading from central: https://repo.maven.apache.org/maven2/org/apache/httpcomponents/httpcomponents-core/4.4.13/httpcomponents-core-4.4.13.pom
#21 3.762 [INFO] Downloaded from central: https://repo.maven.apache.org/maven2/org/apache/httpcomponents/httpcomponents-core/4.4.13/httpcomponents-core-4.4.13.pom (13 kB at 775 kB/s)
#21 3.763 [INFO] Downloading from central: https://repo.maven.apache.org/maven2/commons-logging/commons-logging/1.2/commons-logging-1.2.pom
#21 3.872 [INFO] Downloaded from central: https://repo.maven.apache.org/maven2/commons-logging/commons-logging/1.2/commons-logging-1.2.pom (19 kB at 178 kB/s)
#21 3.874 [INFO] Downloading from central: https://repo.maven.apache.org/maven2/org/apache/commons/commons-parent/34/commons-parent-34.pom
#21 3.894 [INFO] Downloaded from central: https://repo.maven.apache.org/maven2/org/apache/commons/commons-parent/34/commons-parent-34.pom (56 kB at 2.7 MB/s)
#21 3.899 [INFO] Downloading from central: https://repo.maven.apache.org/maven2/commons-codec/commons-codec/1.11/commons-codec-1.11.pom
#21 3.919 [INFO] Downloaded from central: https://repo.maven.apache.org/maven2/commons-codec/commons-codec/1.11/commons-codec-1.11.pom (14 kB at 698 kB/s)
#21 3.922 [INFO] Downloading from central: https://repo.maven.apache.org/maven2/org/apache/httpcomponents/httpcore/4.4.14/httpcore-4.4.14.pom
#21 3.939 [INFO] Downloaded from central: https://repo.maven.apache.org/maven2/org/apache/httpcomponents/httpcore/4.4.14/httpcore-4.4.14.pom (5.0 kB at 310 kB/s)
#21 3.940 [INFO] Downloading from central: https://repo.maven.apache.org/maven2/org/apache/httpcomponents/httpcomponents-core/4.4.14/httpcomponents-core-4.4.14.pom
#21 3.957 [INFO] Downloaded from central: https://repo.maven.apache.org/maven2/org/apache/httpcomponents/httpcomponents-core/4.4.14/httpcomponents-core-4.4.14.pom (13 kB at 774 kB/s)
#21 3.960 [INFO] Downloading from central: https://repo.maven.apache.org/maven2/org/apache/maven/doxia/doxia-integration-tools/1.11.1/doxia-integration-tools-1.11.1.pom
#21 3.978 [INFO] Downloaded from central: https://repo.maven.apache.org/maven2/org/apache/maven/doxia/doxia-integration-tools/1.11.1/doxia-integration-tools-1.11.1.pom (6.0 kB at 318 kB/s)
#21 3.981 [INFO] Downloading from central: https://repo.maven.apache.org/maven2/org/apache/maven/reporting/maven-reporting-api/3.0/maven-reporting-api-3.0.pom
#21 3.998 [INFO] Downloaded from central: https://repo.maven.apache.org/maven2/org/apache/maven/reporting/maven-reporting-api/3.0/maven-reporting-api-3.0.pom (2.4 kB at 132 kB/s)
#21 4.000 [INFO] Downloading from central: https://repo.maven.apache.org/maven2/org/apache/maven/shared/maven-shared-components/15/maven-shared-components-15.pom
#21 4.021 [INFO] Downloaded from central: https://repo.maven.apache.org/maven2/org/apache/maven/shared/maven-shared-components/15/maven-shared-components-15.pom (9.3 kB at 445 kB/s)
#21 4.023 [INFO] Downloading from central: https://repo.maven.apache.org/maven2/org/apache/maven/maven-parent/16/maven-parent-16.pom
#21 4.044 [INFO] Downloaded from central: https://repo.maven.apache.org/maven2/org/apache/maven/maven-parent/16/maven-parent-16.pom (23 kB at 1.1 MB/s)
#21 4.046 [INFO] Downloading from central: https://repo.maven.apache.org/maven2/org/apache/apache/7/apache-7.pom
#21 4.069 [INFO] Downloaded from central: https://repo.maven.apache.org/maven2/org/apache/apache/7/apache-7.pom (14 kB at 601 kB/s)
#21 4.072 [INFO] Downloading from central: https://repo.maven.apache.org/maven2/org/apache/maven/doxia/doxia-sink-api/1.0/doxia-sink-api-1.0.pom
#21 4.091 [INFO] Downloaded from central: https://repo.maven.apache.org/maven2/org/apache/maven/doxia/doxia-sink-api/1.0/doxia-sink-api-1.0.pom (1.4 kB at 77 kB/s)
#21 4.092 [INFO] Downloading from central: https://repo.maven.apache.org/maven2/org/apache/maven/doxia/doxia/1.0/doxia-1.0.pom
#21 4.109 [INFO] Downloaded from central: https://repo.maven.apache.org/maven2/org/apache/maven/doxia/doxia/1.0/doxia-1.0.pom (9.6 kB at 603 kB/s)
#21 4.111 [INFO] Downloading from central: https://repo.maven.apache.org/maven2/org/apache/maven/maven-parent/10/maven-parent-10.pom
#21 4.131 [INFO] Downloaded from central: https://repo.maven.apache.org/maven2/org/apache/maven/maven-parent/10/maven-parent-10.pom (32 kB at 1.6 MB/s)
#21 4.133 [INFO] Downloading from central: https://repo.maven.apache.org/maven2/org/apache/apache/4/apache-4.pom
#21 4.153 [INFO] Downloaded from central: https://repo.maven.apache.org/maven2/org/apache/apache/4/apache-4.pom (4.5 kB at 225 kB/s)
#21 4.155 [INFO] Downloading from central: https://repo.maven.apache.org/maven2/org/apache/maven/maven-artifact/2.2.1/maven-artifact-2.2.1.pom
#21 4.172 [INFO] Downloaded from central: https://repo.maven.apache.org/maven2/org/apache/maven/maven-artifact/2.2.1/maven-artifact-2.2.1.pom (1.6 kB at 93 kB/s)
#21 4.173 [INFO] Downloading from central: https://repo.maven.apache.org/maven2/org/apache/maven/maven/2.2.1/maven-2.2.1.pom
#21 4.196 [INFO] Downloaded from central: https://repo.maven.apache.org/maven2/org/apache/maven/maven/2.2.1/maven-2.2.1.pom (22 kB at 974 kB/s)
#21 4.198 [INFO] Downloading from central: https://repo.maven.apache.org/maven2/org/apache/maven/maven-parent/11/maven-parent-11.pom
#21 4.221 [INFO] Downloaded from central: https://repo.maven.apache.org/maven2/org/apache/maven/maven-parent/11/maven-parent-11.pom (32 kB at 1.5 MB/s)
#21 4.223 [INFO] Downloading from central: https://repo.maven.apache.org/maven2/org/apache/apache/5/apache-5.pom
#21 4.241 [INFO] Downloaded from central: https://repo.maven.apache.org/maven2/org/apache/apache/5/apache-5.pom (4.1 kB at 228 kB/s)
#21 4.244 [INFO] Downloading from central: https://repo.maven.apache.org/maven2/org/apache/maven/maven-model/2.2.1/maven-model-2.2.1.pom
#21 4.261 [INFO] Downloaded from central: https://repo.maven.apache.org/maven2/org/apache/maven/maven-model/2.2.1/maven-model-2.2.1.pom (3.2 kB at 191 kB/s)
#21 4.263 [INFO] Downloading from central: https://repo.maven.apache.org/maven2/org/apache/maven/maven-plugin-api/2.2.1/maven-plugin-api-2.2.1.pom
#21 4.281 [INFO] Downloaded from central: https://repo.maven.apache.org/maven2/org/apache/maven/maven-plugin-api/2.2.1/maven-plugin-api-2.2.1.pom (1.5 kB at 77 kB/s)
#21 4.283 [INFO] Downloading from central: https://repo.maven.apache.org/maven2/org/codehaus/plexus/plexus-i18n/1.0-beta-10/plexus-i18n-1.0-beta-10.pom
#21 4.379 [INFO] Downloaded from central: https://repo.maven.apache.org/maven2/org/codehaus/plexus/plexus-i18n/1.0-beta-10/plexus-i18n-1.0-beta-10.pom (2.1 kB at 22 kB/s)
#21 4.380 [INFO] Downloading from central: https://repo.maven.apache.org/maven2/org/codehaus/plexus/plexus-components/1.1.12/plexus-components-1.1.12.pom
#21 4.398 [INFO] Downloaded from central: https://repo.maven.apache.org/maven2/org/codehaus/plexus/plexus-components/1.1.12/plexus-components-1.1.12.pom (3.0 kB at 177 kB/s)
#21 4.399 [INFO] Downloading from central: https://repo.maven.apache.org/maven2/org/codehaus/plexus/plexus/1.0.10/plexus-1.0.10.pom
#21 4.416 [INFO] Downloaded from central: https://repo.maven.apache.org/maven2/org/codehaus/plexus/plexus/1.0.10/plexus-1.0.10.pom (8.2 kB at 458 kB/s)
#21 4.420 [INFO] Downloading from central: https://repo.maven.apache.org/maven2/org/codehaus/plexus/plexus-interpolation/1.26/plexus-interpolation-1.26.pom
#21 4.438 [INFO] Downloaded from central: https://repo.maven.apache.org/maven2/org/codehaus/plexus/plexus-interpolation/1.26/plexus-interpolation-1.26.pom (2.7 kB at 148 kB/s)
#21 4.440 [INFO] Downloading from central: https://repo.maven.apache.org/maven2/org/apache/maven/doxia/doxia-site-renderer/1.11.1/doxia-site-renderer-1.11.1.pom
#21 4.466 [INFO] Downloaded from central: https://repo.maven.apache.org/maven2/org/apache/maven/doxia/doxia-site-renderer/1.11.1/doxia-site-renderer-1.11.1.pom (7.7 kB at 308 kB/s)
#21 4.468 [INFO] Downloading from central: https://repo.maven.apache.org/maven2/org/apache/maven/maven-artifact/3.0/maven-artifact-3.0.pom
#21 4.486 [INFO] Downloaded from central: https://repo.maven.apache.org/maven2/org/apache/maven/maven-artifact/3.0/maven-artifact-3.0.pom (1.9 kB at 107 kB/s)
#21 4.487 [INFO] Downloading from central: https://repo.maven.apache.org/maven2/org/apache/maven/maven/3.0/maven-3.0.pom
#21 4.507 [INFO] Downloaded from central: https://repo.maven.apache.org/maven2/org/apache/maven/maven/3.0/maven-3.0.pom (22 kB at 1.0 MB/s)
#21 4.509 [INFO] Downloading from central: https://repo.maven.apache.org/maven2/org/apache/maven/maven-parent/15/maven-parent-15.pom
#21 4.527 [INFO] Downloaded from central: https://repo.maven.apache.org/maven2/org/apache/maven/maven-parent/15/maven-parent-15.pom (24 kB at 1.3 MB/s)
#21 4.528 [INFO] Downloading from central: https://repo.maven.apache.org/maven2/org/apache/apache/6/apache-6.pom
#21 4.548 [INFO] Downloaded from central: https://repo.maven.apache.org/maven2/org/apache/apache/6/apache-6.pom (13 kB at 640 kB/s)
#21 4.551 [INFO] Downloading from central: https://repo.maven.apache.org/maven2/org/apache/maven/doxia/doxia-skin-model/1.11.1/doxia-skin-model-1.11.1.pom
#21 4.567 [INFO] Downloaded from central: https://repo.maven.apache.org/maven2/org/apache/maven/doxia/doxia-skin-model/1.11.1/doxia-skin-model-1.11.1.pom (3.0 kB at 190 kB/s)
#21 4.571 [INFO] Downloading from central: https://repo.maven.apache.org/maven2/org/apache/maven/doxia/doxia-module-xhtml/1.11.1/doxia-module-xhtml-1.11.1.pom
#21 4.592 [INFO] Downloaded from central: https://repo.maven.apache.org/maven2/org/apache/maven/doxia/doxia-module-xhtml/1.11.1/doxia-module-xhtml-1.11.1.pom (2.0 kB at 94 kB/s)
#21 4.593 [INFO] Downloading from central: https://repo.maven.apache.org/maven2/org/apache/maven/doxia/doxia-modules/1.11.1/doxia-modules-1.11.1.pom
#21 4.616 [INFO] Downloaded from central: https://repo.maven.apache.org/maven2/org/apache/maven/doxia/doxia-modules/1.11.1/doxia-modules-1.11.1.pom (2.7 kB at 114 kB/s)
#21 4.618 [INFO] Downloading from central: https://repo.maven.apache.org/maven2/org/apache/maven/doxia/doxia-module-xhtml5/1.11.1/doxia-module-xhtml5-1.11.1.pom
#21 4.636 [INFO] Downloaded from central: https://repo.maven.apache.org/maven2/org/apache/maven/doxia/doxia-module-xhtml5/1.11.1/doxia-module-xhtml5-1.11.1.pom (2.0 kB at 104 kB/s)
#21 4.638 [INFO] Downloading from central: https://repo.maven.apache.org/maven2/org/codehaus/plexus/plexus-velocity/1.2/plexus-velocity-1.2.pom
#21 4.658 [INFO] Downloaded from central: https://repo.maven.apache.org/maven2/org/codehaus/plexus/plexus-velocity/1.2/plexus-velocity-1.2.pom (2.8 kB at 148 kB/s)
#21 4.659 [INFO] Downloading from central: https://repo.maven.apache.org/maven2/org/codehaus/plexus/plexus-components/4.0/plexus-components-4.0.pom
#21 4.679 [INFO] Downloaded from central: https://repo.maven.apache.org/maven2/org/codehaus/plexus/plexus-components/4.0/plexus-components-4.0.pom (2.7 kB at 127 kB/s)
#21 4.680 [INFO] Downloading from central: https://repo.maven.apache.org/maven2/org/codehaus/plexus/plexus/4.0/plexus-4.0.pom
#21 4.698 [INFO] Downloaded from central: https://repo.maven.apache.org/maven2/org/codehaus/plexus/plexus/4.0/plexus-4.0.pom (22 kB at 1.3 MB/s)
#21 4.700 [INFO] Downloading from central: https://repo.maven.apache.org/maven2/commons-collections/commons-collections/3.1/commons-collections-3.1.pom
#21 4.719 [INFO] Downloaded from central: https://repo.maven.apache.org/maven2/commons-collections/commons-collections/3.1/commons-collections-3.1.pom (6.1 kB at 320 kB/s)
#21 4.724 [INFO] Downloading from central: https://repo.maven.apache.org/maven2/org/apache/velocity/velocity/1.7/velocity-1.7.pom
#21 4.745 [INFO] Downloaded from central: https://repo.maven.apache.org/maven2/org/apache/velocity/velocity/1.7/velocity-1.7.pom (11 kB at 517 kB/s)
#21 4.747 [INFO] Downloading from central: https://repo.maven.apache.org/maven2/commons-collections/commons-collections/3.2.1/commons-collections-3.2.1.pom
#21 4.770 [INFO] Downloaded from central: https://repo.maven.apache.org/maven2/commons-collections/commons-collections/3.2.1/commons-collections-3.2.1.pom (13 kB at 544 kB/s)
#21 4.771 [INFO] Downloading from central: https://repo.maven.apache.org/maven2/org/apache/commons/commons-parent/9/commons-parent-9.pom
#21 4.791 [INFO] Downloaded from central: https://repo.maven.apache.org/maven2/org/apache/commons/commons-parent/9/commons-parent-9.pom (22 kB at 1.2 MB/s)
#21 4.794 [INFO] Downloading from central: https://repo.maven.apache.org/maven2/commons-lang/commons-lang/2.4/commons-lang-2.4.pom
#21 4.906 [INFO] Downloaded from central: https://repo.maven.apache.org/maven2/commons-lang/commons-lang/2.4/commons-lang-2.4.pom (14 kB at 125 kB/s)
#21 4.913 [INFO] Downloading from central: https://repo.maven.apache.org/maven2/org/apache/velocity/velocity-tools/2.0/velocity-tools-2.0.pom
#21 4.937 [INFO] Downloaded from central: https://repo.maven.apache.org/maven2/org/apache/velocity/velocity-tools/2.0/velocity-tools-2.0.pom (18 kB at 758 kB/s)
#21 4.940 [INFO] Downloading from central: https://repo.maven.apache.org/maven2/commons-beanutils/commons-beanutils/1.7.0/commons-beanutils-1.7.0.pom
#21 4.959 [INFO] Downloaded from central: https://repo.maven.apache.org/maven2/commons-beanutils/commons-beanutils/1.7.0/commons-beanutils-1.7.0.pom (357 B at 19 kB/s)
#21 4.960 [INFO] Downloading from central: https://repo.maven.apache.org/maven2/commons-logging/commons-logging/1.0.3/commons-logging-1.0.3.pom
#21 4.978 [INFO] Downloaded from central: https://repo.maven.apache.org/maven2/commons-logging/commons-logging/1.0.3/commons-logging-1.0.3.pom (866 B at 48 kB/s)
#21 4.979 [INFO] Downloading from central: https://repo.maven.apache.org/maven2/commons-digester/commons-digester/1.8/commons-digester-1.8.pom
#21 5.000 [INFO] Downloaded from central: https://repo.maven.apache.org/maven2/commons-digester/commons-digester/1.8/commons-digester-1.8.pom (7.0 kB at 318 kB/s)
#21 5.003 [INFO] Downloading from central: https://repo.maven.apache.org/maven2/commons-logging/commons-logging/1.1/commons-logging-1.1.pom
#21 5.021 [INFO] Downloaded from central: https://repo.maven.apache.org/maven2/commons-logging/commons-logging/1.1/commons-logging-1.1.pom (6.2 kB at 343 kB/s)
#21 5.024 [INFO] Downloading from central: https://repo.maven.apache.org/maven2/log4j/log4j/1.2.12/log4j-1.2.12.pom
#21 5.042 [INFO] Downloaded from central: https://repo.maven.apache.org/maven2/log4j/log4j/1.2.12/log4j-1.2.12.pom (145 B at 8.1 kB/s)
#21 5.043 [INFO] Downloading from central: https://repo.maven.apache.org/maven2/logkit/logkit/1.0.1/logkit-1.0.1.pom
#21 5.064 [INFO] Downloaded from central: https://repo.maven.apache.org/maven2/logkit/logkit/1.0.1/logkit-1.0.1.pom (147 B at 7.0 kB/s)
#21 5.066 [INFO] Downloading from central: https://repo.maven.apache.org/maven2/avalon-framework/avalon-framework/4.1.3/avalon-framework-4.1.3.pom
#21 5.084 [INFO] Downloaded from central: https://repo.maven.apache.org/maven2/avalon-framework/avalon-framework/4.1.3/avalon-framework-4.1.3.pom (167 B at 9.3 kB/s)
#21 5.085 [INFO] Downloading from central: https://repo.maven.apache.org/maven2/commons-chain/commons-chain/1.1/commons-chain-1.1.pom
#21 5.104 [INFO] Downloaded from central: https://repo.maven.apache.org/maven2/commons-chain/commons-chain/1.1/commons-chain-1.1.pom (6.0 kB at 316 kB/s)
#21 5.105 [INFO] Downloading from central: https://repo.maven.apache.org/maven2/commons-digester/commons-digester/1.6/commons-digester-1.6.pom
#21 5.121 [INFO] Downloaded from central: https://repo.maven.apache.org/maven2/commons-digester/commons-digester/1.6/commons-digester-1.6.pom (974 B at 61 kB/s)
#21 5.122 [INFO] Downloading from central: https://repo.maven.apache.org/maven2/commons-beanutils/commons-beanutils/1.6/commons-beanutils-1.6.pom
#21 5.139 [INFO] Downloaded from central: https://repo.maven.apache.org/maven2/commons-beanutils/commons-beanutils/1.6/commons-beanutils-1.6.pom (2.3 kB at 136 kB/s)
#21 5.140 [INFO] Downloading from central: https://repo.maven.apache.org/maven2/commons-logging/commons-logging/1.0/commons-logging-1.0.pom
#21 5.158 [INFO] Downloaded from central: https://repo.maven.apache.org/maven2/commons-logging/commons-logging/1.0/commons-logging-1.0.pom (163 B at 8.6 kB/s)
#21 5.159 [INFO] Downloading from central: https://repo.maven.apache.org/maven2/commons-collections/commons-collections/2.0/commons-collections-2.0.pom
#21 5.176 [INFO] Downloaded from central: https://repo.maven.apache.org/maven2/commons-collections/commons-collections/2.0/commons-collections-2.0.pom (171 B at 10 kB/s)
#21 5.177 [INFO] Downloading from central: https://repo.maven.apache.org/maven2/commons-collections/commons-collections/2.1/commons-collections-2.1.pom
#21 5.196 [INFO] Downloaded from central: https://repo.maven.apache.org/maven2/commons-collections/commons-collections/2.1/commons-collections-2.1.pom (3.3 kB at 185 kB/s)
#21 5.197 [INFO] Downloading from central: https://repo.maven.apache.org/maven2/xml-apis/xml-apis/1.0.b2/xml-apis-1.0.b2.pom
#21 5.219 [INFO] Downloaded from central: https://repo.maven.apache.org/maven2/xml-apis/xml-apis/1.0.b2/xml-apis-1.0.b2.pom (2.2 kB at 102 kB/s)
#21 5.220 [INFO] Downloading from central: https://repo.maven.apache.org/maven2/commons-collections/commons-collections/3.2/commons-collections-3.2.pom
#21 5.240 [INFO] Downloaded from central: https://repo.maven.apache.org/maven2/commons-collections/commons-collections/3.2/commons-collections-3.2.pom (11 kB at 552 kB/s)
#21 5.242 [INFO] Downloading from central: https://repo.maven.apache.org/maven2/dom4j/dom4j/1.1/dom4j-1.1.pom
#21 5.260 [INFO] Downloaded from central: https://repo.maven.apache.org/maven2/dom4j/dom4j/1.1/dom4j-1.1.pom (142 B at 7.9 kB/s)
#21 5.261 [INFO] Downloading from central: https://repo.maven.apache.org/maven2/oro/oro/2.0.8/oro-2.0.8.pom
#21 5.279 [INFO] Downloaded from central: https://repo.maven.apache.org/maven2/oro/oro/2.0.8/oro-2.0.8.pom (140 B at 7.8 kB/s)
#21 5.280 [INFO] Downloading from central: https://repo.maven.apache.org/maven2/org/apache/velocity/velocity/1.6.2/velocity-1.6.2.pom
#21 5.297 [INFO] Downloaded from central: https://repo.maven.apache.org/maven2/org/apache/velocity/velocity/1.6.2/velocity-1.6.2.pom (11 kB at 625 kB/s)
#21 5.298 [INFO] Downloading from central: https://repo.maven.apache.org/maven2/commons-collections/commons-collections/3.2.2/commons-collections-3.2.2.pom
#21 5.318 [INFO] Downloaded from central: https://repo.maven.apache.org/maven2/commons-collections/commons-collections/3.2.2/commons-collections-3.2.2.pom (12 kB at 653 kB/s)
#21 5.319 [INFO] Downloading from central: https://repo.maven.apache.org/maven2/org/apache/commons/commons-parent/39/commons-parent-39.pom
#21 5.432 [INFO] Downloaded from central: https://repo.maven.apache.org/maven2/org/apache/commons/commons-parent/39/commons-parent-39.pom (62 kB at 548 kB/s)
#21 5.437 [INFO] Downloading from central: https://repo.maven.apache.org/maven2/org/apache/apache/16/apache-16.pom
#21 5.458 [INFO] Downloaded from central: https://repo.maven.apache.org/maven2/org/apache/apache/16/apache-16.pom (15 kB at 700 kB/s)
#21 5.463 [INFO] Downloading from central: https://repo.maven.apache.org/maven2/org/codehaus/plexus/plexus-archiver/4.8.0/plexus-archiver-4.8.0.pom
#21 5.490 [INFO] Downloaded from central: https://repo.maven.apache.org/maven2/org/codehaus/plexus/plexus-archiver/4.8.0/plexus-archiver-4.8.0.pom (6.1 kB at 226 kB/s)
#21 5.493 [INFO] Downloading from central: https://repo.maven.apache.org/maven2/org/codehaus/plexus/plexus/14/plexus-14.pom
#21 5.515 [INFO] Downloaded from central: https://repo.maven.apache.org/maven2/org/codehaus/plexus/plexus/14/plexus-14.pom (28 kB at 1.3 MB/s)
#21 5.519 [INFO] Downloading from central: https://repo.maven.apache.org/maven2/org/codehaus/plexus/plexus-io/3.4.1/plexus-io-3.4.1.pom
#21 5.540 [INFO] Downloaded from central: https://repo.maven.apache.org/maven2/org/codehaus/plexus/plexus-io/3.4.1/plexus-io-3.4.1.pom (6.0 kB at 286 kB/s)
#21 5.544 [INFO] Downloading from central: https://repo.maven.apache.org/maven2/commons-io/commons-io/2.11.0/commons-io-2.11.0.pom
#21 5.565 [INFO] Downloaded from central: https://repo.maven.apache.org/maven2/commons-io/commons-io/2.11.0/commons-io-2.11.0.pom (20 kB at 939 kB/s)
#21 5.569 [INFO] Downloading from central: https://repo.maven.apache.org/maven2/org/junit/junit-bom/5.7.2/junit-bom-5.7.2.pom
#21 5.587 [INFO] Downloaded from central: https://repo.maven.apache.org/maven2/org/junit/junit-bom/5.7.2/junit-bom-5.7.2.pom (5.1 kB at 283 kB/s)
#21 5.589 [INFO] Downloading from central: https://repo.maven.apache.org/maven2/commons-io/commons-io/2.13.0/commons-io-2.13.0.pom
#21 5.609 [INFO] Downloaded from central: https://repo.maven.apache.org/maven2/commons-io/commons-io/2.13.0/commons-io-2.13.0.pom (20 kB at 968 kB/s)
#21 5.611 [INFO] Downloading from central: https://repo.maven.apache.org/maven2/org/apache/commons/commons-parent/58/commons-parent-58.pom
#21 5.636 [INFO] Downloaded from central: https://repo.maven.apache.org/maven2/org/apache/commons/commons-parent/58/commons-parent-58.pom (83 kB at 3.4 MB/s)
#21 5.641 [INFO] Downloading from central: https://repo.maven.apache.org/maven2/org/apache/commons/commons-compress/1.23.0/commons-compress-1.23.0.pom
#21 5.663 [INFO] Downloaded from central: https://repo.maven.apache.org/maven2/org/apache/commons/commons-compress/1.23.0/commons-compress-1.23.0.pom (22 kB at 1.0 MB/s)
#21 5.665 [INFO] Downloading from central: https://repo.maven.apache.org/maven2/org/apache/commons/commons-parent/56/commons-parent-56.pom
#21 5.692 [INFO] Downloaded from central: https://repo.maven.apache.org/maven2/org/apache/commons/commons-parent/56/commons-parent-56.pom (82 kB at 3.2 MB/s)
#21 5.695 [INFO] Downloading from central: https://repo.maven.apache.org/maven2/org/slf4j/slf4j-api/1.7.36/slf4j-api-1.7.36.pom
#21 5.714 [INFO] Downloaded from central: https://repo.maven.apache.org/maven2/org/slf4j/slf4j-api/1.7.36/slf4j-api-1.7.36.pom (2.7 kB at 144 kB/s)
#21 5.715 [INFO] Downloading from central: https://repo.maven.apache.org/maven2/org/slf4j/slf4j-parent/1.7.36/slf4j-parent-1.7.36.pom
#21 5.736 [INFO] Downloaded from central: https://repo.maven.apache.org/maven2/org/slf4j/slf4j-parent/1.7.36/slf4j-parent-1.7.36.pom (14 kB at 705 kB/s)
#21 5.737 [INFO] Downloading from central: https://repo.maven.apache.org/maven2/org/iq80/snappy/snappy/0.4/snappy-0.4.pom
#21 5.757 [INFO] Downloaded from central: https://repo.maven.apache.org/maven2/org/iq80/snappy/snappy/0.4/snappy-0.4.pom (15 kB at 727 kB/s)
#21 5.758 [INFO] Downloading from central: https://repo.maven.apache.org/maven2/org/tukaani/xz/1.9/xz-1.9.pom
#21 5.775 [INFO] Downloaded from central: https://repo.maven.apache.org/maven2/org/tukaani/xz/1.9/xz-1.9.pom (2.0 kB at 114 kB/s)
#21 5.777 [INFO] Downloading from central: https://repo.maven.apache.org/maven2/com/github/luben/zstd-jni/1.5.5-5/zstd-jni-1.5.5-5.pom
#21 5.952 [INFO] Downloaded from central: https://repo.maven.apache.org/maven2/com/github/luben/zstd-jni/1.5.5-5/zstd-jni-1.5.5-5.pom (1.9 kB at 11 kB/s)
#21 5.954 [INFO] Downloading from central: https://repo.maven.apache.org/maven2/org/codehaus/plexus/plexus-utils/3.5.1/plexus-utils-3.5.1.pom
#21 5.972 [INFO] Downloaded from central: https://repo.maven.apache.org/maven2/org/codehaus/plexus/plexus-utils/3.5.1/plexus-utils-3.5.1.pom (8.8 kB at 487 kB/s)
#21 5.974 [INFO] Downloading from central: https://repo.maven.apache.org/maven2/org/apache/maven/shared/maven-dependency-analyzer/1.13.2/maven-dependency-analyzer-1.13.2.pom
#21 5.996 [INFO] Downloaded from central: https://repo.maven.apache.org/maven2/org/apache/maven/shared/maven-dependency-analyzer/1.13.2/maven-dependency-analyzer-1.13.2.pom (6.4 kB at 292 kB/s)
#21 5.997 [INFO] Downloading from central: https://repo.maven.apache.org/maven2/org/apache/maven/shared/maven-shared-components/39/maven-shared-components-39.pom
#21 6.016 [INFO] Downloaded from central: https://repo.maven.apache.org/maven2/org/apache/maven/shared/maven-shared-components/39/maven-shared-components-39.pom (3.2 kB at 169 kB/s)
#21 6.018 [INFO] Downloading from central: https://repo.maven.apache.org/maven2/org/apache/maven/maven-core/3.2.5/maven-core-3.2.5.pom
#21 6.036 [INFO] Downloaded from central: https://repo.maven.apache.org/maven2/org/apache/maven/maven-core/3.2.5/maven-core-3.2.5.pom (8.1 kB at 448 kB/s)
#21 6.037 [INFO] Downloading from central: https://repo.maven.apache.org/maven2/org/apache/maven/maven/3.2.5/maven-3.2.5.pom
#21 6.057 [INFO] Downloaded from central: https://repo.maven.apache.org/maven2/org/apache/maven/maven/3.2.5/maven-3.2.5.pom (22 kB at 1.2 MB/s)
#21 6.059 [INFO] Downloading from central: https://repo.maven.apache.org/maven2/org/apache/maven/maven-parent/25/maven-parent-25.pom
#21 6.079 [INFO] Downloaded from central: https://repo.maven.apache.org/maven2/org/apache/maven/maven-parent/25/maven-parent-25.pom (37 kB at 1.9 MB/s)
#21 6.081 [INFO] Downloading from central: https://repo.maven.apache.org/maven2/org/apache/apache/15/apache-15.pom
#21 6.153 [INFO] Downloaded from central: https://repo.maven.apache.org/maven2/org/apache/apache/15/apache-15.pom (15 kB at 209 kB/s)
#21 6.159 [INFO] Downloading from central: https://repo.maven.apache.org/maven2/org/apache/maven/maven-model/3.2.5/maven-model-3.2.5.pom
#21 6.192 [INFO] Downloaded from central: https://repo.maven.apache.org/maven2/org/apache/maven/maven-model/3.2.5/maven-model-3.2.5.pom (4.2 kB at 133 kB/s)
#21 6.197 [INFO] Downloading from central: https://repo.maven.apache.org/maven2/org/apache/maven/maven-settings/3.2.5/maven-settings-3.2.5.pom
#21 6.216 [INFO] Downloaded from central: https://repo.maven.apache.org/maven2/org/apache/maven/maven-settings/3.2.5/maven-settings-3.2.5.pom (2.2 kB at 114 kB/s)
#21 6.222 [INFO] Downloading from central: https://repo.maven.apache.org/maven2/org/apache/maven/maven-settings-builder/3.2.5/maven-settings-builder-3.2.5.pom
#21 6.241 [INFO] Downloaded from central: https://repo.maven.apache.org/maven2/org/apache/maven/maven-settings-builder/3.2.5/maven-settings-builder-3.2.5.pom (2.6 kB at 137 kB/s)
#21 6.244 [INFO] Downloading from central: https://repo.maven.apache.org/maven2/org/codehaus/plexus/plexus-interpolation/1.21/plexus-interpolation-1.21.pom
#21 6.262 [INFO] Downloaded from central: https://repo.maven.apache.org/maven2/org/codehaus/plexus/plexus-interpolation/1.21/plexus-interpolation-1.21.pom (1.5 kB at 86 kB/s)
#21 6.263 [INFO] Downloading from central: https://repo.maven.apache.org/maven2/org/codehaus/plexus/plexus-components/1.3.1/plexus-components-1.3.1.pom
#21 6.284 [INFO] Downloaded from central: https://repo.maven.apache.org/maven2/org/codehaus/plexus/plexus-components/1.3.1/plexus-components-1.3.1.pom (3.1 kB at 153 kB/s)
#21 6.286 [INFO] Downloading from central: https://repo.maven.apache.org/maven2/org/apache/maven/maven-repository-metadata/3.2.5/maven-repository-metadata-3.2.5.pom
#21 6.303 [INFO] Downloaded from central: https://repo.maven.apache.org/maven2/org/apache/maven/maven-repository-metadata/3.2.5/maven-repository-metadata-3.2.5.pom (2.2 kB at 131 kB/s)
#21 6.305 [INFO] Downloading from central: https://repo.maven.apache.org/maven2/org/apache/maven/maven-artifact/3.2.5/maven-artifact-3.2.5.pom
#21 6.321 [INFO] Downloaded from central: https://repo.maven.apache.org/maven2/org/apache/maven/maven-artifact/3.2.5/maven-artifact-3.2.5.pom (2.3 kB at 157 kB/s)
#21 6.323 [INFO] Downloading from central: https://repo.maven.apache.org/maven2/org/apache/maven/maven-plugin-api/3.2.5/maven-plugin-api-3.2.5.pom
#21 6.370 [INFO] Downloaded from central: https://repo.maven.apache.org/maven2/org/apache/maven/maven-plugin-api/3.2.5/maven-plugin-api-3.2.5.pom (3.0 kB at 144 kB/s)
#21 6.370 [INFO] Downloading from central: https://repo.maven.apache.org/maven2/org/apache/maven/maven-model-builder/3.2.5/maven-model-builder-3.2.5.pom
#21 6.481 [INFO] Downloaded from central: https://repo.maven.apache.org/maven2/org/apache/maven/maven-model-builder/3.2.5/maven-model-builder-3.2.5.pom (3.0 kB at 26 kB/s)
#21 6.488 [INFO] Downloading from central: https://repo.maven.apache.org/maven2/org/apache/maven/maven-aether-provider/3.2.5/maven-aether-provider-3.2.5.pom
#21 6.507 [INFO] Downloaded from central: https://repo.maven.apache.org/maven2/org/apache/maven/maven-aether-provider/3.2.5/maven-aether-provider-3.2.5.pom (4.2 kB at 224 kB/s)
#21 6.515 [INFO] Downloading from central: https://repo.maven.apache.org/maven2/org/eclipse/aether/aether-spi/1.0.0.v20140518/aether-spi-1.0.0.v20140518.pom
#21 6.532 [INFO] Downloaded from central: https://repo.maven.apache.org/maven2/org/eclipse/aether/aether-spi/1.0.0.v20140518/aether-spi-1.0.0.v20140518.pom (2.1 kB at 114 kB/s)
#21 6.535 [INFO] Downloading from central: https://repo.maven.apache.org/maven2/org/eclipse/aether/aether-impl/1.0.0.v20140518/aether-impl-1.0.0.v20140518.pom
#21 6.560 [INFO] Downloaded from central: https://repo.maven.apache.org/maven2/org/eclipse/aether/aether-impl/1.0.0.v20140518/aether-impl-1.0.0.v20140518.pom (3.5 kB at 139 kB/s)
#21 6.561 [INFO] Downloading from central: https://repo.maven.apache.org/maven2/org/sonatype/sisu/sisu-guice/3.2.3/sisu-guice-3.2.3.pom
#21 6.580 [INFO] Downloaded from central: https://repo.maven.apache.org/maven2/org/sonatype/sisu/sisu-guice/3.2.3/sisu-guice-3.2.3.pom (11 kB at 576 kB/s)
#21 6.581 [INFO] Downloading from central: https://repo.maven.apache.org/maven2/org/sonatype/sisu/inject/guice-parent/3.2.3/guice-parent-3.2.3.pom
#21 6.603 [INFO] Downloaded from central: https://repo.maven.apache.org/maven2/org/sonatype/sisu/inject/guice-parent/3.2.3/guice-parent-3.2.3.pom (13 kB at 612 kB/s)
#21 6.604 [INFO] Downloading from central: https://repo.maven.apache.org/maven2/org/sonatype/forge/forge-parent/38/forge-parent-38.pom
#21 6.624 [INFO] Downloaded from central: https://repo.maven.apache.org/maven2/org/sonatype/forge/forge-parent/38/forge-parent-38.pom (19 kB at 937 kB/s)
#21 6.628 [INFO] Downloading from central: https://repo.maven.apache.org/maven2/aopalliance/aopalliance/1.0/aopalliance-1.0.pom
#21 6.648 [INFO] Downloaded from central: https://repo.maven.apache.org/maven2/aopalliance/aopalliance/1.0/aopalliance-1.0.pom (363 B at 18 kB/s)
#21 6.649 [INFO] Downloading from central: https://repo.maven.apache.org/maven2/com/google/guava/guava/16.0.1/guava-16.0.1.pom
#21 6.668 [INFO] Downloaded from central: https://repo.maven.apache.org/maven2/com/google/guava/guava/16.0.1/guava-16.0.1.pom (6.1 kB at 321 kB/s)
#21 6.669 [INFO] Downloading from central: https://repo.maven.apache.org/maven2/com/google/guava/guava-parent/16.0.1/guava-parent-16.0.1.pom
#21 6.687 [INFO] Downloaded from central: https://repo.maven.apache.org/maven2/com/google/guava/guava-parent/16.0.1/guava-parent-16.0.1.pom (7.3 kB at 432 kB/s)
#21 6.689 [INFO] Downloading from central: https://repo.maven.apache.org/maven2/org/codehaus/plexus/plexus-classworlds/2.5.2/plexus-classworlds-2.5.2.pom
#21 6.705 [INFO] Downloaded from central: https://repo.maven.apache.org/maven2/org/codehaus/plexus/plexus-classworlds/2.5.2/plexus-classworlds-2.5.2.pom (7.3 kB at 430 kB/s)
#21 6.708 [INFO] Downloading from central: https://repo.maven.apache.org/maven2/org/ow2/asm/asm/9.5/asm-9.5.pom
#21 6.730 [INFO] Downloaded from central: https://repo.maven.apache.org/maven2/org/ow2/asm/asm/9.5/asm-9.5.pom (2.4 kB at 103 kB/s)
#21 6.731 [INFO] Downloading from central: https://repo.maven.apache.org/maven2/org/ow2/ow2/1.5.1/ow2-1.5.1.pom
#21 6.750 [INFO] Downloaded from central: https://repo.maven.apache.org/maven2/org/ow2/ow2/1.5.1/ow2-1.5.1.pom (11 kB at 627 kB/s)
#21 6.751 [INFO] Downloading from central: https://repo.maven.apache.org/maven2/org/apache/maven/shared/maven-dependency-tree/3.2.1/maven-dependency-tree-3.2.1.pom
#21 6.769 [INFO] Downloaded from central: https://repo.maven.apache.org/maven2/org/apache/maven/shared/maven-dependency-tree/3.2.1/maven-dependency-tree-3.2.1.pom (6.2 kB at 346 kB/s)
#21 6.770 [INFO] Downloading from central: https://repo.maven.apache.org/maven2/org/apache/maven/shared/maven-shared-components/37/maven-shared-components-37.pom
#21 6.786 [INFO] Downloaded from central: https://repo.maven.apache.org/maven2/org/apache/maven/shared/maven-shared-components/37/maven-shared-components-37.pom (4.9 kB at 288 kB/s)
#21 6.787 [INFO] Downloading from central: https://repo.maven.apache.org/maven2/org/apache/maven/maven-parent/37/maven-parent-37.pom
#21 6.807 [INFO] Downloaded from central: https://repo.maven.apache.org/maven2/org/apache/maven/maven-parent/37/maven-parent-37.pom (46 kB at 2.3 MB/s)
#21 6.808 [INFO] Downloading from central: https://repo.maven.apache.org/maven2/org/apache/maven/shared/maven-common-artifact-filters/3.3.2/maven-common-artifact-filters-3.3.2.pom
#21 6.825 [INFO] Downloaded from central: https://repo.maven.apache.org/maven2/org/apache/maven/shared/maven-common-artifact-filters/3.3.2/maven-common-artifact-filters-3.3.2.pom (5.3 kB at 329 kB/s)
#21 6.826 [INFO] Downloading from central: https://repo.maven.apache.org/maven2/org/apache/maven/shared/maven-artifact-transfer/0.13.1/maven-artifact-transfer-0.13.1.pom
#21 6.845 [INFO] Downloaded from central: https://repo.maven.apache.org/maven2/org/apache/maven/shared/maven-artifact-transfer/0.13.1/maven-artifact-transfer-0.13.1.pom (11 kB at 624 kB/s)
#21 6.846 [INFO] Downloading from central: https://repo.maven.apache.org/maven2/org/apache/maven/maven-core/3.0/maven-core-3.0.pom
#21 6.864 [INFO] Downloaded from central: https://repo.maven.apache.org/maven2/org/apache/maven/maven-core/3.0/maven-core-3.0.pom (6.6 kB at 390 kB/s)
#21 6.866 [INFO] Downloading from central: https://repo.maven.apache.org/maven2/org/apache/maven/maven-model/3.0/maven-model-3.0.pom
#21 6.888 [INFO] Downloaded from central: https://repo.maven.apache.org/maven2/org/apache/maven/maven-model/3.0/maven-model-3.0.pom (3.9 kB at 177 kB/s)
#21 6.892 [INFO] Downloading from central: https://repo.maven.apache.org/maven2/org/apache/maven/maven-settings/3.0/maven-settings-3.0.pom
#21 6.909 [INFO] Downloaded from central: https://repo.maven.apache.org/maven2/org/apache/maven/maven-settings/3.0/maven-settings-3.0.pom (1.9 kB at 104 kB/s)
#21 6.911 [INFO] Downloading from central: https://repo.maven.apache.org/maven2/org/apache/maven/maven-settings-builder/3.0/maven-settings-builder-3.0.pom
#21 7.015 [INFO] Downloaded from central: https://repo.maven.apache.org/maven2/org/apache/maven/maven-settings-builder/3.0/maven-settings-builder-3.0.pom (2.2 kB at 21 kB/s)
#21 7.019 [INFO] Downloading from central: https://repo.maven.apache.org/maven2/org/codehaus/plexus/plexus-interpolation/1.14/plexus-interpolation-1.14.pom
#21 7.035 [INFO] Downloaded from central: https://repo.maven.apache.org/maven2/org/codehaus/plexus/plexus-interpolation/1.14/plexus-interpolation-1.14.pom (910 B at 57 kB/s)
#21 7.036 [INFO] Downloading from central: https://repo.maven.apache.org/maven2/org/codehaus/plexus/plexus-components/1.1.18/plexus-components-1.1.18.pom
#21 7.053 [INFO] Downloaded from central: https://repo.maven.apache.org/maven2/org/codehaus/plexus/plexus-components/1.1.18/plexus-components-1.1.18.pom (5.4 kB at 315 kB/s)
#21 7.054 [INFO] Downloading from central: https://repo.maven.apache.org/maven2/org/apache/maven/maven-repository-metadata/3.0/maven-repository-metadata-3.0.pom
#21 7.070 [INFO] Downloaded from central: https://repo.maven.apache.org/maven2/org/apache/maven/maven-repository-metadata/3.0/maven-repository-metadata-3.0.pom (1.9 kB at 121 kB/s)
#21 7.072 [INFO] Downloading from central: https://repo.maven.apache.org/maven2/org/apache/maven/maven-plugin-api/3.0/maven-plugin-api-3.0.pom
#21 7.088 [INFO] Downloaded from central: https://repo.maven.apache.org/maven2/org/apache/maven/maven-plugin-api/3.0/maven-plugin-api-3.0.pom (2.3 kB at 143 kB/s)
#21 7.090 [INFO] Downloading from central: https://repo.maven.apache.org/maven2/org/sonatype/sisu/sisu-inject-plexus/1.4.2/sisu-inject-plexus-1.4.2.pom
#21 7.112 [INFO] Downloaded from central: https://repo.maven.apache.org/maven2/org/sonatype/sisu/sisu-inject-plexus/1.4.2/sisu-inject-plexus-1.4.2.pom (5.4 kB at 244 kB/s)
#21 7.112 [INFO] Downloading from central: https://repo.maven.apache.org/maven2/org/sonatype/sisu/inject/guice-plexus/1.4.2/guice-plexus-1.4.2.pom
#21 7.133 [INFO] Downloaded from central: https://repo.maven.apache.org/maven2/org/sonatype/sisu/inject/guice-plexus/1.4.2/guice-plexus-1.4.2.pom (3.1 kB at 149 kB/s)
#21 7.134 [INFO] Downloading from central: https://repo.maven.apache.org/maven2/org/sonatype/sisu/inject/guice-bean/1.4.2/guice-bean-1.4.2.pom
#21 7.150 [INFO] Downloaded from central: https://repo.maven.apache.org/maven2/org/sonatype/sisu/inject/guice-bean/1.4.2/guice-bean-1.4.2.pom (2.6 kB at 163 kB/s)
#21 7.151 [INFO] Downloading from central: https://repo.maven.apache.org/maven2/org/sonatype/sisu/sisu-inject/1.4.2/sisu-inject-1.4.2.pom
#21 7.168 [INFO] Downloaded from central: https://repo.maven.apache.org/maven2/org/sonatype/sisu/sisu-inject/1.4.2/sisu-inject-1.4.2.pom (1.2 kB at 73 kB/s)
#21 7.168 [INFO] Downloading from central: https://repo.maven.apache.org/maven2/org/sonatype/sisu/sisu-parent/1.4.2/sisu-parent-1.4.2.pom
#21 7.186 [INFO] Downloaded from central: https://repo.maven.apache.org/maven2/org/sonatype/sisu/sisu-parent/1.4.2/sisu-parent-1.4.2.pom (7.8 kB at 432 kB/s)
#21 7.186 [INFO] Downloading from central: https://repo.maven.apache.org/maven2/org/sonatype/forge/forge-parent/6/forge-parent-6.pom
#21 7.202 [INFO] Downloaded from central: https://repo.maven.apache.org/maven2/org/sonatype/forge/forge-parent/6/forge-parent-6.pom (11 kB at 672 kB/s)
#21 7.204 [INFO] Downloading from central: https://repo.maven.apache.org/maven2/org/codehaus/plexus/plexus-component-annotations/1.5.4/plexus-component-annotations-1.5.4.pom
#21 7.220 [INFO] Downloaded from central: https://repo.maven.apache.org/maven2/org/codehaus/plexus/plexus-component-annotations/1.5.4/plexus-component-annotations-1.5.4.pom (815 B at 48 kB/s)
#21 7.221 [INFO] Downloading from central: https://repo.maven.apache.org/maven2/org/codehaus/plexus/plexus-containers/1.5.4/plexus-containers-1.5.4.pom
#21 7.238 [INFO] Downloaded from central: https://repo.maven.apache.org/maven2/org/codehaus/plexus/plexus-containers/1.5.4/plexus-containers-1.5.4.pom (4.2 kB at 249 kB/s)
#21 7.239 [INFO] Downloading from central: https://repo.maven.apache.org/maven2/org/codehaus/plexus/plexus/2.0.5/plexus-2.0.5.pom
#21 7.257 [INFO] Downloaded from central: https://repo.maven.apache.org/maven2/org/codehaus/plexus/plexus/2.0.5/plexus-2.0.5.pom (17 kB at 964 kB/s)
#21 7.258 [INFO] Downloading from central: https://repo.maven.apache.org/maven2/org/codehaus/plexus/plexus-classworlds/2.2.3/plexus-classworlds-2.2.3.pom
#21 7.274 [INFO] Downloaded from central: https://repo.maven.apache.org/maven2/org/codehaus/plexus/plexus-classworlds/2.2.3/plexus-classworlds-2.2.3.pom (4.0 kB at 266 kB/s)
#21 7.276 [INFO] Downloading from central: https://repo.maven.apache.org/maven2/org/codehaus/plexus/plexus/2.0.6/plexus-2.0.6.pom
#21 7.298 [INFO] Downloaded from central: https://repo.maven.apache.org/maven2/org/codehaus/plexus/plexus/2.0.6/plexus-2.0.6.pom (17 kB at 762 kB/s)
#21 7.299 [INFO] Downloading from central: https://repo.maven.apache.org/maven2/org/sonatype/sisu/sisu-inject-bean/1.4.2/sisu-inject-bean-1.4.2.pom
#21 7.318 [INFO] Downloaded from central: https://repo.maven.apache.org/maven2/org/sonatype/sisu/sisu-inject-bean/1.4.2/sisu-inject-bean-1.4.2.pom (5.5 kB at 303 kB/s)
#21 7.320 [INFO] Downloading from central: https://repo.maven.apache.org/maven2/org/sonatype/sisu/sisu-guice/2.1.7/sisu-guice-2.1.7.pom
#21 7.338 [INFO] Downloaded from central: https://repo.maven.apache.org/maven2/org/sonatype/sisu/sisu-guice/2.1.7/sisu-guice-2.1.7.pom (11 kB at 614 kB/s)
#21 7.340 [INFO] Downloading from central: https://repo.maven.apache.org/maven2/org/apache/maven/maven-model-builder/3.0/maven-model-builder-3.0.pom
#21 7.357 [INFO] Downloaded from central: https://repo.maven.apache.org/maven2/org/apache/maven/maven-model-builder/3.0/maven-model-builder-3.0.pom (2.2 kB at 132 kB/s)
#21 7.359 [INFO] Downloading from central: https://repo.maven.apache.org/maven2/org/apache/maven/maven-aether-provider/3.0/maven-aether-provider-3.0.pom
#21 7.375 [INFO] Downloaded from central: https://repo.maven.apache.org/maven2/org/apache/maven/maven-aether-provider/3.0/maven-aether-provider-3.0.pom (2.5 kB at 154 kB/s)
#21 7.377 [INFO] Downloading from central: https://repo.maven.apache.org/maven2/org/sonatype/aether/aether-api/1.7/aether-api-1.7.pom
#21 7.396 [INFO] Downloaded from central: https://repo.maven.apache.org/maven2/org/sonatype/aether/aether-api/1.7/aether-api-1.7.pom (1.7 kB at 88 kB/s)
#21 7.398 [INFO] Downloading from central: https://repo.maven.apache.org/maven2/org/sonatype/aether/aether-parent/1.7/aether-parent-1.7.pom
#21 7.418 [INFO] Downloaded from central: https://repo.maven.apache.org/maven2/org/sonatype/aether/aether-parent/1.7/aether-parent-1.7.pom (7.7 kB at 368 kB/s)
#21 7.422 [INFO] Downloading from central: https://repo.maven.apache.org/maven2/org/sonatype/aether/aether-util/1.7/aether-util-1.7.pom
#21 7.529 [INFO] Downloaded from central: https://repo.maven.apache.org/maven2/org/sonatype/aether/aether-util/1.7/aether-util-1.7.pom (2.1 kB at 19 kB/s)
#21 7.533 [INFO] Downloading from central: https://repo.maven.apache.org/maven2/org/sonatype/aether/aether-impl/1.7/aether-impl-1.7.pom
#21 7.557 [INFO] Downloaded from central: https://repo.maven.apache.org/maven2/org/sonatype/aether/aether-impl/1.7/aether-impl-1.7.pom (3.7 kB at 154 kB/s)
#21 7.561 [INFO] Downloading from central: https://repo.maven.apache.org/maven2/org/sonatype/aether/aether-spi/1.7/aether-spi-1.7.pom
#21 7.584 [INFO] Downloaded from central: https://repo.maven.apache.org/maven2/org/sonatype/aether/aether-spi/1.7/aether-spi-1.7.pom (1.7 kB at 76 kB/s)
#21 7.587 [INFO] Downloading from central: https://repo.maven.apache.org/maven2/org/apache/maven/shared/maven-common-artifact-filters/3.1.0/maven-common-artifact-filters-3.1.0.pom
#21 7.611 [INFO] Downloaded from central: https://repo.maven.apache.org/maven2/org/apache/maven/shared/maven-common-artifact-filters/3.1.0/maven-common-artifact-filters-3.1.0.pom (5.3 kB at 230 kB/s)
#21 7.613 [INFO] Downloading from central: https://repo.maven.apache.org/maven2/org/apache/maven/shared/maven-shared-components/33/maven-shared-components-33.pom
#21 7.634 [INFO] Downloaded from central: https://repo.maven.apache.org/maven2/org/apache/maven/shared/maven-shared-components/33/maven-shared-components-33.pom (5.1 kB at 243 kB/s)
#21 7.636 [INFO] Downloading from central: https://repo.maven.apache.org/maven2/org/apache/maven/maven-parent/33/maven-parent-33.pom
#21 7.654 [INFO] Downloaded from central: https://repo.maven.apache.org/maven2/org/apache/maven/maven-parent/33/maven-parent-33.pom (44 kB at 2.5 MB/s)
#21 7.657 [INFO] Downloading from central: https://repo.maven.apache.org/maven2/org/apache/maven/shared/maven-shared-utils/3.1.0/maven-shared-utils-3.1.0.pom
#21 7.675 [INFO] Downloaded from central: https://repo.maven.apache.org/maven2/org/apache/maven/shared/maven-shared-utils/3.1.0/maven-shared-utils-3.1.0.pom (5.0 kB at 277 kB/s)
#21 7.676 [INFO] Downloading from central: https://repo.maven.apache.org/maven2/org/apache/maven/shared/maven-shared-components/30/maven-shared-components-30.pom
#21 7.693 [INFO] Downloaded from central: https://repo.maven.apache.org/maven2/org/apache/maven/shared/maven-shared-components/30/maven-shared-components-30.pom (4.6 kB at 270 kB/s)
#21 7.694 [INFO] Downloading from central: https://repo.maven.apache.org/maven2/org/apache/maven/maven-parent/30/maven-parent-30.pom
#21 7.715 [INFO] Downloaded from central: https://repo.maven.apache.org/maven2/org/apache/maven/maven-parent/30/maven-parent-30.pom (41 kB at 2.0 MB/s)
#21 7.717 [INFO] Downloading from central: https://repo.maven.apache.org/maven2/commons-io/commons-io/2.5/commons-io-2.5.pom
#21 7.737 [INFO] Downloaded from central: https://repo.maven.apache.org/maven2/commons-io/commons-io/2.5/commons-io-2.5.pom (13 kB at 664 kB/s)
#21 7.738 [INFO] Downloading from central: https://repo.maven.apache.org/maven2/org/slf4j/slf4j-api/1.7.5/slf4j-api-1.7.5.pom
#21 7.758 [INFO] Downloaded from central: https://repo.maven.apache.org/maven2/org/slf4j/slf4j-api/1.7.5/slf4j-api-1.7.5.pom (2.7 kB at 134 kB/s)
#21 7.758 [INFO] Downloading from central: https://repo.maven.apache.org/maven2/org/slf4j/slf4j-parent/1.7.5/slf4j-parent-1.7.5.pom
#21 7.779 [INFO] Downloaded from central: https://repo.maven.apache.org/maven2/org/slf4j/slf4j-parent/1.7.5/slf4j-parent-1.7.5.pom (12 kB at 590 kB/s)
#21 7.780 [INFO] Downloading from central: https://repo.maven.apache.org/maven2/org/apache/maven/shared/maven-shared-utils/3.4.2/maven-shared-utils-3.4.2.pom
#21 7.796 [INFO] Downloaded from central: https://repo.maven.apache.org/maven2/org/apache/maven/shared/maven-shared-utils/3.4.2/maven-shared-utils-3.4.2.pom (5.9 kB at 347 kB/s)
#21 7.798 [INFO] Downloading from central: https://repo.maven.apache.org/maven2/org/apache/commons/commons-collections4/4.4/commons-collections4-4.4.pom
#21 7.819 [INFO] Downloaded from central: https://repo.maven.apache.org/maven2/org/apache/commons/commons-collections4/4.4/commons-collections4-4.4.pom (24 kB at 1.1 MB/s)
#21 7.819 [INFO] Downloading from central: https://repo.maven.apache.org/maven2/org/apache/commons/commons-parent/48/commons-parent-48.pom
#21 7.842 [INFO] Downloaded from central: https://repo.maven.apache.org/maven2/org/apache/commons/commons-parent/48/commons-parent-48.pom (72 kB at 3.3 MB/s)
#21 7.844 [INFO] Downloading from central: https://repo.maven.apache.org/maven2/org/sonatype/plexus/plexus-build-api/0.0.7/plexus-build-api-0.0.7.pom
#21 7.865 [INFO] Downloaded from central: https://repo.maven.apache.org/maven2/org/sonatype/plexus/plexus-build-api/0.0.7/plexus-build-api-0.0.7.pom (3.2 kB at 153 kB/s)
#21 7.868 [INFO] Downloading from central: https://repo.maven.apache.org/maven2/org/sonatype/spice/spice-parent/15/spice-parent-15.pom
#21 7.884 [INFO] Downloaded from central: https://repo.maven.apache.org/maven2/org/sonatype/spice/spice-parent/15/spice-parent-15.pom (8.4 kB at 522 kB/s)
#21 7.885 [INFO] Downloading from central: https://repo.maven.apache.org/maven2/org/sonatype/forge/forge-parent/5/forge-parent-5.pom
#21 7.901 [INFO] Downloaded from central: https://repo.maven.apache.org/maven2/org/sonatype/forge/forge-parent/5/forge-parent-5.pom (8.4 kB at 492 kB/s)
#21 7.911 [INFO] Downloading from central: https://repo.maven.apache.org/maven2/org/apache/maven/doxia/doxia-sink-api/1.11.1/doxia-sink-api-1.11.1.jar
#21 7.928 [INFO] Downloaded from central: https://repo.maven.apache.org/maven2/org/apache/maven/doxia/doxia-sink-api/1.11.1/doxia-sink-api-1.11.1.jar (12 kB at 645 kB/s)
#21 7.929 [INFO] Downloading from central: https://repo.maven.apache.org/maven2/org/apache/maven/doxia/doxia-logging-api/1.11.1/doxia-logging-api-1.11.1.jar
#21 7.930 [INFO] Downloading from central: https://repo.maven.apache.org/maven2/org/apache/maven/reporting/maven-reporting-api/3.1.1/maven-reporting-api-3.1.1.jar
#21 7.930 [INFO] Downloading from central: https://repo.maven.apache.org/maven2/org/apache/maven/reporting/maven-reporting-impl/3.2.0/maven-reporting-impl-3.2.0.jar
#21 7.931 [INFO] Downloading from central: https://repo.maven.apache.org/maven2/org/apache/maven/maven-core/3.1.0/maven-core-3.1.0.jar
#21 7.931 [INFO] Downloading from central: https://repo.maven.apache.org/maven2/org/apache/maven/maven-settings/3.1.0/maven-settings-3.1.0.jar
#21 7.946 [INFO] Downloaded from central: https://repo.maven.apache.org/maven2/org/apache/maven/doxia/doxia-logging-api/1.11.1/doxia-logging-api-1.11.1.jar (12 kB at 690 kB/s)
#21 7.946 [INFO] Downloading from central: https://repo.maven.apache.org/maven2/org/apache/maven/maven-settings-builder/3.1.0/maven-settings-builder-3.1.0.jar
#21 8.051 [INFO] Downloaded from central: https://repo.maven.apache.org/maven2/org/apache/maven/reporting/maven-reporting-api/3.1.1/maven-reporting-api-3.1.1.jar (11 kB at 87 kB/s)
#21 8.051 [INFO] Downloading from central: https://repo.maven.apache.org/maven2/org/apache/maven/maven-repository-metadata/3.1.0/maven-repository-metadata-3.1.0.jar
#21 8.051 [INFO] Downloaded from central: https://repo.maven.apache.org/maven2/org/apache/maven/maven-settings-builder/3.1.0/maven-settings-builder-3.1.0.jar (41 kB at 345 kB/s)
#21 8.051 [INFO] Downloading from central: https://repo.maven.apache.org/maven2/org/apache/maven/maven-model-builder/3.1.0/maven-model-builder-3.1.0.jar
#21 8.071 [INFO] Downloaded from central: https://repo.maven.apache.org/maven2/org/apache/maven/maven-repository-metadata/3.1.0/maven-repository-metadata-3.1.0.jar (30 kB at 213 kB/s)
#21 8.071 [INFO] Downloading from central: https://repo.maven.apache.org/maven2/org/apache/maven/maven-aether-provider/3.1.0/maven-aether-provider-3.1.0.jar
#21 8.074 [INFO] Downloaded from central: https://repo.maven.apache.org/maven2/org/apache/maven/maven-settings/3.1.0/maven-settings-3.1.0.jar (47 kB at 324 kB/s)
#21 8.074 [INFO] Downloading from central: https://repo.maven.apache.org/maven2/org/eclipse/aether/aether-spi/0.9.0.M2/aether-spi-0.9.0.M2.jar
#21 8.083 [INFO] Downloaded from central: https://repo.maven.apache.org/maven2/org/apache/maven/maven-model-builder/3.1.0/maven-model-builder-3.1.0.jar (159 kB at 1.0 MB/s)
#21 8.083 [INFO] Downloading from central: https://repo.maven.apache.org/maven2/org/eclipse/aether/aether-impl/0.9.0.M2/aether-impl-0.9.0.M2.jar
#21 8.083 [INFO] Downloaded from central: https://repo.maven.apache.org/maven2/org/apache/maven/reporting/maven-reporting-impl/3.2.0/maven-reporting-impl-3.2.0.jar (20 kB at 128 kB/s)
#21 8.083 [INFO] Downloading from central: https://repo.maven.apache.org/maven2/org/eclipse/aether/aether-api/0.9.0.M2/aether-api-0.9.0.M2.jar
#21 8.093 [INFO] Downloaded from central: https://repo.maven.apache.org/maven2/org/apache/maven/maven-aether-provider/3.1.0/maven-aether-provider-3.1.0.jar (60 kB at 371 kB/s)
#21 8.093 [INFO] Downloading from central: https://repo.maven.apache.org/maven2/org/eclipse/sisu/org.eclipse.sisu.plexus/0.3.0.M1/org.eclipse.sisu.plexus-0.3.0.M1.jar
#21 8.098 [INFO] Downloaded from central: https://repo.maven.apache.org/maven2/org/eclipse/aether/aether-spi/0.9.0.M2/aether-spi-0.9.0.M2.jar (18 kB at 106 kB/s)
#21 8.098 [INFO] Downloading from central: https://repo.maven.apache.org/maven2/javax/enterprise/cdi-api/1.0/cdi-api-1.0.jar
#21 8.104 [INFO] Downloaded from central: https://repo.maven.apache.org/maven2/org/apache/maven/maven-core/3.1.0/maven-core-3.1.0.jar (563 kB at 3.2 MB/s)
#21 8.104 [INFO] Downloading from central: https://repo.maven.apache.org/maven2/javax/annotation/jsr250-api/1.0/jsr250-api-1.0.jar
#21 8.108 [INFO] Downloaded from central: https://repo.maven.apache.org/maven2/org/eclipse/aether/aether-api/0.9.0.M2/aether-api-0.9.0.M2.jar (134 kB at 757 kB/s)
#21 8.108 [INFO] Downloading from central: https://repo.maven.apache.org/maven2/org/eclipse/sisu/org.eclipse.sisu.inject/0.3.0.M1/org.eclipse.sisu.inject-0.3.0.M1.jar
#21 8.117 [INFO] Downloaded from central: https://repo.maven.apache.org/maven2/org/eclipse/aether/aether-impl/0.9.0.M2/aether-impl-0.9.0.M2.jar (145 kB at 775 kB/s)
#21 8.117 [INFO] Downloading from central: https://repo.maven.apache.org/maven2/org/codehaus/plexus/plexus-interpolation/1.16/plexus-interpolation-1.16.jar
#21 8.122 [INFO] Downloaded from central: https://repo.maven.apache.org/maven2/javax/enterprise/cdi-api/1.0/cdi-api-1.0.jar (45 kB at 234 kB/s)
#21 8.123 [INFO] Downloading from central: https://repo.maven.apache.org/maven2/org/codehaus/plexus/plexus-classworlds/2.4.2/plexus-classworlds-2.4.2.jar
#21 8.123 [INFO] Downloaded from central: https://repo.maven.apache.org/maven2/org/eclipse/sisu/org.eclipse.sisu.plexus/0.3.0.M1/org.eclipse.sisu.plexus-0.3.0.M1.jar (201 kB at 1.0 MB/s)
#21 8.123 [INFO] Downloading from central: https://repo.maven.apache.org/maven2/org/sonatype/plexus/plexus-sec-dispatcher/1.3/plexus-sec-dispatcher-1.3.jar
#21 8.133 [INFO] Downloaded from central: https://repo.maven.apache.org/maven2/javax/annotation/jsr250-api/1.0/jsr250-api-1.0.jar (5.8 kB at 29 kB/s)
#21 8.133 [INFO] Downloading from central: https://repo.maven.apache.org/maven2/org/sonatype/plexus/plexus-cipher/1.4/plexus-cipher-1.4.jar
#21 8.138 [INFO] Downloaded from central: https://repo.maven.apache.org/maven2/org/eclipse/sisu/org.eclipse.sisu.inject/0.3.0.M1/org.eclipse.sisu.inject-0.3.0.M1.jar (340 kB at 1.6 MB/s)
#21 8.138 [INFO] Downloading from central: https://repo.maven.apache.org/maven2/org/apache/maven/maven-artifact/3.1.0/maven-artifact-3.1.0.jar
#21 8.142 [INFO] Downloaded from central: https://repo.maven.apache.org/maven2/org/sonatype/plexus/plexus-sec-dispatcher/1.3/plexus-sec-dispatcher-1.3.jar (29 kB at 135 kB/s)
#21 8.142 [INFO] Downloading from central: https://repo.maven.apache.org/maven2/org/apache/maven/maven-plugin-api/3.1.0/maven-plugin-api-3.1.0.jar
#21 8.143 [INFO] Downloaded from central: https://repo.maven.apache.org/maven2/org/codehaus/plexus/plexus-classworlds/2.4.2/plexus-classworlds-2.4.2.jar (47 kB at 221 kB/s)
#21 8.143 [INFO] Downloading from central: https://repo.maven.apache.org/maven2/org/apache/maven/doxia/doxia-decoration-model/1.11.1/doxia-decoration-model-1.11.1.jar
#21 8.156 [INFO] Downloaded from central: https://repo.maven.apache.org/maven2/org/codehaus/plexus/plexus-interpolation/1.16/plexus-interpolation-1.16.jar (61 kB at 272 kB/s)
#21 8.156 [INFO] Downloading from central: https://repo.maven.apache.org/maven2/org/apache/maven/doxia/doxia-core/1.11.1/doxia-core-1.11.1.jar
#21 8.158 [INFO] Downloaded from central: https://repo.maven.apache.org/maven2/org/apache/maven/maven-artifact/3.1.0/maven-artifact-3.1.0.jar (52 kB at 229 kB/s)
#21 8.158 [INFO] Downloading from central: https://repo.maven.apache.org/maven2/org/apache/commons/commons-lang3/3.8.1/commons-lang3-3.8.1.jar
#21 8.161 [INFO] Downloaded from central: https://repo.maven.apache.org/maven2/org/apache/maven/maven-plugin-api/3.1.0/maven-plugin-api-3.1.0.jar (50 kB at 216 kB/s)
#21 8.162 [INFO] Downloading from central: https://repo.maven.apache.org/maven2/org/apache/commons/commons-text/1.10.0/commons-text-1.10.0.jar
#21 8.162 [INFO] Downloaded from central: https://repo.maven.apache.org/maven2/org/sonatype/plexus/plexus-cipher/1.4/plexus-cipher-1.4.jar (13 kB at 58 kB/s)
#21 8.162 [INFO] Downloading from central: https://repo.maven.apache.org/maven2/org/apache/httpcomponents/httpclient/4.5.13/httpclient-4.5.13.jar
#21 8.162 [INFO] Downloaded from central: https://repo.maven.apache.org/maven2/org/apache/maven/doxia/doxia-decoration-model/1.11.1/doxia-decoration-model-1.11.1.jar (60 kB at 259 kB/s)
#21 8.162 [INFO] Downloading from central: https://repo.maven.apache.org/maven2/commons-logging/commons-logging/1.2/commons-logging-1.2.jar
#21 8.201 [INFO] Downloaded from central: https://repo.maven.apache.org/maven2/org/apache/commons/commons-text/1.10.0/commons-text-1.10.0.jar (238 kB at 883 kB/s)
#21 8.201 [INFO] Downloading from central: https://repo.maven.apache.org/maven2/commons-codec/commons-codec/1.11/commons-codec-1.11.jar
#21 8.214 [INFO] Downloaded from central: https://repo.maven.apache.org/maven2/org/apache/commons/commons-lang3/3.8.1/commons-lang3-3.8.1.jar (502 kB at 1.8 MB/s)
#21 8.214 [INFO] Downloading from central: https://repo.maven.apache.org/maven2/org/apache/httpcomponents/httpcore/4.4.14/httpcore-4.4.14.jar
#21 8.215 [INFO] Downloaded from central: https://repo.maven.apache.org/maven2/org/apache/httpcomponents/httpclient/4.5.13/httpclient-4.5.13.jar (780 kB at 2.7 MB/s)
#21 8.215 [INFO] Downloading from central: https://repo.maven.apache.org/maven2/org/apache/maven/doxia/doxia-integration-tools/1.11.1/doxia-integration-tools-1.11.1.jar
#21 8.218 [INFO] Downloaded from central: https://repo.maven.apache.org/maven2/commons-logging/commons-logging/1.2/commons-logging-1.2.jar (62 kB at 215 kB/s)
#21 8.218 [INFO] Downloading from central: https://repo.maven.apache.org/maven2/org/apache/maven/doxia/doxia-site-renderer/1.11.1/doxia-site-renderer-1.11.1.jar
#21 8.218 [INFO] Downloaded from central: https://repo.maven.apache.org/maven2/org/apache/maven/doxia/doxia-core/1.11.1/doxia-core-1.11.1.jar (218 kB at 760 kB/s)
#21 8.218 [INFO] Downloading from central: https://repo.maven.apache.org/maven2/org/apache/maven/doxia/doxia-skin-model/1.11.1/doxia-skin-model-1.11.1.jar
#21 8.237 [INFO] Downloaded from central: https://repo.maven.apache.org/maven2/commons-codec/commons-codec/1.11/commons-codec-1.11.jar (335 kB at 1.1 MB/s)
#21 8.237 [INFO] Downloading from central: https://repo.maven.apache.org/maven2/org/apache/maven/doxia/doxia-module-xhtml/1.11.1/doxia-module-xhtml-1.11.1.jar
#21 8.237 [INFO] Downloaded from central: https://repo.maven.apache.org/maven2/org/apache/maven/doxia/doxia-integration-tools/1.11.1/doxia-integration-tools-1.11.1.jar (47 kB at 153 kB/s)
#21 8.237 [INFO] Downloading from central: https://repo.maven.apache.org/maven2/org/apache/maven/doxia/doxia-module-xhtml5/1.11.1/doxia-module-xhtml5-1.11.1.jar
#21 8.238 [INFO] Downloaded from central: https://repo.maven.apache.org/maven2/org/apache/maven/doxia/doxia-skin-model/1.11.1/doxia-skin-model-1.11.1.jar (16 kB at 53 kB/s)
#21 8.238 [INFO] Downloading from central: https://repo.maven.apache.org/maven2/org/codehaus/plexus/plexus-velocity/1.2/plexus-velocity-1.2.jar
#21 8.241 [INFO] Downloaded from central: https://repo.maven.apache.org/maven2/org/apache/httpcomponents/httpcore/4.4.14/httpcore-4.4.14.jar (328 kB at 1.1 MB/s)
#21 8.241 [INFO] Downloading from central: https://repo.maven.apache.org/maven2/org/apache/velocity/velocity/1.7/velocity-1.7.jar
#21 8.259 [INFO] Downloaded from central: https://repo.maven.apache.org/maven2/org/codehaus/plexus/plexus-velocity/1.2/plexus-velocity-1.2.jar (8.1 kB at 25 kB/s)
#21 8.259 [INFO] Downloading from central: https://repo.maven.apache.org/maven2/commons-lang/commons-lang/2.4/commons-lang-2.4.jar
#21 8.260 [INFO] Downloaded from central: https://repo.maven.apache.org/maven2/org/apache/maven/doxia/doxia-module-xhtml/1.11.1/doxia-module-xhtml-1.11.1.jar (17 kB at 53 kB/s)
#21 8.260 [INFO] Downloading from central: https://repo.maven.apache.org/maven2/org/apache/velocity/velocity-tools/2.0/velocity-tools-2.0.jar
#21 8.260 [INFO] Downloaded from central: https://repo.maven.apache.org/maven2/org/apache/maven/doxia/doxia-site-renderer/1.11.1/doxia-site-renderer-1.11.1.jar (65 kB at 198 kB/s)
#21 8.260 [INFO] Downloading from central: https://repo.maven.apache.org/maven2/commons-beanutils/commons-beanutils/1.7.0/commons-beanutils-1.7.0.jar
#21 8.271 [INFO] Downloaded from central: https://repo.maven.apache.org/maven2/org/apache/velocity/velocity/1.7/velocity-1.7.jar (450 kB at 1.3 MB/s)
#21 8.271 [INFO] Downloading from central: https://repo.maven.apache.org/maven2/commons-digester/commons-digester/1.8/commons-digester-1.8.jar
#21 8.272 [INFO] Downloaded from central: https://repo.maven.apache.org/maven2/org/apache/maven/doxia/doxia-module-xhtml5/1.11.1/doxia-module-xhtml5-1.11.1.jar (18 kB at 52 kB/s)
#21 8.272 [INFO] Downloading from central: https://repo.maven.apache.org/maven2/commons-chain/commons-chain/1.1/commons-chain-1.1.jar
#21 8.287 [INFO] Downloaded from central: https://repo.maven.apache.org/maven2/commons-beanutils/commons-beanutils/1.7.0/commons-beanutils-1.7.0.jar (189 kB at 531 kB/s)
#21 8.287 [INFO] Downloading from central: https://repo.maven.apache.org/maven2/dom4j/dom4j/1.1/dom4j-1.1.jar
#21 8.292 [INFO] Downloaded from central: https://repo.maven.apache.org/maven2/commons-chain/commons-chain/1.1/commons-chain-1.1.jar (90 kB at 249 kB/s)
#21 8.292 [INFO] Downloading from central: https://repo.maven.apache.org/maven2/oro/oro/2.0.8/oro-2.0.8.jar
#21 8.292 [INFO] Downloaded from central: https://repo.maven.apache.org/maven2/commons-lang/commons-lang/2.4/commons-lang-2.4.jar (262 kB at 723 kB/s)
#21 8.292 [INFO] Downloading from central: https://repo.maven.apache.org/maven2/commons-collections/commons-collections/3.2.2/commons-collections-3.2.2.jar
#21 8.302 [INFO] Downloaded from central: https://repo.maven.apache.org/maven2/commons-digester/commons-digester/1.8/commons-digester-1.8.jar (144 kB at 388 kB/s)
#21 8.302 [INFO] Downloading from central: https://repo.maven.apache.org/maven2/org/codehaus/plexus/plexus-archiver/4.8.0/plexus-archiver-4.8.0.jar
#21 8.305 [INFO] Downloaded from central: https://repo.maven.apache.org/maven2/org/apache/velocity/velocity-tools/2.0/velocity-tools-2.0.jar (347 kB at 924 kB/s)
#21 8.305 [INFO] Downloading from central: https://repo.maven.apache.org/maven2/javax/inject/javax.inject/1/javax.inject-1.jar
#21 8.313 [INFO] Downloaded from central: https://repo.maven.apache.org/maven2/dom4j/dom4j/1.1/dom4j-1.1.jar (457 kB at 1.2 MB/s)
#21 8.313 [INFO] Downloading from central: https://repo.maven.apache.org/maven2/commons-io/commons-io/2.13.0/commons-io-2.13.0.jar
#21 8.316 [INFO] Downloaded from central: https://repo.maven.apache.org/maven2/oro/oro/2.0.8/oro-2.0.8.jar (65 kB at 170 kB/s)
#21 8.316 [INFO] Downloading from central: https://repo.maven.apache.org/maven2/org/apache/commons/commons-compress/1.23.0/commons-compress-1.23.0.jar
#21 8.324 [INFO] Downloaded from central: https://repo.maven.apache.org/maven2/commons-collections/commons-collections/3.2.2/commons-collections-3.2.2.jar (588 kB at 1.5 MB/s)
#21 8.324 [INFO] Downloading from central: https://repo.maven.apache.org/maven2/org/slf4j/slf4j-api/1.7.36/slf4j-api-1.7.36.jar
#21 8.335 [INFO] Downloaded from central: https://repo.maven.apache.org/maven2/javax/inject/javax.inject/1/javax.inject-1.jar (2.5 kB at 6.2 kB/s)
#21 8.335 [INFO] Downloading from central: https://repo.maven.apache.org/maven2/org/iq80/snappy/snappy/0.4/snappy-0.4.jar
#21 8.337 [INFO] Downloaded from central: https://repo.maven.apache.org/maven2/org/codehaus/plexus/plexus-archiver/4.8.0/plexus-archiver-4.8.0.jar (224 kB at 553 kB/s)
#21 8.337 [INFO] Downloading from central: https://repo.maven.apache.org/maven2/org/tukaani/xz/1.9/xz-1.9.jar
#21 8.363 [INFO] Downloaded from central: https://repo.maven.apache.org/maven2/commons-io/commons-io/2.13.0/commons-io-2.13.0.jar (484 kB at 1.1 MB/s)
#21 8.363 [INFO] Downloading from central: https://repo.maven.apache.org/maven2/com/github/luben/zstd-jni/1.5.5-5/zstd-jni-1.5.5-5.jar
#21 8.373 [INFO] Downloaded from central: https://repo.maven.apache.org/maven2/org/iq80/snappy/snappy/0.4/snappy-0.4.jar (58 kB at 131 kB/s)
#21 8.373 [INFO] Downloading from central: https://repo.maven.apache.org/maven2/org/codehaus/plexus/plexus-utils/3.5.1/plexus-utils-3.5.1.jar
#21 8.373 [INFO] Downloaded from central: https://repo.maven.apache.org/maven2/org/apache/commons/commons-compress/1.23.0/commons-compress-1.23.0.jar (1.1 MB at 2.4 MB/s)
#21 8.373 [INFO] Downloading from central: https://repo.maven.apache.org/maven2/org/codehaus/plexus/plexus-io/3.4.1/plexus-io-3.4.1.jar
#21 8.374 [INFO] Downloaded from central: https://repo.maven.apache.org/maven2/org/tukaani/xz/1.9/xz-1.9.jar (116 kB at 262 kB/s)
#21 8.374 [INFO] Downloading from central: https://repo.maven.apache.org/maven2/org/codehaus/plexus/plexus-i18n/1.0-beta-10/plexus-i18n-1.0-beta-10.jar
#21 8.374 [INFO] Downloaded from central: https://repo.maven.apache.org/maven2/org/slf4j/slf4j-api/1.7.36/slf4j-api-1.7.36.jar (41 kB at 93 kB/s)
#21 8.374 [INFO] Downloading from central: https://repo.maven.apache.org/maven2/org/apache/maven/shared/maven-dependency-analyzer/1.13.2/maven-dependency-analyzer-1.13.2.jar
#21 8.397 [INFO] Downloaded from central: https://repo.maven.apache.org/maven2/org/codehaus/plexus/plexus-i18n/1.0-beta-10/plexus-i18n-1.0-beta-10.jar (12 kB at 26 kB/s)
#21 8.397 [INFO] Downloading from central: https://repo.maven.apache.org/maven2/org/apache/maven/maven-model/3.2.5/maven-model-3.2.5.jar
#21 8.405 [INFO] Downloaded from central: https://repo.maven.apache.org/maven2/org/codehaus/plexus/plexus-io/3.4.1/plexus-io-3.4.1.jar (79 kB at 168 kB/s)
#21 8.405 [INFO] Downloading from central: https://repo.maven.apache.org/maven2/org/ow2/asm/asm/9.5/asm-9.5.jar
#21 8.409 [INFO] Downloaded from central: https://repo.maven.apache.org/maven2/org/codehaus/plexus/plexus-utils/3.5.1/plexus-utils-3.5.1.jar (269 kB at 565 kB/s)
#21 8.409 [INFO] Downloading from central: https://repo.maven.apache.org/maven2/org/apache/maven/shared/maven-dependency-tree/3.2.1/maven-dependency-tree-3.2.1.jar
#21 8.409 [INFO] Downloaded from central: https://repo.maven.apache.org/maven2/org/apache/maven/shared/maven-dependency-analyzer/1.13.2/maven-dependency-analyzer-1.13.2.jar (39 kB at 81 kB/s)
#21 8.409 [INFO] Downloading from central: https://repo.maven.apache.org/maven2/org/apache/maven/shared/maven-common-artifact-filters/3.3.2/maven-common-artifact-filters-3.3.2.jar
#21 8.431 [INFO] Downloaded from central: https://repo.maven.apache.org/maven2/org/ow2/asm/asm/9.5/asm-9.5.jar (122 kB at 244 kB/s)
#21 8.431 [INFO] Downloading from central: https://repo.maven.apache.org/maven2/org/apache/maven/shared/maven-artifact-transfer/0.13.1/maven-artifact-transfer-0.13.1.jar
#21 8.437 [INFO] Downloaded from central: https://repo.maven.apache.org/maven2/org/apache/maven/shared/maven-dependency-tree/3.2.1/maven-dependency-tree-3.2.1.jar (43 kB at 84 kB/s)
#21 8.437 [INFO] Downloading from central: https://repo.maven.apache.org/maven2/org/codehaus/plexus/plexus-component-annotations/2.0.0/plexus-component-annotations-2.0.0.jar
#21 8.439 [INFO] Downloaded from central: https://repo.maven.apache.org/maven2/org/apache/maven/shared/maven-common-artifact-filters/3.3.2/maven-common-artifact-filters-3.3.2.jar (58 kB at 115 kB/s)
#21 8.439 [INFO] Downloading from central: https://repo.maven.apache.org/maven2/org/apache/maven/shared/maven-shared-utils/3.4.2/maven-shared-utils-3.4.2.jar
#21 8.449 [INFO] Downloaded from central: https://repo.maven.apache.org/maven2/org/apache/maven/maven-model/3.2.5/maven-model-3.2.5.jar (161 kB at 310 kB/s)
#21 8.449 [INFO] Downloading from central: https://repo.maven.apache.org/maven2/org/apache/commons/commons-collections4/4.4/commons-collections4-4.4.jar
#21 8.474 [INFO] Downloaded from central: https://repo.maven.apache.org/maven2/org/codehaus/plexus/plexus-component-annotations/2.0.0/plexus-component-annotations-2.0.0.jar (4.2 kB at 7.8 kB/s)
#21 8.474 [INFO] Downloading from central: https://repo.maven.apache.org/maven2/org/sonatype/plexus/plexus-build-api/0.0.7/plexus-build-api-0.0.7.jar
#21 8.480 [INFO] Downloaded from central: https://repo.maven.apache.org/maven2/org/apache/maven/shared/maven-shared-utils/3.4.2/maven-shared-utils-3.4.2.jar (151 kB at 275 kB/s)
#21 8.645 [INFO] Downloaded from central: https://repo.maven.apache.org/maven2/com/github/luben/zstd-jni/1.5.5-5/zstd-jni-1.5.5-5.jar (5.9 MB at 8.3 MB/s)
#21 8.694 [INFO] Downloaded from central: https://repo.maven.apache.org/maven2/org/apache/commons/commons-collections4/4.4/commons-collections4-4.4.jar (752 kB at 987 kB/s)
#21 8.848 [INFO] Downloaded from central: https://repo.maven.apache.org/maven2/org/apache/maven/shared/maven-artifact-transfer/0.13.1/maven-artifact-transfer-0.13.1.jar (159 kB at 174 kB/s)
#21 8.883 [INFO] Downloaded from central: https://repo.maven.apache.org/maven2/org/sonatype/plexus/plexus-build-api/0.0.7/plexus-build-api-0.0.7.jar (8.5 kB at 8.9 kB/s)
#21 9.029 [INFO] Resolving org.postgresql:postgresql:jar:42.7.3 with transitive dependencies
#21 9.031 [INFO] Downloading from jboss-https: https://repository.jboss.org/nexus/content/groups/public-jboss/org/postgresql/postgresql/42.7.3/postgresql-42.7.3.pom
#21 9.937 [INFO] Downloading from central: https://repo.maven.apache.org/maven2/org/postgresql/postgresql/42.7.3/postgresql-42.7.3.pom
#21 9.968 [INFO] Downloaded from central: https://repo.maven.apache.org/maven2/org/postgresql/postgresql/42.7.3/postgresql-42.7.3.pom (3.1 kB at 101 kB/s)
#21 9.972 [INFO] Downloading from jboss-https: https://repository.jboss.org/nexus/content/groups/public-jboss/org/checkerframework/checker-qual/3.42.0/checker-qual-3.42.0.pom
#21 10.27 [INFO] Downloading from central: https://repo.maven.apache.org/maven2/org/checkerframework/checker-qual/3.42.0/checker-qual-3.42.0.pom
#21 10.30 [INFO] Downloaded from central: https://repo.maven.apache.org/maven2/org/checkerframework/checker-qual/3.42.0/checker-qual-3.42.0.pom (2.1 kB at 55 kB/s)
#21 10.31 [INFO] Downloading from jboss-https: https://repository.jboss.org/nexus/content/groups/public-jboss/junit/junit/4.13.2/junit-4.13.2.pom
#21 10.68 [INFO] Downloading from central: https://repo.maven.apache.org/maven2/junit/junit/4.13.2/junit-4.13.2.pom
#21 10.71 [INFO] Downloaded from central: https://repo.maven.apache.org/maven2/junit/junit/4.13.2/junit-4.13.2.pom (27 kB at 795 kB/s)
#21 10.72 [INFO] Downloading from jboss-https: https://repository.jboss.org/nexus/content/groups/public-jboss/org/hamcrest/hamcrest-core/1.3/hamcrest-core-1.3.pom
#21 11.20 [INFO] Downloading from central: https://repo.maven.apache.org/maven2/org/hamcrest/hamcrest-core/1.3/hamcrest-core-1.3.pom
#21 11.24 [INFO] Downloaded from central: https://repo.maven.apache.org/maven2/org/hamcrest/hamcrest-core/1.3/hamcrest-core-1.3.pom (766 B at 21 kB/s)
#21 11.24 [INFO] Downloading from jboss-https: https://repository.jboss.org/nexus/content/groups/public-jboss/org/hamcrest/hamcrest-parent/1.3/hamcrest-parent-1.3.pom
#21 11.55 [INFO] Downloading from central: https://repo.maven.apache.org/maven2/org/hamcrest/hamcrest-parent/1.3/hamcrest-parent-1.3.pom
#21 11.59 [INFO] Downloaded from central: https://repo.maven.apache.org/maven2/org/hamcrest/hamcrest-parent/1.3/hamcrest-parent-1.3.pom (2.0 kB at 60 kB/s)
#21 11.59 [INFO] Downloading from jboss-https: https://repository.jboss.org/nexus/content/groups/public-jboss/org/junit/jupiter/junit-jupiter-api/5.10.2/junit-jupiter-api-5.10.2.pom
#21 12.06 [INFO] Downloading from central: https://repo.maven.apache.org/maven2/org/junit/jupiter/junit-jupiter-api/5.10.2/junit-jupiter-api-5.10.2.pom
#21 12.10 [INFO] Downloaded from central: https://repo.maven.apache.org/maven2/org/junit/jupiter/junit-jupiter-api/5.10.2/junit-jupiter-api-5.10.2.pom (3.2 kB at 74 kB/s)
#21 12.10 [INFO] Downloading from jboss-https: https://repository.jboss.org/nexus/content/groups/public-jboss/org/junit/junit-bom/5.10.2/junit-bom-5.10.2.pom
#21 12.42 [INFO] Downloading from central: https://repo.maven.apache.org/maven2/org/junit/junit-bom/5.10.2/junit-bom-5.10.2.pom
#21 12.45 [INFO] Downloaded from central: https://repo.maven.apache.org/maven2/org/junit/junit-bom/5.10.2/junit-bom-5.10.2.pom (5.6 kB at 166 kB/s)
#21 12.46 [INFO] Downloading from jboss-https: https://repository.jboss.org/nexus/content/groups/public-jboss/org/opentest4j/opentest4j/1.3.0/opentest4j-1.3.0.pom
#21 12.80 [INFO] Downloading from central: https://repo.maven.apache.org/maven2/org/opentest4j/opentest4j/1.3.0/opentest4j-1.3.0.pom
#21 12.83 [INFO] Downloaded from central: https://repo.maven.apache.org/maven2/org/opentest4j/opentest4j/1.3.0/opentest4j-1.3.0.pom (2.0 kB at 55 kB/s)
#21 12.84 [INFO] Downloading from jboss-https: https://repository.jboss.org/nexus/content/groups/public-jboss/org/junit/platform/junit-platform-commons/1.10.2/junit-platform-commons-1.10.2.pom
#21 13.17 [INFO] Downloading from central: https://repo.maven.apache.org/maven2/org/junit/platform/junit-platform-commons/1.10.2/junit-platform-commons-1.10.2.pom
#21 13.30 [INFO] Downloaded from central: https://repo.maven.apache.org/maven2/org/junit/platform/junit-platform-commons/1.10.2/junit-platform-commons-1.10.2.pom (2.8 kB at 23 kB/s)
#21 13.30 [INFO] Downloading from jboss-https: https://repository.jboss.org/nexus/content/groups/public-jboss/org/apiguardian/apiguardian-api/1.1.2/apiguardian-api-1.1.2.pom
#21 13.67 [INFO] Downloading from central: https://repo.maven.apache.org/maven2/org/apiguardian/apiguardian-api/1.1.2/apiguardian-api-1.1.2.pom
#21 13.72 [INFO] Downloaded from central: https://repo.maven.apache.org/maven2/org/apiguardian/apiguardian-api/1.1.2/apiguardian-api-1.1.2.pom (1.5 kB at 38 kB/s)
#21 13.72 [INFO] Downloading from jboss-https: https://repository.jboss.org/nexus/content/groups/public-jboss/com/github/waffle/waffle-jna/1.9.1/waffle-jna-1.9.1.pom
#21 14.17 [INFO] Downloading from central: https://repo.maven.apache.org/maven2/com/github/waffle/waffle-jna/1.9.1/waffle-jna-1.9.1.pom
#21 14.20 [INFO] Downloaded from central: https://repo.maven.apache.org/maven2/com/github/waffle/waffle-jna/1.9.1/waffle-jna-1.9.1.pom (3.1 kB at 99 kB/s)
#21 14.20 [INFO] Downloading from jboss-https: https://repository.jboss.org/nexus/content/groups/public-jboss/com/github/waffle/waffle-parent/1.9.1/waffle-parent-1.9.1.pom
#21 14.53 [INFO] Downloading from central: https://repo.maven.apache.org/maven2/com/github/waffle/waffle-parent/1.9.1/waffle-parent-1.9.1.pom
#21 14.56 [INFO] Downloaded from central: https://repo.maven.apache.org/maven2/com/github/waffle/waffle-parent/1.9.1/waffle-parent-1.9.1.pom (67 kB at 1.9 MB/s)
#21 14.57 [INFO] Downloading from jboss-https: https://repository.jboss.org/nexus/content/groups/public-jboss/net/java/dev/jna/jna/4.5.1/jna-4.5.1.pom
#21 14.94 [INFO] Downloading from central: https://repo.maven.apache.org/maven2/net/java/dev/jna/jna/4.5.1/jna-4.5.1.pom
#21 14.98 [INFO] Downloaded from central: https://repo.maven.apache.org/maven2/net/java/dev/jna/jna/4.5.1/jna-4.5.1.pom (1.6 kB at 41 kB/s)
#21 14.99 [INFO] Downloading from jboss-https: https://repository.jboss.org/nexus/content/groups/public-jboss/net/java/dev/jna/jna-platform/4.5.1/jna-platform-4.5.1.pom
#21 15.40 [INFO] Downloading from central: https://repo.maven.apache.org/maven2/net/java/dev/jna/jna-platform/4.5.1/jna-platform-4.5.1.pom
#21 15.44 [INFO] Downloaded from central: https://repo.maven.apache.org/maven2/net/java/dev/jna/jna-platform/4.5.1/jna-platform-4.5.1.pom (1.8 kB at 44 kB/s)
#21 15.44 [INFO] Downloading from jboss-https: https://repository.jboss.org/nexus/content/groups/public-jboss/org/slf4j/jcl-over-slf4j/1.7.25/jcl-over-slf4j-1.7.25.pom
#21 15.78 [INFO] Downloading from central: https://repo.maven.apache.org/maven2/org/slf4j/jcl-over-slf4j/1.7.25/jcl-over-slf4j-1.7.25.pom
#21 15.91 [INFO] Downloaded from central: https://repo.maven.apache.org/maven2/org/slf4j/jcl-over-slf4j/1.7.25/jcl-over-slf4j-1.7.25.pom (959 B at 7.2 kB/s)
#21 15.92 [INFO] Downloading from jboss-https: https://repository.jboss.org/nexus/content/groups/public-jboss/org/slf4j/slf4j-parent/1.7.25/slf4j-parent-1.7.25.pom
#21 16.20 [INFO] Downloading from central: https://repo.maven.apache.org/maven2/org/slf4j/slf4j-parent/1.7.25/slf4j-parent-1.7.25.pom
#21 16.23 [INFO] Downloaded from central: https://repo.maven.apache.org/maven2/org/slf4j/slf4j-parent/1.7.25/slf4j-parent-1.7.25.pom (14 kB at 409 kB/s)
#21 16.24 [INFO] Downloading from jboss-https: https://repository.jboss.org/nexus/content/groups/public-jboss/org/slf4j/slf4j-api/1.7.25/slf4j-api-1.7.25.pom
#21 16.54 [INFO] Downloading from central: https://repo.maven.apache.org/maven2/org/slf4j/slf4j-api/1.7.25/slf4j-api-1.7.25.pom
#21 16.57 [INFO] Downloaded from central: https://repo.maven.apache.org/maven2/org/slf4j/slf4j-api/1.7.25/slf4j-api-1.7.25.pom (3.8 kB at 128 kB/s)
#21 16.57 [INFO] Downloading from jboss-https: https://repository.jboss.org/nexus/content/groups/public-jboss/com/github/ben-manes/caffeine/caffeine/2.6.2/caffeine-2.6.2.pom
#21 16.97 [INFO] Downloading from central: https://repo.maven.apache.org/maven2/com/github/ben-manes/caffeine/caffeine/2.6.2/caffeine-2.6.2.pom
#21 17.00 [INFO] Downloaded from central: https://repo.maven.apache.org/maven2/com/github/ben-manes/caffeine/caffeine/2.6.2/caffeine-2.6.2.pom (5.6 kB at 170 kB/s)
#21 17.01 [INFO] Downloading from jboss-https: https://repository.jboss.org/nexus/content/groups/public-jboss/org/postgresql/postgresql/42.7.3/postgresql-42.7.3.jar
#21 17.31 [INFO] Downloading from jboss-https: https://repository.jboss.org/nexus/content/groups/public-jboss/org/checkerframework/checker-qual/3.42.0/checker-qual-3.42.0.jar
#21 17.32 [INFO] Downloading from jboss-https: https://repository.jboss.org/nexus/content/groups/public-jboss/junit/junit/4.13.2/junit-4.13.2.jar
#21 17.32 [INFO] Downloading from jboss-https: https://repository.jboss.org/nexus/content/groups/public-jboss/org/hamcrest/hamcrest-core/1.3/hamcrest-core-1.3.jar
#21 17.32 [INFO] Downloading from jboss-https: https://repository.jboss.org/nexus/content/groups/public-jboss/org/junit/jupiter/junit-jupiter-api/5.10.2/junit-jupiter-api-5.10.2.jar
#21 17.32 [INFO] Downloading from jboss-https: https://repository.jboss.org/nexus/content/groups/public-jboss/org/opentest4j/opentest4j/1.3.0/opentest4j-1.3.0.jar
#21 17.67 [INFO] Downloading from jboss-https: https://repository.jboss.org/nexus/content/groups/public-jboss/org/junit/platform/junit-platform-commons/1.10.2/junit-platform-commons-1.10.2.jar
#21 17.84 [INFO] Downloading from jboss-https: https://repository.jboss.org/nexus/content/groups/public-jboss/org/apiguardian/apiguardian-api/1.1.2/apiguardian-api-1.1.2.jar
#21 17.92 [INFO] Downloading from jboss-https: https://repository.jboss.org/nexus/content/groups/public-jboss/com/github/waffle/waffle-jna/1.9.1/waffle-jna-1.9.1.jar
#21 18.01 [INFO] Downloading from jboss-https: https://repository.jboss.org/nexus/content/groups/public-jboss/net/java/dev/jna/jna/4.5.1/jna-4.5.1.jar
#21 18.01 [INFO] Downloading from jboss-https: https://repository.jboss.org/nexus/content/groups/public-jboss/org/slf4j/jcl-over-slf4j/1.7.25/jcl-over-slf4j-1.7.25.jar
#21 18.01 [INFO] Downloading from jboss-https: https://repository.jboss.org/nexus/content/groups/public-jboss/net/java/dev/jna/jna-platform/4.5.1/jna-platform-4.5.1.jar
#21 18.14 [INFO] Downloading from jboss-https: https://repository.jboss.org/nexus/content/groups/public-jboss/org/slf4j/slf4j-api/1.7.25/slf4j-api-1.7.25.jar
#21 18.30 [INFO] Downloading from jboss-https: https://repository.jboss.org/nexus/content/groups/public-jboss/com/github/ben-manes/caffeine/caffeine/2.6.2/caffeine-2.6.2.jar
#21 18.59 [INFO] Downloading from central: https://repo.maven.apache.org/maven2/org/postgresql/postgresql/42.7.3/postgresql-42.7.3.jar
#21 18.64 [INFO] Downloaded from central: https://repo.maven.apache.org/maven2/org/postgresql/postgresql/42.7.3/postgresql-42.7.3.jar (1.1 MB at 22 MB/s)
#21 18.64 [INFO] Downloading from central: https://repo.maven.apache.org/maven2/org/checkerframework/checker-qual/3.42.0/checker-qual-3.42.0.jar
#21 18.64 [INFO] Downloading from central: https://repo.maven.apache.org/maven2/junit/junit/4.13.2/junit-4.13.2.jar
#21 18.64 [INFO] Downloading from central: https://repo.maven.apache.org/maven2/org/hamcrest/hamcrest-core/1.3/hamcrest-core-1.3.jar
#21 18.64 [INFO] Downloading from central: https://repo.maven.apache.org/maven2/org/junit/jupiter/junit-jupiter-api/5.10.2/junit-jupiter-api-5.10.2.jar
#21 18.64 [INFO] Downloading from central: https://repo.maven.apache.org/maven2/org/opentest4j/opentest4j/1.3.0/opentest4j-1.3.0.jar
#21 18.67 [INFO] Downloaded from central: https://repo.maven.apache.org/maven2/org/checkerframework/checker-qual/3.42.0/checker-qual-3.42.0.jar (231 kB at 8.5 MB/s)
#21 18.67 [INFO] Downloading from central: https://repo.maven.apache.org/maven2/org/junit/platform/junit-platform-commons/1.10.2/junit-platform-commons-1.10.2.jar
#21 18.67 [INFO] Downloaded from central: https://repo.maven.apache.org/maven2/org/junit/jupiter/junit-jupiter-api/5.10.2/junit-jupiter-api-5.10.2.jar (211 kB at 6.8 MB/s)
#21 18.67 [INFO] Downloaded from central: https://repo.maven.apache.org/maven2/org/hamcrest/hamcrest-core/1.3/hamcrest-core-1.3.jar (45 kB at 1.4 MB/s)
#21 18.67 [INFO] Downloading from central: https://repo.maven.apache.org/maven2/org/apiguardian/apiguardian-api/1.1.2/apiguardian-api-1.1.2.jar
#21 18.67 [INFO] Downloading from central: https://repo.maven.apache.org/maven2/com/github/waffle/waffle-jna/1.9.1/waffle-jna-1.9.1.jar
#21 18.68 [INFO] Downloaded from central: https://repo.maven.apache.org/maven2/org/opentest4j/opentest4j/1.3.0/opentest4j-1.3.0.jar (14 kB at 433 kB/s)
#21 18.68 [INFO] Downloading from central: https://repo.maven.apache.org/maven2/net/java/dev/jna/jna/4.5.1/jna-4.5.1.jar
#21 18.68 [INFO] Downloaded from central: https://repo.maven.apache.org/maven2/junit/junit/4.13.2/junit-4.13.2.jar (385 kB at 11 MB/s)
#21 18.68 [INFO] Downloading from central: https://repo.maven.apache.org/maven2/net/java/dev/jna/jna-platform/4.5.1/jna-platform-4.5.1.jar
#21 18.70 [INFO] Downloaded from central: https://repo.maven.apache.org/maven2/org/apiguardian/apiguardian-api/1.1.2/apiguardian-api-1.1.2.jar (6.8 kB at 126 kB/s)
#21 18.70 [INFO] Downloading from central: https://repo.maven.apache.org/maven2/org/slf4j/jcl-over-slf4j/1.7.25/jcl-over-slf4j-1.7.25.jar
#21 18.70 [INFO] Downloaded from central: https://repo.maven.apache.org/maven2/com/github/waffle/waffle-jna/1.9.1/waffle-jna-1.9.1.jar (68 kB at 1.2 MB/s)
#21 18.70 [INFO] Downloading from central: https://repo.maven.apache.org/maven2/org/slf4j/slf4j-api/1.7.25/slf4j-api-1.7.25.jar
#21 18.70 [INFO] Downloaded from central: https://repo.maven.apache.org/maven2/org/junit/platform/junit-platform-commons/1.10.2/junit-platform-commons-1.10.2.jar (106 kB at 1.9 MB/s)
#21 18.70 [INFO] Downloading from central: https://repo.maven.apache.org/maven2/com/github/ben-manes/caffeine/caffeine/2.6.2/caffeine-2.6.2.jar
#21 18.74 [INFO] Downloaded from central: https://repo.maven.apache.org/maven2/org/slf4j/slf4j-api/1.7.25/slf4j-api-1.7.25.jar (41 kB at 443 kB/s)
#21 18.74 [INFO] Downloaded from central: https://repo.maven.apache.org/maven2/org/slf4j/jcl-over-slf4j/1.7.25/jcl-over-slf4j-1.7.25.jar (17 kB at 170 kB/s)
#21 18.76 [INFO] Downloaded from central: https://repo.maven.apache.org/maven2/com/github/ben-manes/caffeine/caffeine/2.6.2/caffeine-2.6.2.jar (660 kB at 5.8 MB/s)
#21 18.79 [INFO] Downloaded from central: https://repo.maven.apache.org/maven2/net/java/dev/jna/jna/4.5.1/jna-4.5.1.jar (1.4 MB at 10 MB/s)
#21 18.79 [INFO] Downloaded from central: https://repo.maven.apache.org/maven2/net/java/dev/jna/jna-platform/4.5.1/jna-platform-4.5.1.jar (2.3 MB at 16 MB/s)
#21 18.79 [INFO] ------------------------------------------------------------------------
#21 18.79 [INFO] BUILD SUCCESS
#21 18.79 [INFO] ------------------------------------------------------------------------
#21 18.79 [INFO] Total time:  18.219 s
#21 18.79 [INFO] Finished at: 2026-04-18T22:07:45Z
#21 18.79 [INFO] ------------------------------------------------------------------------
#21 DONE 18.9s

#22 [build 15/20] RUN mvn -N -f pom.server-modernized.xml -s /tmp/maven-settings.xml -B dependency:get -Dartifact=org.hibernate:hibernate-core:5.0.10.Final
#22 0.578 [INFO] Scanning for projects...
#22 0.678 [INFO]
#22 0.678 [INFO] ----------------------< opendolphin:opendolphin >-----------------------
#22 0.679 [INFO] Building opendolphin 2.7.1
#22 0.679 [INFO]   from pom.server-modernized.xml
#22 0.679 [INFO] --------------------------------[ pom ]---------------------------------
#22 0.681 [INFO]
#22 0.681 [INFO] --- dependency:3.6.1:get (default-cli) @ opendolphin ---
#22 1.025 [INFO] Resolving org.hibernate:hibernate-core:jar:5.0.10.Final with transitive dependencies
#22 1.120 [INFO] Downloading from jboss-https: https://repository.jboss.org/nexus/content/groups/public-jboss/org/hibernate/hibernate-core/5.0.10.Final/hibernate-core-5.0.10.Final.pom
#22 1.909 [INFO] Downloaded from jboss-https: https://repository.jboss.org/nexus/content/groups/public-jboss/org/hibernate/hibernate-core/5.0.10.Final/hibernate-core-5.0.10.Final.pom (3.1 kB at 4.0 kB/s)
#22 1.926 [INFO] Downloading from jboss-https: https://repository.jboss.org/nexus/content/groups/public-jboss/org/jboss/logging/jboss-logging/3.3.0.Final/jboss-logging-3.3.0.Final.pom
#22 2.621 [INFO] Downloaded from jboss-https: https://repository.jboss.org/nexus/content/groups/public-jboss/org/jboss/logging/jboss-logging/3.3.0.Final/jboss-logging-3.3.0.Final.pom (5.9 kB at 8.4 kB/s)
#22 2.625 [INFO] Downloading from jboss-https: https://repository.jboss.org/nexus/content/groups/public-jboss/org/jboss/jboss-parent/15/jboss-parent-15.pom
#22 3.345 [INFO] Downloaded from jboss-https: https://repository.jboss.org/nexus/content/groups/public-jboss/org/jboss/jboss-parent/15/jboss-parent-15.pom (32 kB at 44 kB/s)
#22 3.354 [INFO] Downloading from jboss-https: https://repository.jboss.org/nexus/content/groups/public-jboss/org/hibernate/javax/persistence/hibernate-jpa-2.1-api/1.0.0.Final/hibernate-jpa-2.1-api-1.0.0.Final.pom
#22 3.695 [INFO] Downloaded from jboss-https: https://repository.jboss.org/nexus/content/groups/public-jboss/org/hibernate/javax/persistence/hibernate-jpa-2.1-api/1.0.0.Final/hibernate-jpa-2.1-api-1.0.0.Final.pom (2.2 kB at 6.5 kB/s)
#22 3.700 [INFO] Downloading from jboss-https: https://repository.jboss.org/nexus/content/groups/public-jboss/org/javassist/javassist/3.18.1-GA/javassist-3.18.1-GA.pom
#22 4.143 [INFO] Downloaded from jboss-https: https://repository.jboss.org/nexus/content/groups/public-jboss/org/javassist/javassist/3.18.1-GA/javassist-3.18.1-GA.pom (9.5 kB at 21 kB/s)
#22 4.151 [INFO] Downloading from jboss-https: https://repository.jboss.org/nexus/content/groups/public-jboss/antlr/antlr/2.7.7/antlr-2.7.7.pom
#22 4.599 [INFO] Downloading from central: https://repo.maven.apache.org/maven2/antlr/antlr/2.7.7/antlr-2.7.7.pom
#22 4.687 [INFO] Downloaded from central: https://repo.maven.apache.org/maven2/antlr/antlr/2.7.7/antlr-2.7.7.pom (632 B at 7.1 kB/s)
#22 4.689 [INFO] Downloading from jboss-https: https://repository.jboss.org/nexus/content/groups/public-jboss/org/apache/geronimo/specs/geronimo-jta_1.1_spec/1.1.1/geronimo-jta_1.1_spec-1.1.1.pom
#22 4.993 [INFO] Downloading from central: https://repo.maven.apache.org/maven2/org/apache/geronimo/specs/geronimo-jta_1.1_spec/1.1.1/geronimo-jta_1.1_spec-1.1.1.pom
#22 5.089 [INFO] Downloaded from central: https://repo.maven.apache.org/maven2/org/apache/geronimo/specs/geronimo-jta_1.1_spec/1.1.1/geronimo-jta_1.1_spec-1.1.1.pom (2.1 kB at 22 kB/s)
#22 5.092 [INFO] Downloading from jboss-https: https://repository.jboss.org/nexus/content/groups/public-jboss/org/apache/geronimo/specs/specs/1.4/specs-1.4.pom
#22 5.436 [INFO] Downloading from central: https://repo.maven.apache.org/maven2/org/apache/geronimo/specs/specs/1.4/specs-1.4.pom
#22 5.476 [INFO] Downloaded from central: https://repo.maven.apache.org/maven2/org/apache/geronimo/specs/specs/1.4/specs-1.4.pom (12 kB at 300 kB/s)
#22 5.481 [INFO] Downloading from jboss-https: https://repository.jboss.org/nexus/content/groups/public-jboss/org/apache/geronimo/genesis/config/project-config/1.2/project-config-1.2.pom
#22 5.804 [INFO] Downloading from central: https://repo.maven.apache.org/maven2/org/apache/geronimo/genesis/config/project-config/1.2/project-config-1.2.pom
#22 5.841 [INFO] Downloaded from central: https://repo.maven.apache.org/maven2/org/apache/geronimo/genesis/config/project-config/1.2/project-config-1.2.pom (22 kB at 589 kB/s)
#22 5.844 [INFO] Downloading from jboss-https: https://repository.jboss.org/nexus/content/groups/public-jboss/org/apache/geronimo/genesis/config/config/1.2/config-1.2.pom
#22 6.141 [INFO] Downloading from central: https://repo.maven.apache.org/maven2/org/apache/geronimo/genesis/config/config/1.2/config-1.2.pom
#22 6.176 [INFO] Downloaded from central: https://repo.maven.apache.org/maven2/org/apache/geronimo/genesis/config/config/1.2/config-1.2.pom (1.8 kB at 49 kB/s)
#22 6.181 [INFO] Downloading from jboss-https: https://repository.jboss.org/nexus/content/groups/public-jboss/org/apache/geronimo/genesis/genesis/1.2/genesis-1.2.pom
#22 6.485 [INFO] Downloading from central: https://repo.maven.apache.org/maven2/org/apache/geronimo/genesis/genesis/1.2/genesis-1.2.pom
#22 6.517 [INFO] Downloaded from central: https://repo.maven.apache.org/maven2/org/apache/geronimo/genesis/genesis/1.2/genesis-1.2.pom (11 kB at 336 kB/s)
#22 6.520 [INFO] Downloading from jboss-https: https://repository.jboss.org/nexus/content/groups/public-jboss/org/apache/apache/3/apache-3.pom
#22 6.846 [INFO] Downloading from central: https://repo.maven.apache.org/maven2/org/apache/apache/3/apache-3.pom
#22 6.877 [INFO] Downloaded from central: https://repo.maven.apache.org/maven2/org/apache/apache/3/apache-3.pom (3.4 kB at 111 kB/s)
#22 6.881 [INFO] Downloading from jboss-https: https://repository.jboss.org/nexus/content/groups/public-jboss/org/jboss/jandex/2.0.0.Final/jandex-2.0.0.Final.pom
#22 7.279 [INFO] Downloaded from jboss-https: https://repository.jboss.org/nexus/content/groups/public-jboss/org/jboss/jandex/2.0.0.Final/jandex-2.0.0.Final.pom (5.7 kB at 14 kB/s)
#22 7.283 [INFO] Downloading from jboss-https: https://repository.jboss.org/nexus/content/groups/public-jboss/org/jboss/jboss-parent/12/jboss-parent-12.pom
#22 7.959 [INFO] Downloaded from jboss-https: https://repository.jboss.org/nexus/content/groups/public-jboss/org/jboss/jboss-parent/12/jboss-parent-12.pom (32 kB at 47 kB/s)
#22 7.967 [INFO] Downloading from jboss-https: https://repository.jboss.org/nexus/content/groups/public-jboss/dom4j/dom4j/1.6.1/dom4j-1.6.1.pom
#22 8.416 [INFO] Downloading from central: https://repo.maven.apache.org/maven2/dom4j/dom4j/1.6.1/dom4j-1.6.1.pom
#22 8.448 [INFO] Downloaded from central: https://repo.maven.apache.org/maven2/dom4j/dom4j/1.6.1/dom4j-1.6.1.pom (6.8 kB at 211 kB/s)
#22 8.450 [INFO] Downloading from jboss-https: https://repository.jboss.org/nexus/content/groups/public-jboss/org/hibernate/common/hibernate-commons-annotations/5.0.1.Final/hibernate-commons-annotations-5.0.1.Final.pom
#22 8.850 [INFO] Downloaded from jboss-https: https://repository.jboss.org/nexus/content/groups/public-jboss/org/hibernate/common/hibernate-commons-annotations/5.0.1.Final/hibernate-commons-annotations-5.0.1.Final.pom (1.9 kB at 4.8 kB/s)
#22 8.858 [INFO] Downloading from jboss-https: https://repository.jboss.org/nexus/content/groups/public-jboss/org/hibernate/hibernate-core/5.0.10.Final/hibernate-core-5.0.10.Final.jar
#22 9.655 [INFO] Downloaded from jboss-https: https://repository.jboss.org/nexus/content/groups/public-jboss/org/hibernate/hibernate-core/5.0.10.Final/hibernate-core-5.0.10.Final.jar (5.6 MB at 7.0 MB/s)
#22 9.664 [INFO] Downloading from jboss-https: https://repository.jboss.org/nexus/content/groups/public-jboss/org/jboss/logging/jboss-logging/3.3.0.Final/jboss-logging-3.3.0.Final.jar
#22 9.664 [INFO] Downloading from jboss-https: https://repository.jboss.org/nexus/content/groups/public-jboss/org/hibernate/javax/persistence/hibernate-jpa-2.1-api/1.0.0.Final/hibernate-jpa-2.1-api-1.0.0.Final.jar
#22 9.665 [INFO] Downloading from jboss-https: https://repository.jboss.org/nexus/content/groups/public-jboss/org/javassist/javassist/3.18.1-GA/javassist-3.18.1-GA.jar
#22 9.666 [INFO] Downloading from jboss-https: https://repository.jboss.org/nexus/content/groups/public-jboss/antlr/antlr/2.7.7/antlr-2.7.7.jar
#22 9.667 [INFO] Downloading from jboss-https: https://repository.jboss.org/nexus/content/groups/public-jboss/org/apache/geronimo/specs/geronimo-jta_1.1_spec/1.1.1/geronimo-jta_1.1_spec-1.1.1.jar
#22 9.975 [INFO] Downloading from jboss-https: https://repository.jboss.org/nexus/content/groups/public-jboss/org/jboss/jandex/2.0.0.Final/jandex-2.0.0.Final.jar
#22 10.15 [INFO] Downloading from jboss-https: https://repository.jboss.org/nexus/content/groups/public-jboss/dom4j/dom4j/1.6.1/dom4j-1.6.1.jar
#22 10.15 [INFO] Downloaded from jboss-https: https://repository.jboss.org/nexus/content/groups/public-jboss/org/javassist/javassist/3.18.1-GA/javassist-3.18.1-GA.jar (714 kB at 1.4 MB/s)
#22 10.15 [INFO] Downloading from jboss-https: https://repository.jboss.org/nexus/content/groups/public-jboss/xml-apis/xml-apis/1.0.b2/xml-apis-1.0.b2.jar
#22 10.28 [INFO] Downloaded from jboss-https: https://repository.jboss.org/nexus/content/groups/public-jboss/org/hibernate/javax/persistence/hibernate-jpa-2.1-api/1.0.0.Final/hibernate-jpa-2.1-api-1.0.0.Final.jar (113 kB at 182 kB/s)
#22 10.28 [INFO] Downloading from jboss-https: https://repository.jboss.org/nexus/content/groups/public-jboss/org/hibernate/common/hibernate-commons-annotations/5.0.1.Final/hibernate-commons-annotations-5.0.1.Final.jar
#22 10.32 [INFO] Downloaded from jboss-https: https://repository.jboss.org/nexus/content/groups/public-jboss/org/jboss/jandex/2.0.0.Final/jandex-2.0.0.Final.jar (188 kB at 287 kB/s)
#22 10.39 [INFO] Downloaded from jboss-https: https://repository.jboss.org/nexus/content/groups/public-jboss/org/jboss/logging/jboss-logging/3.3.0.Final/jboss-logging-3.3.0.Final.jar (67 kB at 91 kB/s)
#22 10.68 [INFO] Downloaded from jboss-https: https://repository.jboss.org/nexus/content/groups/public-jboss/org/hibernate/common/hibernate-commons-annotations/5.0.1.Final/hibernate-commons-annotations-5.0.1.Final.jar (75 kB at 74 kB/s)
#22 10.69 [INFO] Downloading from central: https://repo.maven.apache.org/maven2/antlr/antlr/2.7.7/antlr-2.7.7.jar
#22 10.75 [INFO] Downloaded from central: https://repo.maven.apache.org/maven2/antlr/antlr/2.7.7/antlr-2.7.7.jar (445 kB at 7.5 MB/s)
#22 10.75 [INFO] Downloading from central: https://repo.maven.apache.org/maven2/org/apache/geronimo/specs/geronimo-jta_1.1_spec/1.1.1/geronimo-jta_1.1_spec-1.1.1.jar
#22 10.75 [INFO] Downloading from central: https://repo.maven.apache.org/maven2/dom4j/dom4j/1.6.1/dom4j-1.6.1.jar
#22 10.75 [INFO] Downloading from central: https://repo.maven.apache.org/maven2/xml-apis/xml-apis/1.0.b2/xml-apis-1.0.b2.jar
#22 10.82 [INFO] Downloaded from central: https://repo.maven.apache.org/maven2/org/apache/geronimo/specs/geronimo-jta_1.1_spec/1.1.1/geronimo-jta_1.1_spec-1.1.1.jar (16 kB at 236 kB/s)
#22 10.82 [INFO] Downloaded from central: https://repo.maven.apache.org/maven2/xml-apis/xml-apis/1.0.b2/xml-apis-1.0.b2.jar (109 kB at 1.5 MB/s)
#22 10.84 [INFO] Downloaded from central: https://repo.maven.apache.org/maven2/dom4j/dom4j/1.6.1/dom4j-1.6.1.jar (314 kB at 3.3 MB/s)
#22 10.85 [INFO] ------------------------------------------------------------------------
#22 10.85 [INFO] BUILD SUCCESS
#22 10.85 [INFO] ------------------------------------------------------------------------
#22 10.85 [INFO] Total time:  10.279 s
#22 10.85 [INFO] Finished at: 2026-04-18T22:07:56Z
#22 10.85 [INFO] ------------------------------------------------------------------------
#22 DONE 10.9s

#23 [build 16/20] RUN mkdir -p /tmp/hbcompat/src/org/hibernate/type /tmp/hbcompat/classes
#23 DONE 0.1s

#24 [build 17/20] COPY ops/modernized-server/docker/hbcompat/StringClobType.java /tmp/hbcompat/src/org/hibernate/type/StringClobType.java
#24 DONE 0.0s

#25 [build 18/20] RUN javac -cp /root/.m2/repository/org/hibernate/hibernate-core/5.0.10.Final/hibernate-core-5.0.10.Final.jar -d /tmp/hbcompat/classes /tmp/hbcompat/src/org/hibernate/type/StringClobType.java
#25 DONE 0.4s

#26 [build 19/20] RUN jar cf /tmp/hbcompat/string-clob-type-compat.jar -C /tmp/hbcompat/classes .
#26 DONE 0.2s

#27 [build 20/20] RUN set -eux;     mvn -f pom.server-modernized.xml -s /tmp/maven-settings.xml -B -pl server-modernized -am -P dev -DskipTests package;     WAR_DIR=server-modernized/target;     WAR_FILE="${WAR_DIR}/opendolphin-server.war";     if [ ! -f "${WAR_FILE}" ]; then         FIRST_WAR=$(ls "${WAR_DIR}"/*.war | head -n 1);         mv "${FIRST_WAR}" "${WAR_FILE}";     fi
#27 0.092 + mvn -f pom.server-modernized.xml -s /tmp/maven-settings.xml -B -pl server-modernized -am -P dev -DskipTests package
#27 0.812 [INFO] Scanning for projects...
#27 0.950 [INFO] Downloading from jboss-https: https://repository.jboss.org/nexus/content/groups/public-jboss/org/wildfly/bom/wildfly-ee-with-tools/35.0.1.Final/wildfly-ee-with-tools-35.0.1.Final.pom
#27 2.221 [INFO] Downloaded from jboss-https: https://repository.jboss.org/nexus/content/groups/public-jboss/org/wildfly/bom/wildfly-ee-with-tools/35.0.1.Final/wildfly-ee-with-tools-35.0.1.Final.pom (2.6 kB at 2.0 kB/s)
#27 2.238 [INFO] Downloading from jboss-https: https://repository.jboss.org/nexus/content/groups/public-jboss/org/wildfly/bom/wildfly-ee/35.0.1.Final/wildfly-ee-35.0.1.Final.pom
#27 2.930 [INFO] Downloaded from jboss-https: https://repository.jboss.org/nexus/content/groups/public-jboss/org/wildfly/bom/wildfly-ee/35.0.1.Final/wildfly-ee-35.0.1.Final.pom (80 kB at 115 kB/s)
#27 2.940 [INFO] Downloading from jboss-https: https://repository.jboss.org/nexus/content/groups/public-jboss/org/jboss/jboss-parent/47/jboss-parent-47.pom
#27 3.572 [INFO] Downloaded from jboss-https: https://repository.jboss.org/nexus/content/groups/public-jboss/org/jboss/jboss-parent/47/jboss-parent-47.pom (86 kB at 136 kB/s)
#27 3.591 [INFO] Downloading from jboss-https: https://repository.jboss.org/nexus/content/groups/public-jboss/org/wildfly/bom/wildfly-tools/35.0.1.Final/wildfly-tools-35.0.1.Final.pom
#27 4.173 [INFO] Downloaded from jboss-https: https://repository.jboss.org/nexus/content/groups/public-jboss/org/wildfly/bom/wildfly-tools/35.0.1.Final/wildfly-tools-35.0.1.Final.pom (5.9 kB at 10 kB/s)
#27 4.181 [INFO] Downloading from jboss-https: https://repository.jboss.org/nexus/content/groups/public-jboss/jakarta/platform/jakarta.jakartaee-bom/10.0.0/jakarta.jakartaee-bom-10.0.0.pom
#27 4.503 [INFO] Downloading from central: https://repo.maven.apache.org/maven2/jakarta/platform/jakarta.jakartaee-bom/10.0.0/jakarta.jakartaee-bom-10.0.0.pom
#27 4.576 [INFO] Downloaded from central: https://repo.maven.apache.org/maven2/jakarta/platform/jakarta.jakartaee-bom/10.0.0/jakarta.jakartaee-bom-10.0.0.pom (14 kB at 190 kB/s)
#27 4.579 [INFO] Downloading from jboss-https: https://repository.jboss.org/nexus/content/groups/public-jboss/jakarta/platform/jakartaee-api-parent/10.0.0/jakartaee-api-parent-10.0.0.pom
#27 5.031 [INFO] Downloading from central: https://repo.maven.apache.org/maven2/jakarta/platform/jakartaee-api-parent/10.0.0/jakartaee-api-parent-10.0.0.pom
#27 5.058 [INFO] Downloaded from central: https://repo.maven.apache.org/maven2/jakarta/platform/jakartaee-api-parent/10.0.0/jakartaee-api-parent-10.0.0.pom (15 kB at 560 kB/s)
#27 5.063 [INFO] Downloading from jboss-https: https://repository.jboss.org/nexus/content/groups/public-jboss/org/eclipse/ee4j/project/1.0.7/project-1.0.7.pom
#27 5.355 [INFO] Downloading from central: https://repo.maven.apache.org/maven2/org/eclipse/ee4j/project/1.0.7/project-1.0.7.pom
#27 5.383 [INFO] Downloaded from central: https://repo.maven.apache.org/maven2/org/eclipse/ee4j/project/1.0.7/project-1.0.7.pom (14 kB at 506 kB/s)
#27 5.398 [INFO] ------------------------------------------------------------------------
#27 5.398 [INFO] Reactor Build Order:
#27 5.398 [INFO]
#27 5.398 [INFO] opendolphin                                                        [pom]
#27 5.398 [INFO] opendolphin-api-contract                                           [jar]
#27 5.398 [INFO] opendolphin-persistence                                            [jar]
#27 5.398 [INFO] opendolphin-reporting                                              [jar]
#27 5.399 [INFO] opendolphin-server-modernized                                      [war]
#27 5.403 [INFO]
#27 5.403 [INFO] ----------------------< opendolphin:opendolphin >-----------------------
#27 5.403 [INFO] Building opendolphin 2.7.1                                         [1/5]
#27 5.403 [INFO]   from pom.server-modernized.xml
#27 5.403 [INFO] --------------------------------[ pom ]---------------------------------
#27 5.404 [INFO]
#27 5.404 [INFO] ----------------< opendolphin:opendolphin-api-contract >----------------
#27 5.404 [INFO] Building opendolphin-api-contract 2.7.1                            [2/5]
#27 5.404 [INFO]   from api-contract/pom.xml
#27 5.404 [INFO] --------------------------------[ jar ]---------------------------------
#27 5.407 [INFO] Downloading from central: https://repo.maven.apache.org/maven2/org/apache/maven/plugins/maven-resources-plugin/3.3.1/maven-resources-plugin-3.3.1.pom
#27 5.431 [INFO] Downloaded from central: https://repo.maven.apache.org/maven2/org/apache/maven/plugins/maven-resources-plugin/3.3.1/maven-resources-plugin-3.3.1.pom (8.2 kB at 340 kB/s)
#27 5.443 [INFO] Downloading from central: https://repo.maven.apache.org/maven2/org/apache/maven/plugins/maven-resources-plugin/3.3.1/maven-resources-plugin-3.3.1.jar
#27 5.550 [INFO] Downloaded from central: https://repo.maven.apache.org/maven2/org/apache/maven/plugins/maven-resources-plugin/3.3.1/maven-resources-plugin-3.3.1.jar (31 kB at 289 kB/s)
#27 5.560 [INFO] Downloading from central: https://repo.maven.apache.org/maven2/org/apache/maven/plugins/maven-compiler-plugin/3.11.0/maven-compiler-plugin-3.11.0.pom
#27 5.581 [INFO] Downloaded from central: https://repo.maven.apache.org/maven2/org/apache/maven/plugins/maven-compiler-plugin/3.11.0/maven-compiler-plugin-3.11.0.pom (9.8 kB at 467 kB/s)
#27 5.586 [INFO] Downloading from central: https://repo.maven.apache.org/maven2/org/apache/maven/plugins/maven-compiler-plugin/3.11.0/maven-compiler-plugin-3.11.0.jar
#27 5.660 [INFO] Downloaded from central: https://repo.maven.apache.org/maven2/org/apache/maven/plugins/maven-compiler-plugin/3.11.0/maven-compiler-plugin-3.11.0.jar (66 kB at 888 kB/s)
#27 5.668 [INFO] Downloading from central: https://repo.maven.apache.org/maven2/org/apache/maven/plugins/maven-surefire-plugin/3.2.5/maven-surefire-plugin-3.2.5.pom
#27 5.686 [INFO] Downloaded from central: https://repo.maven.apache.org/maven2/org/apache/maven/plugins/maven-surefire-plugin/3.2.5/maven-surefire-plugin-3.2.5.pom (5.3 kB at 296 kB/s)
#27 5.688 [INFO] Downloading from central: https://repo.maven.apache.org/maven2/org/apache/maven/surefire/surefire/3.2.5/surefire-3.2.5.pom
#27 5.710 [INFO] Downloaded from central: https://repo.maven.apache.org/maven2/org/apache/maven/surefire/surefire/3.2.5/surefire-3.2.5.pom (22 kB at 955 kB/s)
#27 5.712 [INFO] Downloading from central: https://repo.maven.apache.org/maven2/org/apache/maven/maven-parent/41/maven-parent-41.pom
#27 5.737 [INFO] Downloaded from central: https://repo.maven.apache.org/maven2/org/apache/maven/maven-parent/41/maven-parent-41.pom (50 kB at 1.9 MB/s)
#27 5.739 [INFO] Downloading from central: https://repo.maven.apache.org/maven2/org/apache/apache/31/apache-31.pom
#27 5.760 [INFO] Downloaded from central: https://repo.maven.apache.org/maven2/org/apache/apache/31/apache-31.pom (24 kB at 1.1 MB/s)
#27 5.764 [INFO] Downloading from central: https://repo.maven.apache.org/maven2/org/apache/maven/plugins/maven-surefire-plugin/3.2.5/maven-surefire-plugin-3.2.5.jar
#27 5.873 [INFO] Downloaded from central: https://repo.maven.apache.org/maven2/org/apache/maven/plugins/maven-surefire-plugin/3.2.5/maven-surefire-plugin-3.2.5.jar (45 kB at 409 kB/s)
#27 5.882 [INFO] Downloading from central: https://repo.maven.apache.org/maven2/org/apache/maven/plugins/maven-jar-plugin/3.3.0/maven-jar-plugin-3.3.0.pom
#27 5.900 [INFO] Downloaded from central: https://repo.maven.apache.org/maven2/org/apache/maven/plugins/maven-jar-plugin/3.3.0/maven-jar-plugin-3.3.0.pom (6.8 kB at 376 kB/s)
#27 5.902 [INFO] Downloading from central: https://repo.maven.apache.org/maven2/org/apache/maven/plugins/maven-plugins/37/maven-plugins-37.pom
#27 5.924 [INFO] Downloaded from central: https://repo.maven.apache.org/maven2/org/apache/maven/plugins/maven-plugins/37/maven-plugins-37.pom (9.9 kB at 450 kB/s)
#27 5.929 [INFO] Downloading from central: https://repo.maven.apache.org/maven2/org/apache/maven/plugins/maven-jar-plugin/3.3.0/maven-jar-plugin-3.3.0.jar
#27 5.949 [INFO] Downloaded from central: https://repo.maven.apache.org/maven2/org/apache/maven/plugins/maven-jar-plugin/3.3.0/maven-jar-plugin-3.3.0.jar (27 kB at 1.4 MB/s)
#27 5.954 [INFO] Downloading from jboss-https: https://repository.jboss.org/nexus/content/groups/public-jboss/com/fasterxml/jackson/core/jackson-annotations/2.15.4/jackson-annotations-2.15.4.pom
#27 6.251 [INFO] Downloading from central: https://repo.maven.apache.org/maven2/com/fasterxml/jackson/core/jackson-annotations/2.15.4/jackson-annotations-2.15.4.pom
#27 6.281 [INFO] Downloaded from central: https://repo.maven.apache.org/maven2/com/fasterxml/jackson/core/jackson-annotations/2.15.4/jackson-annotations-2.15.4.pom (7.1 kB at 228 kB/s)
#27 6.300 [INFO] Downloading from jboss-https: https://repository.jboss.org/nexus/content/groups/public-jboss/com/fasterxml/jackson/jackson-parent/2.15/jackson-parent-2.15.pom
#27 6.782 [INFO] Downloading from central: https://repo.maven.apache.org/maven2/com/fasterxml/jackson/jackson-parent/2.15/jackson-parent-2.15.pom
#27 6.801 [INFO] Downloaded from central: https://repo.maven.apache.org/maven2/com/fasterxml/jackson/jackson-parent/2.15/jackson-parent-2.15.pom (6.5 kB at 326 kB/s)
#27 6.802 [INFO] Downloading from jboss-https: https://repository.jboss.org/nexus/content/groups/public-jboss/com/fasterxml/oss-parent/50/oss-parent-50.pom
#27 7.124 [INFO] Downloading from central: https://repo.maven.apache.org/maven2/com/fasterxml/oss-parent/50/oss-parent-50.pom
#27 7.159 [INFO] Downloaded from central: https://repo.maven.apache.org/maven2/com/fasterxml/oss-parent/50/oss-parent-50.pom (24 kB at 675 kB/s)
#27 7.177 [INFO] Downloading from jboss-https: https://repository.jboss.org/nexus/content/groups/public-jboss/com/fasterxml/jackson/core/jackson-annotations/2.15.4/jackson-annotations-2.15.4.jar
#27 7.449 [INFO] Downloading from central: https://repo.maven.apache.org/maven2/com/fasterxml/jackson/core/jackson-annotations/2.15.4/jackson-annotations-2.15.4.jar
#27 7.475 [INFO] Downloaded from central: https://repo.maven.apache.org/maven2/com/fasterxml/jackson/core/jackson-annotations/2.15.4/jackson-annotations-2.15.4.jar (76 kB at 3.0 MB/s)
#27 7.477 [INFO]
#27 7.477 [INFO] --- resources:3.3.1:resources (default-resources) @ opendolphin-api-contract ---
#27 7.490 [INFO] Downloading from central: https://repo.maven.apache.org/maven2/org/apache/maven/shared/maven-filtering/3.3.1/maven-filtering-3.3.1.pom
#27 7.512 [INFO] Downloaded from central: https://repo.maven.apache.org/maven2/org/apache/maven/shared/maven-filtering/3.3.1/maven-filtering-3.3.1.pom (6.0 kB at 262 kB/s)
#27 7.534 [INFO] Downloading from central: https://repo.maven.apache.org/maven2/org/codehaus/plexus/plexus-interpolation/1.26/plexus-interpolation-1.26.jar
#27 7.650 [INFO] Downloaded from central: https://repo.maven.apache.org/maven2/org/codehaus/plexus/plexus-interpolation/1.26/plexus-interpolation-1.26.jar (85 kB at 736 kB/s)
#27 7.651 [INFO] Downloading from central: https://repo.maven.apache.org/maven2/org/apache/maven/shared/maven-filtering/3.3.1/maven-filtering-3.3.1.jar
#27 7.651 [INFO] Downloading from central: https://repo.maven.apache.org/maven2/commons-io/commons-io/2.11.0/commons-io-2.11.0.jar
#27 7.652 [INFO] Downloading from central: https://repo.maven.apache.org/maven2/org/apache/commons/commons-lang3/3.12.0/commons-lang3-3.12.0.jar
#27 7.670 [INFO] Downloaded from central: https://repo.maven.apache.org/maven2/org/apache/maven/shared/maven-filtering/3.3.1/maven-filtering-3.3.1.jar (55 kB at 2.7 MB/s)
#27 7.720 [INFO] Downloaded from central: https://repo.maven.apache.org/maven2/commons-io/commons-io/2.11.0/commons-io-2.11.0.jar (327 kB at 4.8 MB/s)
#27 7.726 [INFO] Downloaded from central: https://repo.maven.apache.org/maven2/org/apache/commons/commons-lang3/3.12.0/commons-lang3-3.12.0.jar (587 kB at 7.8 MB/s)
#27 7.775 [INFO] skip non existing resourceDirectory /workspace/api-contract/src/main/resources
#27 7.775 [INFO]
#27 7.775 [INFO] --- compiler:3.11.0:compile (default-compile) @ opendolphin-api-contract ---
#27 7.785 [INFO] Downloading from central: https://repo.maven.apache.org/maven2/org/apache/maven/shared/maven-shared-incremental/1.1/maven-shared-incremental-1.1.pom
#27 7.805 [INFO] Downloaded from central: https://repo.maven.apache.org/maven2/org/apache/maven/shared/maven-shared-incremental/1.1/maven-shared-incremental-1.1.pom (4.7 kB at 226 kB/s)
#27 7.807 [INFO] Downloading from central: https://repo.maven.apache.org/maven2/org/apache/maven/shared/maven-shared-components/19/maven-shared-components-19.pom
#27 7.826 [INFO] Downloaded from central: https://repo.maven.apache.org/maven2/org/apache/maven/shared/maven-shared-components/19/maven-shared-components-19.pom (6.4 kB at 335 kB/s)
#27 7.831 [INFO] Downloading from central: https://repo.maven.apache.org/maven2/org/codehaus/plexus/plexus-java/1.1.2/plexus-java-1.1.2.pom
#27 7.853 [INFO] Downloaded from central: https://repo.maven.apache.org/maven2/org/codehaus/plexus/plexus-java/1.1.2/plexus-java-1.1.2.pom (5.0 kB at 226 kB/s)
#27 7.855 [INFO] Downloading from central: https://repo.maven.apache.org/maven2/org/codehaus/plexus/plexus-languages/1.1.2/plexus-languages-1.1.2.pom
#27 7.876 [INFO] Downloaded from central: https://repo.maven.apache.org/maven2/org/codehaus/plexus/plexus-languages/1.1.2/plexus-languages-1.1.2.pom (4.1 kB at 188 kB/s)
#27 7.884 [INFO] Downloading from central: https://repo.maven.apache.org/maven2/org/ow2/asm/asm/9.4/asm-9.4.pom
#27 7.986 [INFO] Downloaded from central: https://repo.maven.apache.org/maven2/org/ow2/asm/asm/9.4/asm-9.4.pom (2.4 kB at 23 kB/s)
#27 7.990 [INFO] Downloading from central: https://repo.maven.apache.org/maven2/com/thoughtworks/qdox/qdox/2.0.3/qdox-2.0.3.pom
#27 8.012 [INFO] Downloaded from central: https://repo.maven.apache.org/maven2/com/thoughtworks/qdox/qdox/2.0.3/qdox-2.0.3.pom (17 kB at 784 kB/s)
#27 8.014 [INFO] Downloading from central: https://repo.maven.apache.org/maven2/org/sonatype/oss/oss-parent/9/oss-parent-9.pom
#27 8.036 [INFO] Downloaded from central: https://repo.maven.apache.org/maven2/org/sonatype/oss/oss-parent/9/oss-parent-9.pom (6.6 kB at 299 kB/s)
#27 8.039 [INFO] Downloading from central: https://repo.maven.apache.org/maven2/org/codehaus/plexus/plexus-compiler-api/2.13.0/plexus-compiler-api-2.13.0.pom
#27 8.057 [INFO] Downloaded from central: https://repo.maven.apache.org/maven2/org/codehaus/plexus/plexus-compiler-api/2.13.0/plexus-compiler-api-2.13.0.pom (1.1 kB at 59 kB/s)
#27 8.059 [INFO] Downloading from central: https://repo.maven.apache.org/maven2/org/codehaus/plexus/plexus-compiler/2.13.0/plexus-compiler-2.13.0.pom
#27 8.076 [INFO] Downloaded from central: https://repo.maven.apache.org/maven2/org/codehaus/plexus/plexus-compiler/2.13.0/plexus-compiler-2.13.0.pom (8.4 kB at 466 kB/s)
#27 8.078 [INFO] Downloading from central: https://repo.maven.apache.org/maven2/org/codehaus/plexus/plexus-components/10.0/plexus-components-10.0.pom
#27 8.185 [INFO] Downloaded from central: https://repo.maven.apache.org/maven2/org/codehaus/plexus/plexus-components/10.0/plexus-components-10.0.pom (2.7 kB at 25 kB/s)
#27 8.195 [INFO] Downloading from central: https://repo.maven.apache.org/maven2/org/codehaus/plexus/plexus-compiler-manager/2.13.0/plexus-compiler-manager-2.13.0.pom
#27 8.219 [INFO] Downloaded from central: https://repo.maven.apache.org/maven2/org/codehaus/plexus/plexus-compiler-manager/2.13.0/plexus-compiler-manager-2.13.0.pom (1.1 kB at 46 kB/s)
#27 8.223 [INFO] Downloading from central: https://repo.maven.apache.org/maven2/org/codehaus/plexus/plexus-component-annotations/2.1.1/plexus-component-annotations-2.1.1.pom
#27 8.250 [INFO] Downloaded from central: https://repo.maven.apache.org/maven2/org/codehaus/plexus/plexus-component-annotations/2.1.1/plexus-component-annotations-2.1.1.pom (770 B at 29 kB/s)
#27 8.251 [INFO] Downloading from central: https://repo.maven.apache.org/maven2/org/codehaus/plexus/plexus-containers/2.1.1/plexus-containers-2.1.1.pom
#27 8.273 [INFO] Downloaded from central: https://repo.maven.apache.org/maven2/org/codehaus/plexus/plexus-containers/2.1.1/plexus-containers-2.1.1.pom (6.0 kB at 274 kB/s)
#27 8.275 [INFO] Downloading from central: https://repo.maven.apache.org/maven2/org/codehaus/plexus/plexus/6.5/plexus-6.5.pom
#27 8.304 [INFO] Downloaded from central: https://repo.maven.apache.org/maven2/org/codehaus/plexus/plexus/6.5/plexus-6.5.pom (26 kB at 887 kB/s)
#27 8.307 [INFO] Downloading from central: https://repo.maven.apache.org/maven2/org/codehaus/plexus/plexus-compiler-javac/2.13.0/plexus-compiler-javac-2.13.0.pom
#27 8.329 [INFO] Downloaded from central: https://repo.maven.apache.org/maven2/org/codehaus/plexus/plexus-compiler-javac/2.13.0/plexus-compiler-javac-2.13.0.pom (1.2 kB at 55 kB/s)
#27 8.331 [INFO] Downloading from central: https://repo.maven.apache.org/maven2/org/codehaus/plexus/plexus-compilers/2.13.0/plexus-compilers-2.13.0.pom
#27 8.353 [INFO] Downloaded from central: https://repo.maven.apache.org/maven2/org/codehaus/plexus/plexus-compilers/2.13.0/plexus-compilers-2.13.0.pom (1.3 kB at 60 kB/s)
#27 8.361 [INFO] Downloading from central: https://repo.maven.apache.org/maven2/org/apache/maven/shared/maven-shared-utils/3.3.4/maven-shared-utils-3.3.4.jar
#27 8.406 [INFO] Downloaded from central: https://repo.maven.apache.org/maven2/org/apache/maven/shared/maven-shared-utils/3.3.4/maven-shared-utils-3.3.4.jar (153 kB at 3.5 MB/s)
#27 8.406 [INFO] Downloading from central: https://repo.maven.apache.org/maven2/commons-io/commons-io/2.6/commons-io-2.6.jar
#27 8.407 [INFO] Downloading from central: https://repo.maven.apache.org/maven2/org/apache/maven/shared/maven-shared-incremental/1.1/maven-shared-incremental-1.1.jar
#27 8.407 [INFO] Downloading from central: https://repo.maven.apache.org/maven2/org/codehaus/plexus/plexus-component-annotations/1.5.5/plexus-component-annotations-1.5.5.jar
#27 8.408 [INFO] Downloading from central: https://repo.maven.apache.org/maven2/org/codehaus/plexus/plexus-java/1.1.2/plexus-java-1.1.2.jar
#27 8.408 [INFO] Downloading from central: https://repo.maven.apache.org/maven2/org/ow2/asm/asm/9.4/asm-9.4.jar
#27 8.521 [INFO] Downloaded from central: https://repo.maven.apache.org/maven2/org/apache/maven/shared/maven-shared-incremental/1.1/maven-shared-incremental-1.1.jar (14 kB at 119 kB/s)
#27 8.521 [INFO] Downloading from central: https://repo.maven.apache.org/maven2/com/thoughtworks/qdox/qdox/2.0.3/qdox-2.0.3.jar
#27 8.521 [INFO] Downloaded from central: https://repo.maven.apache.org/maven2/org/codehaus/plexus/plexus-component-annotations/1.5.5/plexus-component-annotations-1.5.5.jar (4.2 kB at 37 kB/s)
#27 8.521 [INFO] Downloading from central: https://repo.maven.apache.org/maven2/org/codehaus/plexus/plexus-compiler-api/2.13.0/plexus-compiler-api-2.13.0.jar
#27 8.525 [INFO] Downloaded from central: https://repo.maven.apache.org/maven2/commons-io/commons-io/2.6/commons-io-2.6.jar (215 kB at 1.8 MB/s)
#27 8.525 [INFO] Downloading from central: https://repo.maven.apache.org/maven2/org/codehaus/plexus/plexus-compiler-manager/2.13.0/plexus-compiler-manager-2.13.0.jar
#27 8.543 [INFO] Downloaded from central: https://repo.maven.apache.org/maven2/org/codehaus/plexus/plexus-compiler-manager/2.13.0/plexus-compiler-manager-2.13.0.jar (4.7 kB at 34 kB/s)
#27 8.543 [INFO] Downloading from central: https://repo.maven.apache.org/maven2/org/codehaus/plexus/plexus-compiler-javac/2.13.0/plexus-compiler-javac-2.13.0.jar
#27 8.544 [INFO] Downloaded from central: https://repo.maven.apache.org/maven2/org/codehaus/plexus/plexus-compiler-api/2.13.0/plexus-compiler-api-2.13.0.jar (27 kB at 199 kB/s)
#27 8.555 [INFO] Downloaded from central: https://repo.maven.apache.org/maven2/org/codehaus/plexus/plexus-java/1.1.2/plexus-java-1.1.2.jar (55 kB at 372 kB/s)
#27 8.561 [INFO] Downloaded from central: https://repo.maven.apache.org/maven2/com/thoughtworks/qdox/qdox/2.0.3/qdox-2.0.3.jar (334 kB at 2.2 MB/s)
#27 8.566 [INFO] Downloaded from central: https://repo.maven.apache.org/maven2/org/codehaus/plexus/plexus-compiler-javac/2.13.0/plexus-compiler-javac-2.13.0.jar (23 kB at 144 kB/s)
#27 8.568 [INFO] Downloaded from central: https://repo.maven.apache.org/maven2/org/ow2/asm/asm/9.4/asm-9.4.jar (122 kB at 765 kB/s)
#27 8.611 [INFO] Changes detected - recompiling the module! :source
#27 8.612 [INFO] Compiling 125 source files with javac [debug release 17] to target/classes
#27 9.372 [INFO]
#27 9.372 [INFO] --- resources:3.3.1:testResources (default-testResources) @ opendolphin-api-contract ---
#27 9.373 [INFO] skip non existing resourceDirectory /workspace/api-contract/src/test/resources
#27 9.373 [INFO]
#27 9.373 [INFO] --- compiler:3.11.0:testCompile (default-testCompile) @ opendolphin-api-contract ---
#27 9.376 [INFO] No sources to compile
#27 9.376 [INFO]
#27 9.376 [INFO] --- surefire:3.2.5:test (default-test) @ opendolphin-api-contract ---
#27 9.379 [INFO] Downloading from central: https://repo.maven.apache.org/maven2/org/apache/maven/surefire/maven-surefire-common/3.2.5/maven-surefire-common-3.2.5.pom
#27 9.399 [INFO] Downloaded from central: https://repo.maven.apache.org/maven2/org/apache/maven/surefire/maven-surefire-common/3.2.5/maven-surefire-common-3.2.5.pom (6.2 kB at 312 kB/s)
#27 9.403 [INFO] Downloading from central: https://repo.maven.apache.org/maven2/org/apache/maven/surefire/surefire-api/3.2.5/surefire-api-3.2.5.pom
#27 9.422 [INFO] Downloaded from central: https://repo.maven.apache.org/maven2/org/apache/maven/surefire/surefire-api/3.2.5/surefire-api-3.2.5.pom (3.5 kB at 186 kB/s)
#27 9.429 [INFO] Downloading from central: https://repo.maven.apache.org/maven2/org/apache/maven/surefire/surefire-logger-api/3.2.5/surefire-logger-api-3.2.5.pom
#27 9.545 [INFO] Downloaded from central: https://repo.maven.apache.org/maven2/org/apache/maven/surefire/surefire-logger-api/3.2.5/surefire-logger-api-3.2.5.pom (3.3 kB at 28 kB/s)
#27 9.549 [INFO] Downloading from central: https://repo.maven.apache.org/maven2/org/apache/maven/surefire/surefire-shared-utils/3.2.5/surefire-shared-utils-3.2.5.pom
#27 9.578 [INFO] Downloaded from central: https://repo.maven.apache.org/maven2/org/apache/maven/surefire/surefire-shared-utils/3.2.5/surefire-shared-utils-3.2.5.pom (4.1 kB at 145 kB/s)
#27 9.580 [INFO] Downloading from central: https://repo.maven.apache.org/maven2/org/apache/maven/surefire/surefire-extensions-api/3.2.5/surefire-extensions-api-3.2.5.pom
#27 9.598 [INFO] Downloaded from central: https://repo.maven.apache.org/maven2/org/apache/maven/surefire/surefire-extensions-api/3.2.5/surefire-extensions-api-3.2.5.pom (3.3 kB at 184 kB/s)
#27 9.601 [INFO] Downloading from central: https://repo.maven.apache.org/maven2/org/apache/maven/surefire/surefire-booter/3.2.5/surefire-booter-3.2.5.pom
#27 9.622 [INFO] Downloaded from central: https://repo.maven.apache.org/maven2/org/apache/maven/surefire/surefire-booter/3.2.5/surefire-booter-3.2.5.pom (4.5 kB at 202 kB/s)
#27 9.626 [INFO] Downloading from central: https://repo.maven.apache.org/maven2/org/apache/maven/surefire/surefire-extensions-spi/3.2.5/surefire-extensions-spi-3.2.5.pom
#27 9.646 [INFO] Downloaded from central: https://repo.maven.apache.org/maven2/org/apache/maven/surefire/surefire-extensions-spi/3.2.5/surefire-extensions-spi-3.2.5.pom (1.8 kB at 93 kB/s)
#27 9.650 [INFO] Downloading from central: https://repo.maven.apache.org/maven2/org/apache/maven/shared/maven-common-artifact-filters/3.1.1/maven-common-artifact-filters-3.1.1.pom
#27 9.755 [INFO] Downloaded from central: https://repo.maven.apache.org/maven2/org/apache/maven/shared/maven-common-artifact-filters/3.1.1/maven-common-artifact-filters-3.1.1.pom (5.8 kB at 55 kB/s)
#27 9.778 [INFO] Downloading from central: https://repo.maven.apache.org/maven2/org/eclipse/sisu/org.eclipse.sisu.plexus/0.9.0.M2/org.eclipse.sisu.plexus-0.9.0.M2.pom
#27 9.800 [INFO] Downloaded from central: https://repo.maven.apache.org/maven2/org/eclipse/sisu/org.eclipse.sisu.plexus/0.9.0.M2/org.eclipse.sisu.plexus-0.9.0.M2.pom (15 kB at 651 kB/s)
#27 9.801 [INFO] Downloading from central: https://repo.maven.apache.org/maven2/org/eclipse/sisu/sisu-plexus/0.9.0.M2/sisu-plexus-0.9.0.M2.pom
#27 9.822 [INFO] Downloaded from central: https://repo.maven.apache.org/maven2/org/eclipse/sisu/sisu-plexus/0.9.0.M2/sisu-plexus-0.9.0.M2.pom (15 kB at 725 kB/s)
#27 9.823 [INFO] Downloading from central: https://repo.maven.apache.org/maven2/javax/annotation/javax.annotation-api/1.2/javax.annotation-api-1.2.pom
#27 9.846 [INFO] Downloaded from central: https://repo.maven.apache.org/maven2/javax/annotation/javax.annotation-api/1.2/javax.annotation-api-1.2.pom (13 kB at 584 kB/s)
#27 9.847 [INFO] Downloading from central: https://repo.maven.apache.org/maven2/net/java/jvnet-parent/3/jvnet-parent-3.pom
#27 9.867 [INFO] Downloaded from central: https://repo.maven.apache.org/maven2/net/java/jvnet-parent/3/jvnet-parent-3.pom (4.8 kB at 239 kB/s)
#27 9.869 [INFO] Downloading from central: https://repo.maven.apache.org/maven2/javax/enterprise/cdi-api/1.2/cdi-api-1.2.pom
#27 9.894 [INFO] Downloaded from central: https://repo.maven.apache.org/maven2/javax/enterprise/cdi-api/1.2/cdi-api-1.2.pom (6.3 kB at 251 kB/s)
#27 9.896 [INFO] Downloading from central: https://repo.maven.apache.org/maven2/org/jboss/weld/weld-parent/26/weld-parent-26.pom
#27 9.919 [INFO] Downloaded from central: https://repo.maven.apache.org/maven2/org/jboss/weld/weld-parent/26/weld-parent-26.pom (32 kB at 1.4 MB/s)
#27 9.921 [INFO] Downloading from central: https://repo.maven.apache.org/maven2/org/eclipse/sisu/org.eclipse.sisu.inject/0.9.0.M2/org.eclipse.sisu.inject-0.9.0.M2.pom
#27 9.943 [INFO] Downloaded from central: https://repo.maven.apache.org/maven2/org/eclipse/sisu/org.eclipse.sisu.inject/0.9.0.M2/org.eclipse.sisu.inject-0.9.0.M2.pom (17 kB at 788 kB/s)
#27 9.944 [INFO] Downloading from central: https://repo.maven.apache.org/maven2/org/eclipse/sisu/sisu-inject/0.9.0.M2/sisu-inject-0.9.0.M2.pom
#27 9.963 [INFO] Downloaded from central: https://repo.maven.apache.org/maven2/org/eclipse/sisu/sisu-inject/0.9.0.M2/sisu-inject-0.9.0.M2.pom (15 kB at 779 kB/s)
#27 9.966 [INFO] Downloading from central: https://repo.maven.apache.org/maven2/org/codehaus/plexus/plexus-classworlds/2.6.0/plexus-classworlds-2.6.0.pom
#27 10.07 [INFO] Downloaded from central: https://repo.maven.apache.org/maven2/org/codehaus/plexus/plexus-classworlds/2.6.0/plexus-classworlds-2.6.0.pom (7.9 kB at 78 kB/s)
#27 10.08 [INFO] Downloading from central: https://repo.maven.apache.org/maven2/commons-io/commons-io/2.15.1/commons-io-2.15.1.pom
#27 10.11 [INFO] Downloaded from central: https://repo.maven.apache.org/maven2/commons-io/commons-io/2.15.1/commons-io-2.15.1.pom (20 kB at 951 kB/s)
#27 10.11 [INFO] Downloading from central: https://repo.maven.apache.org/maven2/org/apache/commons/commons-parent/65/commons-parent-65.pom
#27 10.13 [INFO] Downloaded from central: https://repo.maven.apache.org/maven2/org/apache/commons/commons-parent/65/commons-parent-65.pom (78 kB at 3.4 MB/s)
#27 10.13 [INFO] Downloading from central: https://repo.maven.apache.org/maven2/org/junit/junit-bom/5.10.1/junit-bom-5.10.1.pom
#27 10.15 [INFO] Downloaded from central: https://repo.maven.apache.org/maven2/org/junit/junit-bom/5.10.1/junit-bom-5.10.1.pom (5.6 kB at 269 kB/s)
#27 10.15 [INFO] Downloading from central: https://repo.maven.apache.org/maven2/org/codehaus/plexus/plexus-java/1.2.0/plexus-java-1.2.0.pom
#27 10.17 [INFO] Downloaded from central: https://repo.maven.apache.org/maven2/org/codehaus/plexus/plexus-java/1.2.0/plexus-java-1.2.0.pom (4.3 kB at 267 kB/s)
#27 10.17 [INFO] Downloading from central: https://repo.maven.apache.org/maven2/org/codehaus/plexus/plexus-languages/1.2.0/plexus-languages-1.2.0.pom
#27 10.28 [INFO] Downloaded from central: https://repo.maven.apache.org/maven2/org/codehaus/plexus/plexus-languages/1.2.0/plexus-languages-1.2.0.pom (3.2 kB at 30 kB/s)
#27 10.28 [INFO] Downloading from central: https://repo.maven.apache.org/maven2/org/codehaus/plexus/plexus/15/plexus-15.pom
#27 10.30 [INFO] Downloaded from central: https://repo.maven.apache.org/maven2/org/codehaus/plexus/plexus/15/plexus-15.pom (28 kB at 1.3 MB/s)
#27 10.30 [INFO] Downloading from central: https://repo.maven.apache.org/maven2/org/junit/junit-bom/5.10.0/junit-bom-5.10.0.pom
#27 10.32 [INFO] Downloaded from central: https://repo.maven.apache.org/maven2/org/junit/junit-bom/5.10.0/junit-bom-5.10.0.pom (5.6 kB at 353 kB/s)
#27 10.32 [INFO] Downloading from central: https://repo.maven.apache.org/maven2/org/ow2/asm/asm/9.6/asm-9.6.pom
#27 10.34 [INFO] Downloaded from central: https://repo.maven.apache.org/maven2/org/ow2/asm/asm/9.6/asm-9.6.pom (2.4 kB at 139 kB/s)
#27 10.34 [INFO] Downloading from central: https://repo.maven.apache.org/maven2/org/apache/maven/surefire/maven-surefire-common/3.2.5/maven-surefire-common-3.2.5.jar
#27 10.38 [INFO] Downloaded from central: https://repo.maven.apache.org/maven2/org/apache/maven/surefire/maven-surefire-common/3.2.5/maven-surefire-common-3.2.5.jar (308 kB at 9.6 MB/s)
#27 10.38 [INFO] Downloading from central: https://repo.maven.apache.org/maven2/org/apache/maven/surefire/surefire-api/3.2.5/surefire-api-3.2.5.jar
#27 10.38 [INFO] Downloading from central: https://repo.maven.apache.org/maven2/org/apache/maven/surefire/surefire-extensions-api/3.2.5/surefire-extensions-api-3.2.5.jar
#27 10.38 [INFO] Downloading from central: https://repo.maven.apache.org/maven2/org/apache/maven/surefire/surefire-logger-api/3.2.5/surefire-logger-api-3.2.5.jar
#27 10.38 [INFO] Downloading from central: https://repo.maven.apache.org/maven2/org/apache/maven/surefire/surefire-booter/3.2.5/surefire-booter-3.2.5.jar
#27 10.38 [INFO] Downloading from central: https://repo.maven.apache.org/maven2/org/apache/maven/surefire/surefire-extensions-spi/3.2.5/surefire-extensions-spi-3.2.5.jar
#27 10.40 [INFO] Downloaded from central: https://repo.maven.apache.org/maven2/org/apache/maven/surefire/surefire-extensions-api/3.2.5/surefire-extensions-api-3.2.5.jar (26 kB at 1.3 MB/s)
#27 10.40 [INFO] Downloading from central: https://repo.maven.apache.org/maven2/org/apache/maven/shared/maven-common-artifact-filters/3.1.1/maven-common-artifact-filters-3.1.1.jar
#27 10.40 [INFO] Downloaded from central: https://repo.maven.apache.org/maven2/org/apache/maven/surefire/surefire-extensions-spi/3.2.5/surefire-extensions-spi-3.2.5.jar (8.2 kB at 430 kB/s)
#27 10.40 [INFO] Downloading from central: https://repo.maven.apache.org/maven2/commons-io/commons-io/2.15.1/commons-io-2.15.1.jar
#27 10.40 [INFO] Downloaded from central: https://repo.maven.apache.org/maven2/org/apache/maven/surefire/surefire-api/3.2.5/surefire-api-3.2.5.jar (171 kB at 8.1 MB/s)
#27 10.40 [INFO] Downloading from central: https://repo.maven.apache.org/maven2/org/codehaus/plexus/plexus-java/1.2.0/plexus-java-1.2.0.jar
#27 10.41 [INFO] Downloaded from central: https://repo.maven.apache.org/maven2/org/apache/maven/surefire/surefire-logger-api/3.2.5/surefire-logger-api-3.2.5.jar (14 kB at 469 kB/s)
#27 10.41 [INFO] Downloading from central: https://repo.maven.apache.org/maven2/org/ow2/asm/asm/9.6/asm-9.6.jar
#27 10.41 [INFO] Downloaded from central: https://repo.maven.apache.org/maven2/org/apache/maven/surefire/surefire-booter/3.2.5/surefire-booter-3.2.5.jar (118 kB at 3.8 MB/s)
#27 10.41 [INFO] Downloading from central: https://repo.maven.apache.org/maven2/org/apache/maven/surefire/surefire-shared-utils/3.2.5/surefire-shared-utils-3.2.5.jar
#27 10.41 [INFO] Downloaded from central: https://repo.maven.apache.org/maven2/org/codehaus/plexus/plexus-java/1.2.0/plexus-java-1.2.0.jar (58 kB at 1.6 MB/s)
#27 10.42 [INFO] Downloaded from central: https://repo.maven.apache.org/maven2/org/apache/maven/shared/maven-common-artifact-filters/3.1.1/maven-common-artifact-filters-3.1.1.jar (61 kB at 1.5 MB/s)
#27 10.44 [INFO] Downloaded from central: https://repo.maven.apache.org/maven2/org/ow2/asm/asm/9.6/asm-9.6.jar (124 kB at 1.9 MB/s)
#27 10.45 [INFO] Downloaded from central: https://repo.maven.apache.org/maven2/commons-io/commons-io/2.15.1/commons-io-2.15.1.jar (501 kB at 7.4 MB/s)
#27 10.60 [INFO] Downloaded from central: https://repo.maven.apache.org/maven2/org/apache/maven/surefire/surefire-shared-utils/3.2.5/surefire-shared-utils-3.2.5.jar (2.4 MB at 11 MB/s)
#27 10.64 [INFO] Tests are skipped.
#27 10.64 [INFO]
#27 10.64 [INFO] --- jar:3.3.0:jar (default-jar) @ opendolphin-api-contract ---
#27 10.64 [INFO] Downloading from central: https://repo.maven.apache.org/maven2/org/apache/maven/shared/file-management/3.1.0/file-management-3.1.0.pom
#27 10.66 [INFO] Downloaded from central: https://repo.maven.apache.org/maven2/org/apache/maven/shared/file-management/3.1.0/file-management-3.1.0.pom (4.5 kB at 224 kB/s)
#27 10.67 [INFO] Downloading from central: https://repo.maven.apache.org/maven2/org/apache/maven/shared/maven-shared-components/36/maven-shared-components-36.pom
#27 10.68 [INFO] Downloaded from central: https://repo.maven.apache.org/maven2/org/apache/maven/shared/maven-shared-components/36/maven-shared-components-36.pom (4.9 kB at 272 kB/s)
#27 10.69 [INFO] Downloading from central: https://repo.maven.apache.org/maven2/org/codehaus/plexus/plexus-utils/3.3.0/plexus-utils-3.3.0.pom
#27 10.80 [INFO] Downloaded from central: https://repo.maven.apache.org/maven2/org/codehaus/plexus/plexus-utils/3.3.0/plexus-utils-3.3.0.pom (5.2 kB at 48 kB/s)
#27 10.80 [INFO] Downloading from central: https://repo.maven.apache.org/maven2/org/apache/maven/maven-archiver/3.6.0/maven-archiver-3.6.0.pom
#27 10.82 [INFO] Downloaded from central: https://repo.maven.apache.org/maven2/org/apache/maven/maven-archiver/3.6.0/maven-archiver-3.6.0.pom (3.9 kB at 178 kB/s)
#27 10.82 [INFO] Downloading from central: https://repo.maven.apache.org/maven2/org/codehaus/plexus/plexus-io/3.4.0/plexus-io-3.4.0.pom
#27 10.86 [INFO] Downloaded from central: https://repo.maven.apache.org/maven2/org/codehaus/plexus/plexus-io/3.4.0/plexus-io-3.4.0.pom (6.0 kB at 182 kB/s)
#27 10.86 [INFO] Downloading from central: https://repo.maven.apache.org/maven2/org/codehaus/plexus/plexus-archiver/4.4.0/plexus-archiver-4.4.0.pom
#27 10.88 [INFO] Downloaded from central: https://repo.maven.apache.org/maven2/org/codehaus/plexus/plexus-archiver/4.4.0/plexus-archiver-4.4.0.pom (6.3 kB at 272 kB/s)
#27 10.88 [INFO] Downloading from central: https://repo.maven.apache.org/maven2/org/apache/commons/commons-compress/1.21/commons-compress-1.21.pom
#27 10.91 [INFO] Downloaded from central: https://repo.maven.apache.org/maven2/org/apache/commons/commons-compress/1.21/commons-compress-1.21.pom (20 kB at 787 kB/s)
#27 10.91 [INFO] Downloading from central: https://repo.maven.apache.org/maven2/org/codehaus/plexus/plexus-utils/3.4.2/plexus-utils-3.4.2.pom
#27 10.93 [INFO] Downloaded from central: https://repo.maven.apache.org/maven2/org/codehaus/plexus/plexus-utils/3.4.2/plexus-utils-3.4.2.pom (8.2 kB at 456 kB/s)
#27 10.93 [INFO] Downloading from central: https://repo.maven.apache.org/maven2/org/codehaus/plexus/plexus/8/plexus-8.pom
#27 10.96 [INFO] Downloaded from central: https://repo.maven.apache.org/maven2/org/codehaus/plexus/plexus/8/plexus-8.pom (25 kB at 848 kB/s)
#27 10.96 [INFO] Downloading from central: https://repo.maven.apache.org/maven2/org/apache/maven/shared/file-management/3.1.0/file-management-3.1.0.jar
#27 10.99 [INFO] Downloaded from central: https://repo.maven.apache.org/maven2/org/apache/maven/shared/file-management/3.1.0/file-management-3.1.0.jar (36 kB at 1.3 MB/s)
#27 10.99 [INFO] Downloading from central: https://repo.maven.apache.org/maven2/org/apache/maven/maven-archiver/3.6.0/maven-archiver-3.6.0.jar
#27 10.99 [INFO] Downloading from central: https://repo.maven.apache.org/maven2/org/codehaus/plexus/plexus-io/3.4.0/plexus-io-3.4.0.jar
#27 10.99 [INFO] Downloading from central: https://repo.maven.apache.org/maven2/org/codehaus/plexus/plexus-archiver/4.4.0/plexus-archiver-4.4.0.jar
#27 10.99 [INFO] Downloading from central: https://repo.maven.apache.org/maven2/org/apache/commons/commons-compress/1.21/commons-compress-1.21.jar
#27 10.99 [INFO] Downloading from central: https://repo.maven.apache.org/maven2/org/codehaus/plexus/plexus-utils/3.4.2/plexus-utils-3.4.2.jar
#27 11.01 [INFO] Downloaded from central: https://repo.maven.apache.org/maven2/org/apache/maven/maven-archiver/3.6.0/maven-archiver-3.6.0.jar (26 kB at 1.3 MB/s)
#27 11.14 [INFO] Downloaded from central: https://repo.maven.apache.org/maven2/org/codehaus/plexus/plexus-archiver/4.4.0/plexus-archiver-4.4.0.jar (211 kB at 1.4 MB/s)
#27 11.14 [INFO] Downloaded from central: https://repo.maven.apache.org/maven2/org/codehaus/plexus/plexus-utils/3.4.2/plexus-utils-3.4.2.jar (267 kB at 1.8 MB/s)
#27 11.14 [INFO] Downloaded from central: https://repo.maven.apache.org/maven2/org/apache/commons/commons-compress/1.21/commons-compress-1.21.jar (1.0 MB at 6.6 MB/s)
#27 11.32 [INFO] Downloaded from central: https://repo.maven.apache.org/maven2/org/codehaus/plexus/plexus-io/3.4.0/plexus-io-3.4.0.jar (79 kB at 237 kB/s)
#27 11.42 [INFO] Building jar: /workspace/api-contract/target/opendolphin-api-contract-2.7.1.jar
#27 11.46 [INFO]
#27 11.46 [INFO] ----------------< opendolphin:opendolphin-persistence >-----------------
#27 11.46 [INFO] Building opendolphin-persistence 2.7.1                             [3/5]
#27 11.46 [INFO]   from persistence/pom.xml
#27 11.46 [INFO] --------------------------------[ jar ]---------------------------------
#27 11.47 [INFO] Downloading from jboss-https: https://repository.jboss.org/nexus/content/groups/public-jboss/org/hibernate/orm/hibernate-core/6.4.4.Final/hibernate-core-6.4.4.Final.pom
#27 11.84 [INFO] Downloading from central: https://repo.maven.apache.org/maven2/org/hibernate/orm/hibernate-core/6.4.4.Final/hibernate-core-6.4.4.Final.pom
#27 11.85 [INFO] Downloaded from central: https://repo.maven.apache.org/maven2/org/hibernate/orm/hibernate-core/6.4.4.Final/hibernate-core-6.4.4.Final.pom (5.8 kB at 303 kB/s)
#27 11.86 [INFO] Downloading from jboss-https: https://repository.jboss.org/nexus/content/groups/public-jboss/jakarta/persistence/jakarta.persistence-api/3.1.0/jakarta.persistence-api-3.1.0.pom
#27 12.17 [INFO] Downloading from central: https://repo.maven.apache.org/maven2/jakarta/persistence/jakarta.persistence-api/3.1.0/jakarta.persistence-api-3.1.0.pom
#27 12.21 [INFO] Downloaded from central: https://repo.maven.apache.org/maven2/jakarta/persistence/jakarta.persistence-api/3.1.0/jakarta.persistence-api-3.1.0.pom (16 kB at 353 kB/s)
#27 12.22 [INFO] Downloading from jboss-https: https://repository.jboss.org/nexus/content/groups/public-jboss/jakarta/transaction/jakarta.transaction-api/2.0.1/jakarta.transaction-api-2.0.1.pom
#27 12.50 [INFO] Downloading from central: https://repo.maven.apache.org/maven2/jakarta/transaction/jakarta.transaction-api/2.0.1/jakarta.transaction-api-2.0.1.pom
#27 12.53 [INFO] Downloaded from central: https://repo.maven.apache.org/maven2/jakarta/transaction/jakarta.transaction-api/2.0.1/jakarta.transaction-api-2.0.1.pom (14 kB at 454 kB/s)
#27 12.53 [INFO] Downloading from jboss-https: https://repository.jboss.org/nexus/content/groups/public-jboss/org/eclipse/ee4j/project/1.0.6/project-1.0.6.pom
#27 12.89 [INFO] Downloading from central: https://repo.maven.apache.org/maven2/org/eclipse/ee4j/project/1.0.6/project-1.0.6.pom
#27 12.92 [INFO] Downloaded from central: https://repo.maven.apache.org/maven2/org/eclipse/ee4j/project/1.0.6/project-1.0.6.pom (13 kB at 381 kB/s)
#27 12.93 [INFO] Downloading from jboss-https: https://repository.jboss.org/nexus/content/groups/public-jboss/org/jboss/logging/jboss-logging/3.5.0.Final/jboss-logging-3.5.0.Final.pom
#27 13.42 [INFO] Downloaded from jboss-https: https://repository.jboss.org/nexus/content/groups/public-jboss/org/jboss/logging/jboss-logging/3.5.0.Final/jboss-logging-3.5.0.Final.pom (18 kB at 36 kB/s)
#27 13.43 [INFO] Downloading from jboss-https: https://repository.jboss.org/nexus/content/groups/public-jboss/org/jboss/jboss-parent/39/jboss-parent-39.pom
#27 13.94 [INFO] Downloaded from jboss-https: https://repository.jboss.org/nexus/content/groups/public-jboss/org/jboss/jboss-parent/39/jboss-parent-39.pom (68 kB at 132 kB/s)
#27 13.95 [INFO] Downloading from jboss-https: https://repository.jboss.org/nexus/content/groups/public-jboss/org/junit/junit-bom/5.8.2/junit-bom-5.8.2.pom
#27 14.26 [INFO] Downloading from central: https://repo.maven.apache.org/maven2/org/junit/junit-bom/5.8.2/junit-bom-5.8.2.pom
#27 14.28 [INFO] Downloaded from central: https://repo.maven.apache.org/maven2/org/junit/junit-bom/5.8.2/junit-bom-5.8.2.pom (5.6 kB at 256 kB/s)
#27 14.28 [INFO] Downloading from jboss-https: https://repository.jboss.org/nexus/content/groups/public-jboss/org/hibernate/common/hibernate-commons-annotations/6.0.6.Final/hibernate-commons-annotations-6.0.6.Final.pom
#27 14.65 [INFO] Downloading from central: https://repo.maven.apache.org/maven2/org/hibernate/common/hibernate-commons-annotations/6.0.6.Final/hibernate-commons-annotations-6.0.6.Final.pom
#27 14.69 [INFO] Downloaded from central: https://repo.maven.apache.org/maven2/org/hibernate/common/hibernate-commons-annotations/6.0.6.Final/hibernate-commons-annotations-6.0.6.Final.pom (2.1 kB at 59 kB/s)
#27 14.70 [INFO] Downloading from jboss-https: https://repository.jboss.org/nexus/content/groups/public-jboss/io/smallrye/jandex/3.1.2/jandex-3.1.2.pom
#27 15.10 [INFO] Downloading from central: https://repo.maven.apache.org/maven2/io/smallrye/jandex/3.1.2/jandex-3.1.2.pom
#27 15.13 [INFO] Downloaded from central: https://repo.maven.apache.org/maven2/io/smallrye/jandex/3.1.2/jandex-3.1.2.pom (7.0 kB at 218 kB/s)
#27 15.14 [INFO] Downloading from jboss-https: https://repository.jboss.org/nexus/content/groups/public-jboss/io/smallrye/jandex-parent/3.1.2/jandex-parent-3.1.2.pom
#27 15.42 [INFO] Downloading from central: https://repo.maven.apache.org/maven2/io/smallrye/jandex-parent/3.1.2/jandex-parent-3.1.2.pom
#27 15.53 [INFO] Downloaded from central: https://repo.maven.apache.org/maven2/io/smallrye/jandex-parent/3.1.2/jandex-parent-3.1.2.pom (7.2 kB at 66 kB/s)
#27 15.53 [INFO] Downloading from jboss-https: https://repository.jboss.org/nexus/content/groups/public-jboss/io/smallrye/smallrye-build-parent/39/smallrye-build-parent-39.pom
#27 15.84 [INFO] Downloading from central: https://repo.maven.apache.org/maven2/io/smallrye/smallrye-build-parent/39/smallrye-build-parent-39.pom
#27 15.88 [INFO] Downloaded from central: https://repo.maven.apache.org/maven2/io/smallrye/smallrye-build-parent/39/smallrye-build-parent-39.pom (28 kB at 708 kB/s)
#27 15.88 [INFO] Downloading from jboss-https: https://repository.jboss.org/nexus/content/groups/public-jboss/com/fasterxml/classmate/1.5.1/classmate-1.5.1.pom
#27 16.20 [INFO] Downloading from central: https://repo.maven.apache.org/maven2/com/fasterxml/classmate/1.5.1/classmate-1.5.1.pom
#27 16.22 [INFO] Downloaded from central: https://repo.maven.apache.org/maven2/com/fasterxml/classmate/1.5.1/classmate-1.5.1.pom (7.3 kB at 346 kB/s)
#27 16.22 [INFO] Downloading from jboss-https: https://repository.jboss.org/nexus/content/groups/public-jboss/com/fasterxml/oss-parent/35/oss-parent-35.pom
#27 16.56 [INFO] Downloading from central: https://repo.maven.apache.org/maven2/com/fasterxml/oss-parent/35/oss-parent-35.pom
#27 16.58 [INFO] Downloaded from central: https://repo.maven.apache.org/maven2/com/fasterxml/oss-parent/35/oss-parent-35.pom (23 kB at 950 kB/s)
#27 16.59 [INFO] Downloading from jboss-https: https://repository.jboss.org/nexus/content/groups/public-jboss/net/bytebuddy/byte-buddy/1.14.11/byte-buddy-1.14.11.pom
#27 16.90 [INFO] Downloading from central: https://repo.maven.apache.org/maven2/net/bytebuddy/byte-buddy/1.14.11/byte-buddy-1.14.11.pom
#27 16.93 [INFO] Downloaded from central: https://repo.maven.apache.org/maven2/net/bytebuddy/byte-buddy/1.14.11/byte-buddy-1.14.11.pom (16 kB at 528 kB/s)
#27 16.93 [INFO] Downloading from jboss-https: https://repository.jboss.org/nexus/content/groups/public-jboss/net/bytebuddy/byte-buddy-parent/1.14.11/byte-buddy-parent-1.14.11.pom
#27 17.24 [INFO] Downloading from central: https://repo.maven.apache.org/maven2/net/bytebuddy/byte-buddy-parent/1.14.11/byte-buddy-parent-1.14.11.pom
#27 17.26 [INFO] Downloaded from central: https://repo.maven.apache.org/maven2/net/bytebuddy/byte-buddy-parent/1.14.11/byte-buddy-parent-1.14.11.pom (62 kB at 2.6 MB/s)
#27 17.27 [INFO] Downloading from jboss-https: https://repository.jboss.org/nexus/content/groups/public-jboss/jakarta/xml/bind/jakarta.xml.bind-api/4.0.0/jakarta.xml.bind-api-4.0.0.pom
#27 17.65 [INFO] Downloading from central: https://repo.maven.apache.org/maven2/jakarta/xml/bind/jakarta.xml.bind-api/4.0.0/jakarta.xml.bind-api-4.0.0.pom
#27 17.68 [INFO] Downloaded from central: https://repo.maven.apache.org/maven2/jakarta/xml/bind/jakarta.xml.bind-api/4.0.0/jakarta.xml.bind-api-4.0.0.pom (12 kB at 419 kB/s)
#27 17.68 [INFO] Downloading from jboss-https: https://repository.jboss.org/nexus/content/groups/public-jboss/jakarta/xml/bind/jakarta.xml.bind-api-parent/4.0.0/jakarta.xml.bind-api-parent-4.0.0.pom
#27 18.01 [INFO] Downloading from central: https://repo.maven.apache.org/maven2/jakarta/xml/bind/jakarta.xml.bind-api-parent/4.0.0/jakarta.xml.bind-api-parent-4.0.0.pom
#27 18.04 [INFO] Downloaded from central: https://repo.maven.apache.org/maven2/jakarta/xml/bind/jakarta.xml.bind-api-parent/4.0.0/jakarta.xml.bind-api-parent-4.0.0.pom (9.2 kB at 458 kB/s)
#27 18.04 [INFO] Downloading from jboss-https: https://repository.jboss.org/nexus/content/groups/public-jboss/jakarta/activation/jakarta.activation-api/2.1.0/jakarta.activation-api-2.1.0.pom
#27 18.46 [INFO] Downloading from central: https://repo.maven.apache.org/maven2/jakarta/activation/jakarta.activation-api/2.1.0/jakarta.activation-api-2.1.0.pom
#27 18.48 [INFO] Downloaded from central: https://repo.maven.apache.org/maven2/jakarta/activation/jakarta.activation-api/2.1.0/jakarta.activation-api-2.1.0.pom (18 kB at 718 kB/s)
#27 18.49 [INFO] Downloading from jboss-https: https://repository.jboss.org/nexus/content/groups/public-jboss/org/glassfish/jaxb/jaxb-runtime/4.0.2/jaxb-runtime-4.0.2.pom
#27 18.80 [INFO] Downloading from central: https://repo.maven.apache.org/maven2/org/glassfish/jaxb/jaxb-runtime/4.0.2/jaxb-runtime-4.0.2.pom
#27 18.82 [INFO] Downloaded from central: https://repo.maven.apache.org/maven2/org/glassfish/jaxb/jaxb-runtime/4.0.2/jaxb-runtime-4.0.2.pom (4.8 kB at 210 kB/s)
#27 18.83 [INFO] Downloading from jboss-https: https://repository.jboss.org/nexus/content/groups/public-jboss/com/sun/xml/bind/mvn/jaxb-runtime-parent/4.0.2/jaxb-runtime-parent-4.0.2.pom
#27 19.18 [INFO] Downloading from central: https://repo.maven.apache.org/maven2/com/sun/xml/bind/mvn/jaxb-runtime-parent/4.0.2/jaxb-runtime-parent-4.0.2.pom
#27 19.20 [INFO] Downloaded from central: https://repo.maven.apache.org/maven2/com/sun/xml/bind/mvn/jaxb-runtime-parent/4.0.2/jaxb-runtime-parent-4.0.2.pom (1.2 kB at 54 kB/s)
#27 19.20 [INFO] Downloading from jboss-https: https://repository.jboss.org/nexus/content/groups/public-jboss/com/sun/xml/bind/mvn/jaxb-parent/4.0.2/jaxb-parent-4.0.2.pom
#27 19.51 [INFO] Downloading from central: https://repo.maven.apache.org/maven2/com/sun/xml/bind/mvn/jaxb-parent/4.0.2/jaxb-parent-4.0.2.pom
#27 19.53 [INFO] Downloaded from central: https://repo.maven.apache.org/maven2/com/sun/xml/bind/mvn/jaxb-parent/4.0.2/jaxb-parent-4.0.2.pom (33 kB at 1.3 MB/s)
#27 19.54 [INFO] Downloading from jboss-https: https://repository.jboss.org/nexus/content/groups/public-jboss/com/sun/xml/bind/jaxb-bom-ext/4.0.2/jaxb-bom-ext-4.0.2.pom
#27 20.03 [INFO] Downloading from central: https://repo.maven.apache.org/maven2/com/sun/xml/bind/jaxb-bom-ext/4.0.2/jaxb-bom-ext-4.0.2.pom
#27 20.06 [INFO] Downloaded from central: https://repo.maven.apache.org/maven2/com/sun/xml/bind/jaxb-bom-ext/4.0.2/jaxb-bom-ext-4.0.2.pom (3.5 kB at 134 kB/s)
#27 20.06 [INFO] Downloading from jboss-https: https://repository.jboss.org/nexus/content/groups/public-jboss/org/glassfish/jaxb/jaxb-bom/4.0.2/jaxb-bom-4.0.2.pom
#27 20.43 [INFO] Downloading from central: https://repo.maven.apache.org/maven2/org/glassfish/jaxb/jaxb-bom/4.0.2/jaxb-bom-4.0.2.pom
#27 20.45 [INFO] Downloaded from central: https://repo.maven.apache.org/maven2/org/glassfish/jaxb/jaxb-bom/4.0.2/jaxb-bom-4.0.2.pom (11 kB at 481 kB/s)
#27 20.45 [INFO] Downloading from jboss-https: https://repository.jboss.org/nexus/content/groups/public-jboss/org/eclipse/ee4j/project/1.0.8/project-1.0.8.pom
#27 21.08 [INFO] Downloading from central: https://repo.maven.apache.org/maven2/org/eclipse/ee4j/project/1.0.8/project-1.0.8.pom
#27 21.10 [INFO] Downloaded from central: https://repo.maven.apache.org/maven2/org/eclipse/ee4j/project/1.0.8/project-1.0.8.pom (15 kB at 694 kB/s)
#27 21.11 [INFO] Downloading from jboss-https: https://repository.jboss.org/nexus/content/groups/public-jboss/org/glassfish/jaxb/jaxb-core/4.0.2/jaxb-core-4.0.2.pom
#27 21.42 [INFO] Downloading from central: https://repo.maven.apache.org/maven2/org/glassfish/jaxb/jaxb-core/4.0.2/jaxb-core-4.0.2.pom
#27 21.82 [INFO] Downloaded from central: https://repo.maven.apache.org/maven2/org/glassfish/jaxb/jaxb-core/4.0.2/jaxb-core-4.0.2.pom (3.7 kB at 9.4 kB/s)
#27 21.82 [INFO] Downloading from jboss-https: https://repository.jboss.org/nexus/content/groups/public-jboss/jakarta/activation/jakarta.activation-api/2.1.1/jakarta.activation-api-2.1.1.pom
#27 22.33 [INFO] Downloading from central: https://repo.maven.apache.org/maven2/jakarta/activation/jakarta.activation-api/2.1.1/jakarta.activation-api-2.1.1.pom
#27 22.37 [INFO] Downloaded from central: https://repo.maven.apache.org/maven2/jakarta/activation/jakarta.activation-api/2.1.1/jakarta.activation-api-2.1.1.pom (18 kB at 438 kB/s)
#27 22.37 [INFO] Downloading from jboss-https: https://repository.jboss.org/nexus/content/groups/public-jboss/org/eclipse/angus/angus-activation/2.0.0/angus-activation-2.0.0.pom
#27 22.86 [INFO] Downloading from central: https://repo.maven.apache.org/maven2/org/eclipse/angus/angus-activation/2.0.0/angus-activation-2.0.0.pom
#27 22.89 [INFO] Downloaded from central: https://repo.maven.apache.org/maven2/org/eclipse/angus/angus-activation/2.0.0/angus-activation-2.0.0.pom (4.1 kB at 137 kB/s)
#27 22.89 [INFO] Downloading from jboss-https: https://repository.jboss.org/nexus/content/groups/public-jboss/org/eclipse/angus/angus-activation-project/2.0.0/angus-activation-project-2.0.0.pom
#27 23.37 [INFO] Downloading from central: https://repo.maven.apache.org/maven2/org/eclipse/angus/angus-activation-project/2.0.0/angus-activation-project-2.0.0.pom
#27 23.40 [INFO] Downloaded from central: https://repo.maven.apache.org/maven2/org/eclipse/angus/angus-activation-project/2.0.0/angus-activation-project-2.0.0.pom (20 kB at 702 kB/s)
#27 23.40 [INFO] Downloading from jboss-https: https://repository.jboss.org/nexus/content/groups/public-jboss/org/glassfish/jaxb/txw2/4.0.2/txw2-4.0.2.pom
#27 23.90 [INFO] Downloading from central: https://repo.maven.apache.org/maven2/org/glassfish/jaxb/txw2/4.0.2/txw2-4.0.2.pom
#27 23.97 [INFO] Downloaded from central: https://repo.maven.apache.org/maven2/org/glassfish/jaxb/txw2/4.0.2/txw2-4.0.2.pom (1.8 kB at 28 kB/s)
#27 23.97 [INFO] Downloading from jboss-https: https://repository.jboss.org/nexus/content/groups/public-jboss/com/sun/xml/bind/mvn/jaxb-txw-parent/4.0.2/jaxb-txw-parent-4.0.2.pom
#27 24.95 [INFO] Downloading from central: https://repo.maven.apache.org/maven2/com/sun/xml/bind/mvn/jaxb-txw-parent/4.0.2/jaxb-txw-parent-4.0.2.pom
#27 25.48 [INFO] Downloaded from central: https://repo.maven.apache.org/maven2/com/sun/xml/bind/mvn/jaxb-txw-parent/4.0.2/jaxb-txw-parent-4.0.2.pom (1.2 kB at 2.3 kB/s)
#27 25.48 [INFO] Downloading from jboss-https: https://repository.jboss.org/nexus/content/groups/public-jboss/com/sun/istack/istack-commons-runtime/4.1.1/istack-commons-runtime-4.1.1.pom
#27 26.00 [INFO] Downloading from central: https://repo.maven.apache.org/maven2/com/sun/istack/istack-commons-runtime/4.1.1/istack-commons-runtime-4.1.1.pom
#27 26.02 [INFO] Downloaded from central: https://repo.maven.apache.org/maven2/com/sun/istack/istack-commons-runtime/4.1.1/istack-commons-runtime-4.1.1.pom (2.3 kB at 99 kB/s)
#27 26.03 [INFO] Downloading from jboss-https: https://repository.jboss.org/nexus/content/groups/public-jboss/com/sun/istack/istack-commons/4.1.1/istack-commons-4.1.1.pom
#27 26.51 [INFO] Downloading from central: https://repo.maven.apache.org/maven2/com/sun/istack/istack-commons/4.1.1/istack-commons-4.1.1.pom
#27 26.54 [INFO] Downloaded from central: https://repo.maven.apache.org/maven2/com/sun/istack/istack-commons/4.1.1/istack-commons-4.1.1.pom (24 kB at 621 kB/s)
#27 26.55 [INFO] Downloading from jboss-https: https://repository.jboss.org/nexus/content/groups/public-jboss/jakarta/inject/jakarta.inject-api/2.0.1/jakarta.inject-api-2.0.1.pom
#27 26.88 [INFO] Downloading from central: https://repo.maven.apache.org/maven2/jakarta/inject/jakarta.inject-api/2.0.1/jakarta.inject-api-2.0.1.pom
#27 26.90 [INFO] Downloaded from central: https://repo.maven.apache.org/maven2/jakarta/inject/jakarta.inject-api/2.0.1/jakarta.inject-api-2.0.1.pom (5.9 kB at 269 kB/s)
#27 26.91 [INFO] Downloading from jboss-https: https://repository.jboss.org/nexus/content/groups/public-jboss/org/antlr/antlr4-runtime/4.13.0/antlr4-runtime-4.13.0.pom
#27 27.37 [INFO] Downloading from central: https://repo.maven.apache.org/maven2/org/antlr/antlr4-runtime/4.13.0/antlr4-runtime-4.13.0.pom
#27 27.42 [INFO] Downloaded from central: https://repo.maven.apache.org/maven2/org/antlr/antlr4-runtime/4.13.0/antlr4-runtime-4.13.0.pom (3.6 kB at 70 kB/s)
#27 27.43 [INFO] Downloading from jboss-https: https://repository.jboss.org/nexus/content/groups/public-jboss/org/antlr/antlr4-master/4.13.0/antlr4-master-4.13.0.pom
#27 27.90 [INFO] Downloading from central: https://repo.maven.apache.org/maven2/org/antlr/antlr4-master/4.13.0/antlr4-master-4.13.0.pom
#27 27.92 [INFO] Downloaded from central: https://repo.maven.apache.org/maven2/org/antlr/antlr4-master/4.13.0/antlr4-master-4.13.0.pom (4.8 kB at 201 kB/s)
#27 27.93 [INFO] Downloading from jboss-https: https://repository.jboss.org/nexus/content/groups/public-jboss/org/slf4j/slf4j-api/2.0.13/slf4j-api-2.0.13.pom
#27 28.42 [INFO] Downloading from central: https://repo.maven.apache.org/maven2/org/slf4j/slf4j-api/2.0.13/slf4j-api-2.0.13.pom
#27 28.46 [INFO] Downloaded from central: https://repo.maven.apache.org/maven2/org/slf4j/slf4j-api/2.0.13/slf4j-api-2.0.13.pom (2.8 kB at 69 kB/s)
#27 28.47 [INFO] Downloading from jboss-https: https://repository.jboss.org/nexus/content/groups/public-jboss/org/slf4j/slf4j-parent/2.0.13/slf4j-parent-2.0.13.pom
#27 28.95 [INFO] Downloading from central: https://repo.maven.apache.org/maven2/org/slf4j/slf4j-parent/2.0.13/slf4j-parent-2.0.13.pom
#27 28.97 [INFO] Downloaded from central: https://repo.maven.apache.org/maven2/org/slf4j/slf4j-parent/2.0.13/slf4j-parent-2.0.13.pom (13 kB at 581 kB/s)
#27 28.97 [INFO] Downloading from jboss-https: https://repository.jboss.org/nexus/content/groups/public-jboss/org/slf4j/slf4j-bom/2.0.13/slf4j-bom-2.0.13.pom
#27 29.47 [INFO] Downloading from central: https://repo.maven.apache.org/maven2/org/slf4j/slf4j-bom/2.0.13/slf4j-bom-2.0.13.pom
#27 29.50 [INFO] Downloaded from central: https://repo.maven.apache.org/maven2/org/slf4j/slf4j-bom/2.0.13/slf4j-bom-2.0.13.pom (7.3 kB at 293 kB/s)
#27 29.51 [INFO] Downloading from jboss-https: https://repository.jboss.org/nexus/content/groups/public-jboss/com/fasterxml/jackson/core/jackson-databind/2.15.4/jackson-databind-2.15.4.pom
#27 30.00 [INFO] Downloading from central: https://repo.maven.apache.org/maven2/com/fasterxml/jackson/core/jackson-databind/2.15.4/jackson-databind-2.15.4.pom
#27 30.04 [INFO] Downloaded from central: https://repo.maven.apache.org/maven2/com/fasterxml/jackson/core/jackson-databind/2.15.4/jackson-databind-2.15.4.pom (19 kB at 420 kB/s)
#27 30.05 [INFO] Downloading from jboss-https: https://repository.jboss.org/nexus/content/groups/public-jboss/com/fasterxml/jackson/jackson-base/2.15.4/jackson-base-2.15.4.pom
#27 30.52 [INFO] Downloading from central: https://repo.maven.apache.org/maven2/com/fasterxml/jackson/jackson-base/2.15.4/jackson-base-2.15.4.pom
#27 30.55 [INFO] Downloaded from central: https://repo.maven.apache.org/maven2/com/fasterxml/jackson/jackson-base/2.15.4/jackson-base-2.15.4.pom (11 kB at 451 kB/s)
#27 30.55 [INFO] Downloading from jboss-https: https://repository.jboss.org/nexus/content/groups/public-jboss/com/fasterxml/jackson/jackson-bom/2.15.4/jackson-bom-2.15.4.pom
#27 30.86 [INFO] Downloading from central: https://repo.maven.apache.org/maven2/com/fasterxml/jackson/jackson-bom/2.15.4/jackson-bom-2.15.4.pom
#27 30.88 [INFO] Downloaded from central: https://repo.maven.apache.org/maven2/com/fasterxml/jackson/jackson-bom/2.15.4/jackson-bom-2.15.4.pom (18 kB at 900 kB/s)
#27 30.89 [INFO] Downloading from jboss-https: https://repository.jboss.org/nexus/content/groups/public-jboss/org/junit/junit-bom/5.9.2/junit-bom-5.9.2.pom
#27 31.31 [INFO] Downloading from central: https://repo.maven.apache.org/maven2/org/junit/junit-bom/5.9.2/junit-bom-5.9.2.pom
#27 31.34 [INFO] Downloaded from central: https://repo.maven.apache.org/maven2/org/junit/junit-bom/5.9.2/junit-bom-5.9.2.pom (5.6 kB at 217 kB/s)
#27 31.34 [INFO] Downloading from jboss-https: https://repository.jboss.org/nexus/content/groups/public-jboss/com/fasterxml/jackson/core/jackson-core/2.15.4/jackson-core-2.15.4.pom
#27 31.76 [INFO] Downloading from central: https://repo.maven.apache.org/maven2/com/fasterxml/jackson/core/jackson-core/2.15.4/jackson-core-2.15.4.pom
#27 31.79 [INFO] Downloaded from central: https://repo.maven.apache.org/maven2/com/fasterxml/jackson/core/jackson-core/2.15.4/jackson-core-2.15.4.pom (9.9 kB at 429 kB/s)
#27 31.79 [INFO] Downloading from jboss-https: https://repository.jboss.org/nexus/content/groups/public-jboss/com/fasterxml/jackson/datatype/jackson-datatype-jsr310/2.15.4/jackson-datatype-jsr310-2.15.4.pom
#27 32.14 [INFO] Downloading from central: https://repo.maven.apache.org/maven2/com/fasterxml/jackson/datatype/jackson-datatype-jsr310/2.15.4/jackson-datatype-jsr310-2.15.4.pom
#27 32.17 [INFO] Downloaded from central: https://repo.maven.apache.org/maven2/com/fasterxml/jackson/datatype/jackson-datatype-jsr310/2.15.4/jackson-datatype-jsr310-2.15.4.pom (4.9 kB at 204 kB/s)
#27 32.17 [INFO] Downloading from jboss-https: https://repository.jboss.org/nexus/content/groups/public-jboss/com/fasterxml/jackson/module/jackson-modules-java8/2.15.4/jackson-modules-java8-2.15.4.pom
#27 32.65 [INFO] Downloading from central: https://repo.maven.apache.org/maven2/com/fasterxml/jackson/module/jackson-modules-java8/2.15.4/jackson-modules-java8-2.15.4.pom
#27 32.67 [INFO] Downloaded from central: https://repo.maven.apache.org/maven2/com/fasterxml/jackson/module/jackson-modules-java8/2.15.4/jackson-modules-java8-2.15.4.pom (3.1 kB at 148 kB/s)
#27 32.68 [INFO] Downloading from jboss-https: https://repository.jboss.org/nexus/content/groups/public-jboss/jakarta/platform/jakarta.jakartaee-api/10.0.0/jakarta.jakartaee-api-10.0.0.pom
#27 32.97 [INFO] Downloading from central: https://repo.maven.apache.org/maven2/jakarta/platform/jakarta.jakartaee-api/10.0.0/jakarta.jakartaee-api-10.0.0.pom
#27 32.99 [INFO] Downloaded from central: https://repo.maven.apache.org/maven2/jakarta/platform/jakarta.jakartaee-api/10.0.0/jakarta.jakartaee-api-10.0.0.pom (7.3 kB at 331 kB/s)
#27 33.00 [INFO] Downloading from jboss-https: https://repository.jboss.org/nexus/content/groups/public-jboss/org/eclipse/ee4j/project/1.0/project-1.0.pom
#27 33.34 [INFO] Downloading from central: https://repo.maven.apache.org/maven2/org/eclipse/ee4j/project/1.0/project-1.0.pom
#27 33.36 [INFO] Downloaded from central: https://repo.maven.apache.org/maven2/org/eclipse/ee4j/project/1.0/project-1.0.pom (11 kB at 489 kB/s)
#27 33.37 [INFO] Downloading from jboss-https: https://repository.jboss.org/nexus/content/groups/public-jboss/jakarta/platform/jakarta.jakartaee-web-api/10.0.0/jakarta.jakartaee-web-api-10.0.0.pom
#27 33.66 [INFO] Downloading from central: https://repo.maven.apache.org/maven2/jakarta/platform/jakarta.jakartaee-web-api/10.0.0/jakarta.jakartaee-web-api-10.0.0.pom
#27 33.69 [INFO] Downloaded from central: https://repo.maven.apache.org/maven2/jakarta/platform/jakarta.jakartaee-web-api/10.0.0/jakarta.jakartaee-web-api-10.0.0.pom (11 kB at 456 kB/s)
#27 33.69 [INFO] Downloading from jboss-https: https://repository.jboss.org/nexus/content/groups/public-jboss/jakarta/servlet/jakarta.servlet-api/6.0.0/jakarta.servlet-api-6.0.0.pom
#27 34.01 [INFO] Downloading from central: https://repo.maven.apache.org/maven2/jakarta/servlet/jakarta.servlet-api/6.0.0/jakarta.servlet-api-6.0.0.pom
#27 34.04 [INFO] Downloaded from central: https://repo.maven.apache.org/maven2/jakarta/servlet/jakarta.servlet-api/6.0.0/jakarta.servlet-api-6.0.0.pom (19 kB at 789 kB/s)
#27 34.04 [INFO] Downloading from jboss-https: https://repository.jboss.org/nexus/content/groups/public-jboss/jakarta/servlet/jsp/jakarta.servlet.jsp-api/3.1.0/jakarta.servlet.jsp-api-3.1.0.pom
#27 34.47 [INFO] Downloading from central: https://repo.maven.apache.org/maven2/jakarta/servlet/jsp/jakarta.servlet.jsp-api/3.1.0/jakarta.servlet.jsp-api-3.1.0.pom
#27 34.49 [INFO] Downloaded from central: https://repo.maven.apache.org/maven2/jakarta/servlet/jsp/jakarta.servlet.jsp-api/3.1.0/jakarta.servlet.jsp-api-3.1.0.pom (12 kB at 584 kB/s)
#27 34.49 [INFO] Downloading from jboss-https: https://repository.jboss.org/nexus/content/groups/public-jboss/jakarta/el/jakarta.el-api/5.0.1/jakarta.el-api-5.0.1.pom
#27 34.77 [INFO] Downloading from central: https://repo.maven.apache.org/maven2/jakarta/el/jakarta.el-api/5.0.1/jakarta.el-api-5.0.1.pom
#27 34.79 [INFO] Downloaded from central: https://repo.maven.apache.org/maven2/jakarta/el/jakarta.el-api/5.0.1/jakarta.el-api-5.0.1.pom (12 kB at 541 kB/s)
#27 34.80 [INFO] Downloading from jboss-https: https://repository.jboss.org/nexus/content/groups/public-jboss/jakarta/servlet/jsp/jstl/jakarta.servlet.jsp.jstl-api/3.0.0/jakarta.servlet.jsp.jstl-api-3.0.0.pom
#27 35.24 [INFO] Downloading from central: https://repo.maven.apache.org/maven2/jakarta/servlet/jsp/jstl/jakarta.servlet.jsp.jstl-api/3.0.0/jakarta.servlet.jsp.jstl-api-3.0.0.pom
#27 35.27 [INFO] Downloaded from central: https://repo.maven.apache.org/maven2/jakarta/servlet/jsp/jstl/jakarta.servlet.jsp.jstl-api/3.0.0/jakarta.servlet.jsp.jstl-api-3.0.0.pom (13 kB at 448 kB/s)
#27 35.27 [INFO] Downloading from jboss-https: https://repository.jboss.org/nexus/content/groups/public-jboss/jakarta/faces/jakarta.faces-api/4.0.1/jakarta.faces-api-4.0.1.pom
#27 35.65 [INFO] Downloading from central: https://repo.maven.apache.org/maven2/jakarta/faces/jakarta.faces-api/4.0.1/jakarta.faces-api-4.0.1.pom
#27 35.76 [INFO] Downloaded from central: https://repo.maven.apache.org/maven2/jakarta/faces/jakarta.faces-api/4.0.1/jakarta.faces-api-4.0.1.pom (5.7 kB at 50 kB/s)
#27 35.77 [INFO] Downloading from jboss-https: https://repository.jboss.org/nexus/content/groups/public-jboss/jakarta/ws/rs/jakarta.ws.rs-api/3.1.0/jakarta.ws.rs-api-3.1.0.pom
#27 36.09 [INFO] Downloading from central: https://repo.maven.apache.org/maven2/jakarta/ws/rs/jakarta.ws.rs-api/3.1.0/jakarta.ws.rs-api-3.1.0.pom
#27 36.12 [INFO] Downloaded from central: https://repo.maven.apache.org/maven2/jakarta/ws/rs/jakarta.ws.rs-api/3.1.0/jakarta.ws.rs-api-3.1.0.pom (18 kB at 705 kB/s)
#27 36.12 [INFO] Downloading from jboss-https: https://repository.jboss.org/nexus/content/groups/public-jboss/jakarta/ws/rs/all/3.1.0/all-3.1.0.pom
#27 36.48 [INFO] Downloading from central: https://repo.maven.apache.org/maven2/jakarta/ws/rs/all/3.1.0/all-3.1.0.pom
#27 36.51 [INFO] Downloaded from central: https://repo.maven.apache.org/maven2/jakarta/ws/rs/all/3.1.0/all-3.1.0.pom (2.8 kB at 123 kB/s)
#27 36.51 [INFO] Downloading from jboss-https: https://repository.jboss.org/nexus/content/groups/public-jboss/jakarta/websocket/jakarta.websocket-api/2.1.0/jakarta.websocket-api-2.1.0.pom
#27 36.84 [INFO] Downloading from central: https://repo.maven.apache.org/maven2/jakarta/websocket/jakarta.websocket-api/2.1.0/jakarta.websocket-api-2.1.0.pom
#27 36.86 [INFO] Downloaded from central: https://repo.maven.apache.org/maven2/jakarta/websocket/jakarta.websocket-api/2.1.0/jakarta.websocket-api-2.1.0.pom (4.5 kB at 187 kB/s)
#27 36.87 [INFO] Downloading from jboss-https: https://repository.jboss.org/nexus/content/groups/public-jboss/jakarta/websocket/jakarta.websocket-all/2.1.0/jakarta.websocket-all-2.1.0.pom
#27 37.17 [INFO] Downloading from central: https://repo.maven.apache.org/maven2/jakarta/websocket/jakarta.websocket-all/2.1.0/jakarta.websocket-all-2.1.0.pom
#27 37.19 [INFO] Downloaded from central: https://repo.maven.apache.org/maven2/jakarta/websocket/jakarta.websocket-all/2.1.0/jakarta.websocket-all-2.1.0.pom (11 kB at 490 kB/s)
#27 37.19 [INFO] Downloading from jboss-https: https://repository.jboss.org/nexus/content/groups/public-jboss/jakarta/websocket/jakarta.websocket-client-api/2.1.0/jakarta.websocket-client-api-2.1.0.pom
#27 37.53 [INFO] Downloading from central: https://repo.maven.apache.org/maven2/jakarta/websocket/jakarta.websocket-client-api/2.1.0/jakarta.websocket-client-api-2.1.0.pom
#27 37.55 [INFO] Downloaded from central: https://repo.maven.apache.org/maven2/jakarta/websocket/jakarta.websocket-client-api/2.1.0/jakarta.websocket-client-api-2.1.0.pom (4.2 kB at 200 kB/s)
#27 37.56 [INFO] Downloading from jboss-https: https://repository.jboss.org/nexus/content/groups/public-jboss/jakarta/json/jakarta.json-api/2.1.0/jakarta.json-api-2.1.0.pom
#27 37.90 [INFO] Downloading from central: https://repo.maven.apache.org/maven2/jakarta/json/jakarta.json-api/2.1.0/jakarta.json-api-2.1.0.pom
#27 37.92 [INFO] Downloaded from central: https://repo.maven.apache.org/maven2/jakarta/json/jakarta.json-api/2.1.0/jakarta.json-api-2.1.0.pom (18 kB at 731 kB/s)
#27 37.93 [INFO] Downloading from jboss-https: https://repository.jboss.org/nexus/content/groups/public-jboss/jakarta/json/bind/jakarta.json.bind-api/3.0.0/jakarta.json.bind-api-3.0.0.pom
#27 38.24 [INFO] Downloading from central: https://repo.maven.apache.org/maven2/jakarta/json/bind/jakarta.json.bind-api/3.0.0/jakarta.json.bind-api-3.0.0.pom
#27 38.26 [INFO] Downloaded from central: https://repo.maven.apache.org/maven2/jakarta/json/bind/jakarta.json.bind-api/3.0.0/jakarta.json.bind-api-3.0.0.pom (22 kB at 916 kB/s)
#27 38.26 [INFO] Downloading from jboss-https: https://repository.jboss.org/nexus/content/groups/public-jboss/jakarta/annotation/jakarta.annotation-api/2.1.1/jakarta.annotation-api-2.1.1.pom
#27 38.65 [INFO] Downloading from central: https://repo.maven.apache.org/maven2/jakarta/annotation/jakarta.annotation-api/2.1.1/jakarta.annotation-api-2.1.1.pom
#27 38.68 [INFO] Downloaded from central: https://repo.maven.apache.org/maven2/jakarta/annotation/jakarta.annotation-api/2.1.1/jakarta.annotation-api-2.1.1.pom (16 kB at 585 kB/s)
#27 38.68 [INFO] Downloading from jboss-https: https://repository.jboss.org/nexus/content/groups/public-jboss/jakarta/ejb/jakarta.ejb-api/4.0.1/jakarta.ejb-api-4.0.1.pom
#27 38.95 [INFO] Downloading from central: https://repo.maven.apache.org/maven2/jakarta/ejb/jakarta.ejb-api/4.0.1/jakarta.ejb-api-4.0.1.pom
#27 38.97 [INFO] Downloaded from central: https://repo.maven.apache.org/maven2/jakarta/ejb/jakarta.ejb-api/4.0.1/jakarta.ejb-api-4.0.1.pom (19 kB at 806 kB/s)
#27 38.98 [INFO] Downloading from jboss-https: https://repository.jboss.org/nexus/content/groups/public-jboss/jakarta/validation/jakarta.validation-api/3.0.2/jakarta.validation-api-3.0.2.pom
#27 39.28 [INFO] Downloading from central: https://repo.maven.apache.org/maven2/jakarta/validation/jakarta.validation-api/3.0.2/jakarta.validation-api-3.0.2.pom
#27 39.30 [INFO] Downloaded from central: https://repo.maven.apache.org/maven2/jakarta/validation/jakarta.validation-api/3.0.2/jakarta.validation-api-3.0.2.pom (11 kB at 523 kB/s)
#27 39.30 [INFO] Downloading from jboss-https: https://repository.jboss.org/nexus/content/groups/public-jboss/jakarta/interceptor/jakarta.interceptor-api/2.1.0/jakarta.interceptor-api-2.1.0.pom
#27 39.63 [INFO] Downloading from central: https://repo.maven.apache.org/maven2/jakarta/interceptor/jakarta.interceptor-api/2.1.0/jakarta.interceptor-api-2.1.0.pom
#27 39.66 [INFO] Downloaded from central: https://repo.maven.apache.org/maven2/jakarta/interceptor/jakarta.interceptor-api/2.1.0/jakarta.interceptor-api-2.1.0.pom (12 kB at 416 kB/s)
#27 39.67 [INFO] Downloading from jboss-https: https://repository.jboss.org/nexus/content/groups/public-jboss/jakarta/enterprise/jakarta.enterprise.cdi-api/4.0.1/jakarta.enterprise.cdi-api-4.0.1.pom
#27 39.99 [INFO] Downloading from central: https://repo.maven.apache.org/maven2/jakarta/enterprise/jakarta.enterprise.cdi-api/4.0.1/jakarta.enterprise.cdi-api-4.0.1.pom
#27 40.02 [INFO] Downloaded from central: https://repo.maven.apache.org/maven2/jakarta/enterprise/jakarta.enterprise.cdi-api/4.0.1/jakarta.enterprise.cdi-api-4.0.1.pom (12 kB at 448 kB/s)
#27 40.02 [INFO] Downloading from jboss-https: https://repository.jboss.org/nexus/content/groups/public-jboss/jakarta/enterprise/jakarta.enterprise.cdi-parent/4.0.1/jakarta.enterprise.cdi-parent-4.0.1.pom
#27 40.30 [INFO] Downloading from central: https://repo.maven.apache.org/maven2/jakarta/enterprise/jakarta.enterprise.cdi-parent/4.0.1/jakarta.enterprise.cdi-parent-4.0.1.pom
#27 40.33 [INFO] Downloaded from central: https://repo.maven.apache.org/maven2/jakarta/enterprise/jakarta.enterprise.cdi-parent/4.0.1/jakarta.enterprise.cdi-parent-4.0.1.pom (2.3 kB at 90 kB/s)
#27 40.33 [INFO] Downloading from jboss-https: https://repository.jboss.org/nexus/content/groups/public-jboss/jakarta/enterprise/jakarta.enterprise.lang-model/4.0.1/jakarta.enterprise.lang-model-4.0.1.pom
#27 40.68 [INFO] Downloading from central: https://repo.maven.apache.org/maven2/jakarta/enterprise/jakarta.enterprise.lang-model/4.0.1/jakarta.enterprise.lang-model-4.0.1.pom
#27 40.70 [INFO] Downloaded from central: https://repo.maven.apache.org/maven2/jakarta/enterprise/jakarta.enterprise.lang-model/4.0.1/jakarta.enterprise.lang-model-4.0.1.pom (3.6 kB at 155 kB/s)
#27 40.70 [INFO] Downloading from jboss-https: https://repository.jboss.org/nexus/content/groups/public-jboss/jakarta/authentication/jakarta.authentication-api/3.0.0/jakarta.authentication-api-3.0.0.pom
#27 41.06 [INFO] Downloading from central: https://repo.maven.apache.org/maven2/jakarta/authentication/jakarta.authentication-api/3.0.0/jakarta.authentication-api-3.0.0.pom
#27 41.08 [INFO] Downloaded from central: https://repo.maven.apache.org/maven2/jakarta/authentication/jakarta.authentication-api/3.0.0/jakarta.authentication-api-3.0.0.pom (13 kB at 505 kB/s)
#27 41.09 [INFO] Downloading from jboss-https: https://repository.jboss.org/nexus/content/groups/public-jboss/jakarta/security/enterprise/jakarta.security.enterprise-api/3.0.0/jakarta.security.enterprise-api-3.0.0.pom
#27 41.53 [INFO] Downloading from central: https://repo.maven.apache.org/maven2/jakarta/security/enterprise/jakarta.security.enterprise-api/3.0.0/jakarta.security.enterprise-api-3.0.0.pom
#27 41.56 [INFO] Downloaded from central: https://repo.maven.apache.org/maven2/jakarta/security/enterprise/jakarta.security.enterprise-api/3.0.0/jakarta.security.enterprise-api-3.0.0.pom (15 kB at 544 kB/s)
#27 41.56 [INFO] Downloading from jboss-https: https://repository.jboss.org/nexus/content/groups/public-jboss/jakarta/jms/jakarta.jms-api/3.1.0/jakarta.jms-api-3.1.0.pom
#27 42.25 [INFO] Downloading from central: https://repo.maven.apache.org/maven2/jakarta/jms/jakarta.jms-api/3.1.0/jakarta.jms-api-3.1.0.pom
#27 42.28 [INFO] Downloaded from central: https://repo.maven.apache.org/maven2/jakarta/jms/jakarta.jms-api/3.1.0/jakarta.jms-api-3.1.0.pom (9.7 kB at 334 kB/s)
#27 42.29 [INFO] Downloading from jboss-https: https://repository.jboss.org/nexus/content/groups/public-jboss/jakarta/mail/jakarta.mail-api/2.1.0/jakarta.mail-api-2.1.0.pom
#27 42.78 [INFO] Downloading from central: https://repo.maven.apache.org/maven2/jakarta/mail/jakarta.mail-api/2.1.0/jakarta.mail-api-2.1.0.pom
#27 42.81 [INFO] Downloaded from central: https://repo.maven.apache.org/maven2/jakarta/mail/jakarta.mail-api/2.1.0/jakarta.mail-api-2.1.0.pom (20 kB at 539 kB/s)
#27 42.82 [INFO] Downloading from jboss-https: https://repository.jboss.org/nexus/content/groups/public-jboss/jakarta/resource/jakarta.resource-api/2.1.0/jakarta.resource-api-2.1.0.pom
#27 43.30 [INFO] Downloading from central: https://repo.maven.apache.org/maven2/jakarta/resource/jakarta.resource-api/2.1.0/jakarta.resource-api-2.1.0.pom
#27 43.33 [INFO] Downloaded from central: https://repo.maven.apache.org/maven2/jakarta/resource/jakarta.resource-api/2.1.0/jakarta.resource-api-2.1.0.pom (13 kB at 463 kB/s)
#27 43.33 [INFO] Downloading from jboss-https: https://repository.jboss.org/nexus/content/groups/public-jboss/jakarta/authorization/jakarta.authorization-api/2.1.0/jakarta.authorization-api-2.1.0.pom
#27 43.83 [INFO] Downloading from central: https://repo.maven.apache.org/maven2/jakarta/authorization/jakarta.authorization-api/2.1.0/jakarta.authorization-api-2.1.0.pom
#27 43.85 [INFO] Downloaded from central: https://repo.maven.apache.org/maven2/jakarta/authorization/jakarta.authorization-api/2.1.0/jakarta.authorization-api-2.1.0.pom (13 kB at 439 kB/s)
#27 43.86 [INFO] Downloading from jboss-https: https://repository.jboss.org/nexus/content/groups/public-jboss/jakarta/batch/jakarta.batch-api/2.1.1/jakarta.batch-api-2.1.1.pom
#27 44.15 [INFO] Downloading from central: https://repo.maven.apache.org/maven2/jakarta/batch/jakarta.batch-api/2.1.1/jakarta.batch-api-2.1.1.pom
#27 44.18 [INFO] Downloaded from central: https://repo.maven.apache.org/maven2/jakarta/batch/jakarta.batch-api/2.1.1/jakarta.batch-api-2.1.1.pom (5.7 kB at 249 kB/s)
#27 44.18 [INFO] Downloading from jboss-https: https://repository.jboss.org/nexus/content/groups/public-jboss/jakarta/batch/batch-api-parent/2.1.1/batch-api-parent-2.1.1.pom
#27 44.49 [INFO] Downloading from central: https://repo.maven.apache.org/maven2/jakarta/batch/batch-api-parent/2.1.1/batch-api-parent-2.1.1.pom
#27 44.51 [INFO] Downloaded from central: https://repo.maven.apache.org/maven2/jakarta/batch/batch-api-parent/2.1.1/batch-api-parent-2.1.1.pom (11 kB at 533 kB/s)
#27 44.51 [INFO] Downloading from jboss-https: https://repository.jboss.org/nexus/content/groups/public-jboss/org/hibernate/orm/hibernate-core/6.4.4.Final/hibernate-core-6.4.4.Final.jar
#27 45.03 [INFO] Downloading from jboss-https: https://repository.jboss.org/nexus/content/groups/public-jboss/jakarta/persistence/jakarta.persistence-api/3.1.0/jakarta.persistence-api-3.1.0.jar
#27 45.03 [INFO] Downloading from jboss-https: https://repository.jboss.org/nexus/content/groups/public-jboss/jakarta/transaction/jakarta.transaction-api/2.0.1/jakarta.transaction-api-2.0.1.jar
#27 45.03 [INFO] Downloading from jboss-https: https://repository.jboss.org/nexus/content/groups/public-jboss/org/jboss/logging/jboss-logging/3.5.0.Final/jboss-logging-3.5.0.Final.jar
#27 45.03 [INFO] Downloading from jboss-https: https://repository.jboss.org/nexus/content/groups/public-jboss/io/smallrye/jandex/3.1.2/jandex-3.1.2.jar
#27 45.03 [INFO] Downloading from jboss-https: https://repository.jboss.org/nexus/content/groups/public-jboss/org/hibernate/common/hibernate-commons-annotations/6.0.6.Final/hibernate-commons-annotations-6.0.6.Final.jar
#27 45.31 [INFO] Downloading from jboss-https: https://repository.jboss.org/nexus/content/groups/public-jboss/com/fasterxml/classmate/1.5.1/classmate-1.5.1.jar
#27 45.47 [INFO] Downloading from jboss-https: https://repository.jboss.org/nexus/content/groups/public-jboss/net/bytebuddy/byte-buddy/1.14.11/byte-buddy-1.14.11.jar
#27 45.49 [INFO] Downloading from jboss-https: https://repository.jboss.org/nexus/content/groups/public-jboss/jakarta/xml/bind/jakarta.xml.bind-api/4.0.0/jakarta.xml.bind-api-4.0.0.jar
#27 45.54 [INFO] Downloading from jboss-https: https://repository.jboss.org/nexus/content/groups/public-jboss/org/glassfish/jaxb/jaxb-runtime/4.0.2/jaxb-runtime-4.0.2.jar
#27 45.72 [INFO] Downloading from jboss-https: https://repository.jboss.org/nexus/content/groups/public-jboss/org/glassfish/jaxb/jaxb-core/4.0.2/jaxb-core-4.0.2.jar
#27 45.74 [INFO] Downloading from jboss-https: https://repository.jboss.org/nexus/content/groups/public-jboss/org/eclipse/angus/angus-activation/2.0.0/angus-activation-2.0.0.jar
#27 45.77 [INFO] Downloading from jboss-https: https://repository.jboss.org/nexus/content/groups/public-jboss/org/glassfish/jaxb/txw2/4.0.2/txw2-4.0.2.jar
#27 45.95 [INFO] Downloading from jboss-https: https://repository.jboss.org/nexus/content/groups/public-jboss/com/sun/istack/istack-commons-runtime/4.1.1/istack-commons-runtime-4.1.1.jar
#27 46.03 [INFO] Downloaded from jboss-https: https://repository.jboss.org/nexus/content/groups/public-jboss/org/jboss/logging/jboss-logging/3.5.0.Final/jboss-logging-3.5.0.Final.jar (63 kB at 62 kB/s)
#27 46.03 [INFO] Downloading from jboss-https: https://repository.jboss.org/nexus/content/groups/public-jboss/jakarta/inject/jakarta.inject-api/2.0.1/jakarta.inject-api-2.0.1.jar
#27 46.05 [INFO] Downloading from jboss-https: https://repository.jboss.org/nexus/content/groups/public-jboss/org/antlr/antlr4-runtime/4.13.0/antlr4-runtime-4.13.0.jar
#27 46.06 [INFO] Downloading from jboss-https: https://repository.jboss.org/nexus/content/groups/public-jboss/org/slf4j/slf4j-api/2.0.13/slf4j-api-2.0.13.jar
#27 46.09 [INFO] Downloading from jboss-https: https://repository.jboss.org/nexus/content/groups/public-jboss/com/fasterxml/jackson/core/jackson-databind/2.15.4/jackson-databind-2.15.4.jar
#27 46.26 [INFO] Downloading from jboss-https: https://repository.jboss.org/nexus/content/groups/public-jboss/com/fasterxml/jackson/core/jackson-core/2.15.4/jackson-core-2.15.4.jar
#27 46.33 [INFO] Downloading from jboss-https: https://repository.jboss.org/nexus/content/groups/public-jboss/com/fasterxml/jackson/datatype/jackson-datatype-jsr310/2.15.4/jackson-datatype-jsr310-2.15.4.jar
#27 46.37 [INFO] Downloading from jboss-https: https://repository.jboss.org/nexus/content/groups/public-jboss/jakarta/platform/jakarta.jakartaee-api/10.0.0/jakarta.jakartaee-api-10.0.0.jar
#27 46.38 [INFO] Downloading from jboss-https: https://repository.jboss.org/nexus/content/groups/public-jboss/jakarta/platform/jakarta.jakartaee-web-api/10.0.0/jakarta.jakartaee-web-api-10.0.0.jar
#27 46.38 [INFO] Downloading from jboss-https: https://repository.jboss.org/nexus/content/groups/public-jboss/jakarta/servlet/jakarta.servlet-api/6.0.0/jakarta.servlet-api-6.0.0.jar
#27 46.60 [INFO] Downloading from jboss-https: https://repository.jboss.org/nexus/content/groups/public-jboss/jakarta/servlet/jsp/jakarta.servlet.jsp-api/3.1.0/jakarta.servlet.jsp-api-3.1.0.jar
#27 46.64 [INFO] Downloading from jboss-https: https://repository.jboss.org/nexus/content/groups/public-jboss/jakarta/el/jakarta.el-api/5.0.1/jakarta.el-api-5.0.1.jar
#27 46.67 [INFO] Downloading from jboss-https: https://repository.jboss.org/nexus/content/groups/public-jboss/jakarta/servlet/jsp/jstl/jakarta.servlet.jsp.jstl-api/3.0.0/jakarta.servlet.jsp.jstl-api-3.0.0.jar
#27 46.77 [INFO] Downloading from jboss-https: https://repository.jboss.org/nexus/content/groups/public-jboss/jakarta/faces/jakarta.faces-api/4.0.1/jakarta.faces-api-4.0.1.jar
#27 46.77 [INFO] Downloading from jboss-https: https://repository.jboss.org/nexus/content/groups/public-jboss/jakarta/ws/rs/jakarta.ws.rs-api/3.1.0/jakarta.ws.rs-api-3.1.0.jar
#27 46.91 [INFO] Downloading from jboss-https: https://repository.jboss.org/nexus/content/groups/public-jboss/jakarta/websocket/jakarta.websocket-api/2.1.0/jakarta.websocket-api-2.1.0.jar
#27 47.09 [INFO] Downloading from jboss-https: https://repository.jboss.org/nexus/content/groups/public-jboss/jakarta/websocket/jakarta.websocket-client-api/2.1.0/jakarta.websocket-client-api-2.1.0.jar
#27 47.10 [INFO] Downloading from jboss-https: https://repository.jboss.org/nexus/content/groups/public-jboss/jakarta/json/jakarta.json-api/2.1.0/jakarta.json-api-2.1.0.jar
#27 47.12 [INFO] Downloading from jboss-https: https://repository.jboss.org/nexus/content/groups/public-jboss/jakarta/json/bind/jakarta.json.bind-api/3.0.0/jakarta.json.bind-api-3.0.0.jar
#27 47.13 [INFO] Downloading from jboss-https: https://repository.jboss.org/nexus/content/groups/public-jboss/jakarta/annotation/jakarta.annotation-api/2.1.1/jakarta.annotation-api-2.1.1.jar
#27 47.29 [INFO] Downloading from jboss-https: https://repository.jboss.org/nexus/content/groups/public-jboss/jakarta/ejb/jakarta.ejb-api/4.0.1/jakarta.ejb-api-4.0.1.jar
#27 47.38 [INFO] Downloading from jboss-https: https://repository.jboss.org/nexus/content/groups/public-jboss/jakarta/validation/jakarta.validation-api/3.0.2/jakarta.validation-api-3.0.2.jar
#27 47.38 [INFO] Downloading from jboss-https: https://repository.jboss.org/nexus/content/groups/public-jboss/jakarta/interceptor/jakarta.interceptor-api/2.1.0/jakarta.interceptor-api-2.1.0.jar
#27 47.41 [INFO] Downloading from jboss-https: https://repository.jboss.org/nexus/content/groups/public-jboss/jakarta/enterprise/jakarta.enterprise.cdi-api/4.0.1/jakarta.enterprise.cdi-api-4.0.1.jar
#27 47.46 [INFO] Downloading from jboss-https: https://repository.jboss.org/nexus/content/groups/public-jboss/jakarta/enterprise/jakarta.enterprise.lang-model/4.0.1/jakarta.enterprise.lang-model-4.0.1.jar
#27 47.65 [INFO] Downloading from jboss-https: https://repository.jboss.org/nexus/content/groups/public-jboss/jakarta/authentication/jakarta.authentication-api/3.0.0/jakarta.authentication-api-3.0.0.jar
#27 47.66 [INFO] Downloading from jboss-https: https://repository.jboss.org/nexus/content/groups/public-jboss/jakarta/security/enterprise/jakarta.security.enterprise-api/3.0.0/jakarta.security.enterprise-api-3.0.0.jar
#27 47.72 [INFO] Downloading from jboss-https: https://repository.jboss.org/nexus/content/groups/public-jboss/jakarta/jms/jakarta.jms-api/3.1.0/jakarta.jms-api-3.1.0.jar
#27 47.82 [INFO] Downloading from jboss-https: https://repository.jboss.org/nexus/content/groups/public-jboss/jakarta/activation/jakarta.activation-api/2.1.0/jakarta.activation-api-2.1.0.jar
#27 47.99 [INFO] Downloading from jboss-https: https://repository.jboss.org/nexus/content/groups/public-jboss/jakarta/mail/jakarta.mail-api/2.1.0/jakarta.mail-api-2.1.0.jar
#27 48.03 [INFO] Downloading from jboss-https: https://repository.jboss.org/nexus/content/groups/public-jboss/jakarta/resource/jakarta.resource-api/2.1.0/jakarta.resource-api-2.1.0.jar
#27 48.10 [INFO] Downloading from jboss-https: https://repository.jboss.org/nexus/content/groups/public-jboss/jakarta/authorization/jakarta.authorization-api/2.1.0/jakarta.authorization-api-2.1.0.jar
#27 48.12 [INFO] Downloading from jboss-https: https://repository.jboss.org/nexus/content/groups/public-jboss/jakarta/batch/jakarta.batch-api/2.1.1/jakarta.batch-api-2.1.1.jar
#27 48.42 [INFO] Downloading from central: https://repo.maven.apache.org/maven2/org/hibernate/orm/hibernate-core/6.4.4.Final/hibernate-core-6.4.4.Final.jar
#27 48.69 [INFO] Downloaded from central: https://repo.maven.apache.org/maven2/org/hibernate/orm/hibernate-core/6.4.4.Final/hibernate-core-6.4.4.Final.jar (12 MB at 43 MB/s)
#27 48.69 [INFO] Downloading from central: https://repo.maven.apache.org/maven2/jakarta/persistence/jakarta.persistence-api/3.1.0/jakarta.persistence-api-3.1.0.jar
#27 48.69 [INFO] Downloading from central: https://repo.maven.apache.org/maven2/jakarta/transaction/jakarta.transaction-api/2.0.1/jakarta.transaction-api-2.0.1.jar
#27 48.69 [INFO] Downloading from central: https://repo.maven.apache.org/maven2/org/hibernate/common/hibernate-commons-annotations/6.0.6.Final/hibernate-commons-annotations-6.0.6.Final.jar
#27 48.69 [INFO] Downloading from central: https://repo.maven.apache.org/maven2/com/fasterxml/classmate/1.5.1/classmate-1.5.1.jar
#27 48.69 [INFO] Downloading from central: https://repo.maven.apache.org/maven2/io/smallrye/jandex/3.1.2/jandex-3.1.2.jar
#27 48.71 [INFO] Downloaded from central: https://repo.maven.apache.org/maven2/jakarta/persistence/jakarta.persistence-api/3.1.0/jakarta.persistence-api-3.1.0.jar (165 kB at 7.2 MB/s)
#27 48.71 [INFO] Downloading from central: https://repo.maven.apache.org/maven2/net/bytebuddy/byte-buddy/1.14.11/byte-buddy-1.14.11.jar
#27 48.71 [INFO] Downloaded from central: https://repo.maven.apache.org/maven2/jakarta/transaction/jakarta.transaction-api/2.0.1/jakarta.transaction-api-2.0.1.jar (29 kB at 1.2 MB/s)
#27 48.71 [INFO] Downloading from central: https://repo.maven.apache.org/maven2/jakarta/xml/bind/jakarta.xml.bind-api/4.0.0/jakarta.xml.bind-api-4.0.0.jar
#27 48.72 [INFO] Downloaded from central: https://repo.maven.apache.org/maven2/org/hibernate/common/hibernate-commons-annotations/6.0.6.Final/hibernate-commons-annotations-6.0.6.Final.jar (68 kB at 2.6 MB/s)
#27 48.72 [INFO] Downloading from central: https://repo.maven.apache.org/maven2/org/glassfish/jaxb/jaxb-runtime/4.0.2/jaxb-runtime-4.0.2.jar
#27 48.72 [INFO] Downloaded from central: https://repo.maven.apache.org/maven2/com/fasterxml/classmate/1.5.1/classmate-1.5.1.jar (68 kB at 2.1 MB/s)
#27 48.72 [INFO] Downloading from central: https://repo.maven.apache.org/maven2/org/glassfish/jaxb/jaxb-core/4.0.2/jaxb-core-4.0.2.jar
#27 48.73 [INFO] Downloaded from central: https://repo.maven.apache.org/maven2/io/smallrye/jandex/3.1.2/jandex-3.1.2.jar (327 kB at 8.0 MB/s)
#27 48.73 [INFO] Downloading from central: https://repo.maven.apache.org/maven2/org/eclipse/angus/angus-activation/2.0.0/angus-activation-2.0.0.jar
#27 48.73 [INFO] Downloaded from central: https://repo.maven.apache.org/maven2/jakarta/xml/bind/jakarta.xml.bind-api/4.0.0/jakarta.xml.bind-api-4.0.0.jar (127 kB at 3.1 MB/s)
#27 48.73 [INFO] Downloading from central: https://repo.maven.apache.org/maven2/org/glassfish/jaxb/txw2/4.0.2/txw2-4.0.2.jar
#27 48.75 [INFO] Downloaded from central: https://repo.maven.apache.org/maven2/org/glassfish/jaxb/jaxb-core/4.0.2/jaxb-core-4.0.2.jar (139 kB at 2.4 MB/s)
#27 48.75 [INFO] Downloading from central: https://repo.maven.apache.org/maven2/com/sun/istack/istack-commons-runtime/4.1.1/istack-commons-runtime-4.1.1.jar
#27 48.77 [INFO] Downloaded from central: https://repo.maven.apache.org/maven2/org/glassfish/jaxb/jaxb-runtime/4.0.2/jaxb-runtime-4.0.2.jar (908 kB at 12 MB/s)
#27 48.77 [INFO] Downloading from central: https://repo.maven.apache.org/maven2/jakarta/inject/jakarta.inject-api/2.0.1/jakarta.inject-api-2.0.1.jar
#27 48.77 [INFO] Downloaded from central: https://repo.maven.apache.org/maven2/org/glassfish/jaxb/txw2/4.0.2/txw2-4.0.2.jar (73 kB at 927 kB/s)
#27 48.77 [INFO] Downloading from central: https://repo.maven.apache.org/maven2/org/antlr/antlr4-runtime/4.13.0/antlr4-runtime-4.13.0.jar
#27 48.78 [INFO] Downloaded from central: https://repo.maven.apache.org/maven2/com/sun/istack/istack-commons-runtime/4.1.1/istack-commons-runtime-4.1.1.jar (26 kB at 311 kB/s)
#27 48.78 [INFO] Downloading from central: https://repo.maven.apache.org/maven2/org/slf4j/slf4j-api/2.0.13/slf4j-api-2.0.13.jar
#27 48.78 [INFO] Downloaded from central: https://repo.maven.apache.org/maven2/org/eclipse/angus/angus-activation/2.0.0/angus-activation-2.0.0.jar (27 kB at 319 kB/s)
#27 48.78 [INFO] Downloading from central: https://repo.maven.apache.org/maven2/com/fasterxml/jackson/core/jackson-databind/2.15.4/jackson-databind-2.15.4.jar
#27 48.89 [INFO] Downloaded from central: https://repo.maven.apache.org/maven2/org/slf4j/slf4j-api/2.0.13/slf4j-api-2.0.13.jar (69 kB at 343 kB/s)
#27 48.89 [INFO] Downloading from central: https://repo.maven.apache.org/maven2/com/fasterxml/jackson/core/jackson-core/2.15.4/jackson-core-2.15.4.jar
#27 48.98 [INFO] Downloaded from central: https://repo.maven.apache.org/maven2/com/fasterxml/jackson/core/jackson-databind/2.15.4/jackson-databind-2.15.4.jar (1.6 MB at 5.7 MB/s)
#27 48.98 [INFO] Downloading from central: https://repo.maven.apache.org/maven2/com/fasterxml/jackson/datatype/jackson-datatype-jsr310/2.15.4/jackson-datatype-jsr310-2.15.4.jar
#27 48.99 [INFO] Downloaded from central: https://repo.maven.apache.org/maven2/com/fasterxml/jackson/core/jackson-core/2.15.4/jackson-core-2.15.4.jar (548 kB at 1.8 MB/s)
#27 48.99 [INFO] Downloading from central: https://repo.maven.apache.org/maven2/jakarta/platform/jakarta.jakartaee-api/10.0.0/jakarta.jakartaee-api-10.0.0.jar
#27 49.01 [INFO] Downloaded from central: https://repo.maven.apache.org/maven2/com/fasterxml/jackson/datatype/jackson-datatype-jsr310/2.15.4/jackson-datatype-jsr310-2.15.4.jar (123 kB at 383 kB/s)
#27 49.01 [INFO] Downloading from central: https://repo.maven.apache.org/maven2/jakarta/platform/jakarta.jakartaee-web-api/10.0.0/jakarta.jakartaee-web-api-10.0.0.jar
#27 49.02 [INFO] Downloaded from central: https://repo.maven.apache.org/maven2/net/bytebuddy/byte-buddy/1.14.11/byte-buddy-1.14.11.jar (4.2 MB at 13 MB/s)
#27 49.02 [INFO] Downloading from central: https://repo.maven.apache.org/maven2/jakarta/servlet/jakarta.servlet-api/6.0.0/jakarta.servlet-api-6.0.0.jar
#27 49.05 [INFO] Downloaded from central: https://repo.maven.apache.org/maven2/jakarta/servlet/jakarta.servlet-api/6.0.0/jakarta.servlet-api-6.0.0.jar (348 kB at 963 kB/s)
#27 49.05 [INFO] Downloading from central: https://repo.maven.apache.org/maven2/jakarta/servlet/jsp/jakarta.servlet.jsp-api/3.1.0/jakarta.servlet.jsp-api-3.1.0.jar
#27 49.08 [INFO] Downloaded from central: https://repo.maven.apache.org/maven2/jakarta/servlet/jsp/jakarta.servlet.jsp-api/3.1.0/jakarta.servlet.jsp-api-3.1.0.jar (71 kB at 184 kB/s)
#27 49.08 [INFO] Downloading from central: https://repo.maven.apache.org/maven2/jakarta/el/jakarta.el-api/5.0.1/jakarta.el-api-5.0.1.jar
#27 49.10 [INFO] Downloaded from central: https://repo.maven.apache.org/maven2/jakarta/el/jakarta.el-api/5.0.1/jakarta.el-api-5.0.1.jar (88 kB at 216 kB/s)
#27 49.10 [INFO] Downloading from central: https://repo.maven.apache.org/maven2/jakarta/servlet/jsp/jstl/jakarta.servlet.jsp.jstl-api/3.0.0/jakarta.servlet.jsp.jstl-api-3.0.0.jar
#27 49.11 [INFO] Downloaded from central: https://repo.maven.apache.org/maven2/jakarta/platform/jakarta.jakartaee-web-api/10.0.0/jakarta.jakartaee-web-api-10.0.0.jar (1.7 MB at 4.0 MB/s)
#27 49.11 [INFO] Downloading from central: https://repo.maven.apache.org/maven2/jakarta/faces/jakarta.faces-api/4.0.1/jakarta.faces-api-4.0.1.jar
#27 49.12 [INFO] Downloaded from central: https://repo.maven.apache.org/maven2/jakarta/servlet/jsp/jstl/jakarta.servlet.jsp.jstl-api/3.0.0/jakarta.servlet.jsp.jstl-api-3.0.0.jar (46 kB at 107 kB/s)
#27 49.12 [INFO] Downloading from central: https://repo.maven.apache.org/maven2/jakarta/ws/rs/jakarta.ws.rs-api/3.1.0/jakarta.ws.rs-api-3.1.0.jar
#27 49.15 [INFO] Downloaded from central: https://repo.maven.apache.org/maven2/jakarta/ws/rs/jakarta.ws.rs-api/3.1.0/jakarta.ws.rs-api-3.1.0.jar (155 kB at 339 kB/s)
#27 49.15 [INFO] Downloading from central: https://repo.maven.apache.org/maven2/jakarta/websocket/jakarta.websocket-api/2.1.0/jakarta.websocket-api-2.1.0.jar
#27 49.16 [INFO] Downloaded from central: https://repo.maven.apache.org/maven2/jakarta/faces/jakarta.faces-api/4.0.1/jakarta.faces-api-4.0.1.jar (719 kB at 1.5 MB/s)
#27 49.16 [INFO] Downloading from central: https://repo.maven.apache.org/maven2/jakarta/websocket/jakarta.websocket-client-api/2.1.0/jakarta.websocket-client-api-2.1.0.jar
#27 49.18 [INFO] Downloaded from central: https://repo.maven.apache.org/maven2/jakarta/websocket/jakarta.websocket-api/2.1.0/jakarta.websocket-api-2.1.0.jar (24 kB at 49 kB/s)
#27 49.18 [INFO] Downloading from central: https://repo.maven.apache.org/maven2/jakarta/json/jakarta.json-api/2.1.0/jakarta.json-api-2.1.0.jar
#27 49.19 [INFO] Downloaded from central: https://repo.maven.apache.org/maven2/jakarta/inject/jakarta.inject-api/2.0.1/jakarta.inject-api-2.0.1.jar (11 kB at 21 kB/s)
#27 49.19 [INFO] Downloading from central: https://repo.maven.apache.org/maven2/jakarta/json/bind/jakarta.json.bind-api/3.0.0/jakarta.json.bind-api-3.0.0.jar
#27 49.19 [INFO] Downloaded from central: https://repo.maven.apache.org/maven2/jakarta/websocket/jakarta.websocket-client-api/2.1.0/jakarta.websocket-client-api-2.1.0.jar (42 kB at 84 kB/s)
#27 49.19 [INFO] Downloading from central: https://repo.maven.apache.org/maven2/jakarta/annotation/jakarta.annotation-api/2.1.1/jakarta.annotation-api-2.1.1.jar
#27 49.21 [INFO] Downloaded from central: https://repo.maven.apache.org/maven2/jakarta/json/jakarta.json-api/2.1.0/jakarta.json-api-2.1.0.jar (49 kB at 96 kB/s)
#27 49.21 [INFO] Downloading from central: https://repo.maven.apache.org/maven2/jakarta/ejb/jakarta.ejb-api/4.0.1/jakarta.ejb-api-4.0.1.jar
#27 49.22 [INFO] Downloaded from central: https://repo.maven.apache.org/maven2/jakarta/annotation/jakarta.annotation-api/2.1.1/jakarta.annotation-api-2.1.1.jar (26 kB at 50 kB/s)
#27 49.22 [INFO] Downloading from central: https://repo.maven.apache.org/maven2/jakarta/validation/jakarta.validation-api/3.0.2/jakarta.validation-api-3.0.2.jar
#27 49.22 [INFO] Downloaded from central: https://repo.maven.apache.org/maven2/jakarta/json/bind/jakarta.json.bind-api/3.0.0/jakarta.json.bind-api-3.0.0.jar (37 kB at 69 kB/s)
#27 49.22 [INFO] Downloading from central: https://repo.maven.apache.org/maven2/jakarta/interceptor/jakarta.interceptor-api/2.1.0/jakarta.interceptor-api-2.1.0.jar
#27 49.23 [INFO] Downloaded from central: https://repo.maven.apache.org/maven2/jakarta/ejb/jakarta.ejb-api/4.0.1/jakarta.ejb-api-4.0.1.jar (62 kB at 115 kB/s)
#27 49.23 [INFO] Downloading from central: https://repo.maven.apache.org/maven2/jakarta/enterprise/jakarta.enterprise.cdi-api/4.0.1/jakarta.enterprise.cdi-api-4.0.1.jar
#27 49.24 [INFO] Downloaded from central: https://repo.maven.apache.org/maven2/org/antlr/antlr4-runtime/4.13.0/antlr4-runtime-4.13.0.jar (326 kB at 600 kB/s)
#27 49.24 [INFO] Downloading from central: https://repo.maven.apache.org/maven2/jakarta/enterprise/jakarta.enterprise.lang-model/4.0.1/jakarta.enterprise.lang-model-4.0.1.jar
#27 49.24 [INFO] Downloaded from central: https://repo.maven.apache.org/maven2/jakarta/validation/jakarta.validation-api/3.0.2/jakarta.validation-api-3.0.2.jar (93 kB at 171 kB/s)
#27 49.24 [INFO] Downloading from central: https://repo.maven.apache.org/maven2/jakarta/authentication/jakarta.authentication-api/3.0.0/jakarta.authentication-api-3.0.0.jar
#27 49.25 [INFO] Downloaded from central: https://repo.maven.apache.org/maven2/jakarta/enterprise/jakarta.enterprise.cdi-api/4.0.1/jakarta.enterprise.cdi-api-4.0.1.jar (151 kB at 270 kB/s)
#27 49.25 [INFO] Downloading from central: https://repo.maven.apache.org/maven2/jakarta/security/enterprise/jakarta.security.enterprise-api/3.0.0/jakarta.security.enterprise-api-3.0.0.jar
#27 49.25 [INFO] Downloaded from central: https://repo.maven.apache.org/maven2/jakarta/interceptor/jakarta.interceptor-api/2.1.0/jakarta.interceptor-api-2.1.0.jar (25 kB at 45 kB/s)
#27 49.25 [INFO] Downloading from central: https://repo.maven.apache.org/maven2/jakarta/jms/jakarta.jms-api/3.1.0/jakarta.jms-api-3.1.0.jar
#27 49.26 [INFO] Downloaded from central: https://repo.maven.apache.org/maven2/jakarta/enterprise/jakarta.enterprise.lang-model/4.0.1/jakarta.enterprise.lang-model-4.0.1.jar (26 kB at 46 kB/s)
#27 49.26 [INFO] Downloading from central: https://repo.maven.apache.org/maven2/jakarta/activation/jakarta.activation-api/2.1.0/jakarta.activation-api-2.1.0.jar
#27 49.26 [INFO] Downloaded from central: https://repo.maven.apache.org/maven2/jakarta/authentication/jakarta.authentication-api/3.0.0/jakarta.authentication-api-3.0.0.jar (45 kB at 80 kB/s)
#27 49.26 [INFO] Downloading from central: https://repo.maven.apache.org/maven2/jakarta/mail/jakarta.mail-api/2.1.0/jakarta.mail-api-2.1.0.jar
#27 49.27 [INFO] Downloaded from central: https://repo.maven.apache.org/maven2/jakarta/platform/jakarta.jakartaee-api/10.0.0/jakarta.jakartaee-api-10.0.0.jar (2.3 MB at 3.9 MB/s)
#27 49.27 [INFO] Downloading from central: https://repo.maven.apache.org/maven2/jakarta/resource/jakarta.resource-api/2.1.0/jakarta.resource-api-2.1.0.jar
#27 49.28 [INFO] Downloaded from central: https://repo.maven.apache.org/maven2/jakarta/security/enterprise/jakarta.security.enterprise-api/3.0.0/jakarta.security.enterprise-api-3.0.0.jar (85 kB at 146 kB/s)
#27 49.28 [INFO] Downloading from central: https://repo.maven.apache.org/maven2/jakarta/authorization/jakarta.authorization-api/2.1.0/jakarta.authorization-api-2.1.0.jar
#27 49.28 [INFO] Downloaded from central: https://repo.maven.apache.org/maven2/jakarta/mail/jakarta.mail-api/2.1.0/jakarta.mail-api-2.1.0.jar (236 kB at 402 kB/s)
#27 49.28 [INFO] Downloading from central: https://repo.maven.apache.org/maven2/jakarta/batch/jakarta.batch-api/2.1.1/jakarta.batch-api-2.1.1.jar
#27 49.29 [INFO] Downloaded from central: https://repo.maven.apache.org/maven2/jakarta/activation/jakarta.activation-api/2.1.0/jakarta.activation-api-2.1.0.jar (63 kB at 107 kB/s)
#27 49.30 [INFO] Downloaded from central: https://repo.maven.apache.org/maven2/jakarta/authorization/jakarta.authorization-api/2.1.0/jakarta.authorization-api-2.1.0.jar (47 kB at 77 kB/s)
#27 49.30 [INFO] Downloaded from central: https://repo.maven.apache.org/maven2/jakarta/batch/jakarta.batch-api/2.1.1/jakarta.batch-api-2.1.1.jar (46 kB at 75 kB/s)
#27 49.39 [INFO] Downloaded from central: https://repo.maven.apache.org/maven2/jakarta/resource/jakarta.resource-api/2.1.0/jakarta.resource-api-2.1.0.jar (65 kB at 94 kB/s)
#27 49.39 [INFO] Downloaded from central: https://repo.maven.apache.org/maven2/jakarta/jms/jakarta.jms-api/3.1.0/jakarta.jms-api-3.1.0.jar (59 kB at 84 kB/s)
#27 49.40 [INFO]
#27 49.40 [INFO] --- resources:3.3.1:resources (default-resources) @ opendolphin-persistence ---
#27 49.40 [INFO] skip non existing resourceDirectory /workspace/persistence/src/main/resources
#27 49.40 [INFO]
#27 49.40 [INFO] --- compiler:3.11.0:compile (default-compile) @ opendolphin-persistence ---
#27 49.42 [INFO] Changes detected - recompiling the module! :source
#27 49.42 [INFO] Compiling 151 source files with javac [debug deprecation release 17] to target/classes
#27 50.05 [WARNING] /workspace/persistence/src/main/java/open/dolphin/infomodel/PhysicalModel.java:[117,28] Float(java.lang.String) in java.lang.Float has been deprecated and marked for removal
#27 50.05 [WARNING] /workspace/persistence/src/main/java/open/dolphin/infomodel/PhysicalModel.java:[118,28] Float(java.lang.String) in java.lang.Float has been deprecated and marked for removal
#27 50.05 [WARNING] /workspace/persistence/src/main/java/open/dolphin/infomodel/PatientVisitModel.java:[234,16] Integer(int) in java.lang.Integer has been deprecated and marked for removal
#27 50.05 [INFO] /workspace/persistence/src/main/java/open/dolphin/infomodel/CarePlanModel.java: Some input files use unchecked or unsafe operations.
#27 50.05 [INFO] /workspace/persistence/src/main/java/open/dolphin/infomodel/CarePlanModel.java: Recompile with -Xlint:unchecked for details.
#27 50.05 [INFO]
#27 50.05 [INFO] --- resources:3.3.1:testResources (default-testResources) @ opendolphin-persistence ---
#27 50.05 [INFO] skip non existing resourceDirectory /workspace/persistence/src/test/resources
#27 50.05 [INFO]
#27 50.05 [INFO] --- compiler:3.11.0:testCompile (default-testCompile) @ opendolphin-persistence ---
#27 50.06 [INFO] Changes detected - recompiling the module! :dependency
#27 50.06 [INFO] Compiling 3 source files with javac [debug deprecation release 17] to target/test-classes
#27 50.15 [INFO]
#27 50.15 [INFO] --- surefire:3.2.5:test (default-test) @ opendolphin-persistence ---
#27 50.15 [INFO] Tests are skipped.
#27 50.15 [INFO]
#27 50.15 [INFO] --- jar:3.3.0:jar (default-jar) @ opendolphin-persistence ---
#27 50.15 [INFO] Building jar: /workspace/persistence/target/opendolphin-persistence-2.7.1.jar
#27 50.17 [INFO]
#27 50.17 [INFO] -----------------< opendolphin:opendolphin-reporting >------------------
#27 50.17 [INFO] Building opendolphin-reporting 2.7.1                               [4/5]
#27 50.17 [INFO]   from reporting/pom.xml
#27 50.17 [INFO] --------------------------------[ jar ]---------------------------------
#27 50.17 [INFO] Downloading from jboss-https: https://repository.jboss.org/nexus/content/groups/public-jboss/org/apache/velocity/velocity-engine-core/2.3/velocity-engine-core-2.3.pom
#27 50.71 [INFO] Downloading from central: https://repo.maven.apache.org/maven2/org/apache/velocity/velocity-engine-core/2.3/velocity-engine-core-2.3.pom
#27 50.75 [INFO] Downloaded from central: https://repo.maven.apache.org/maven2/org/apache/velocity/velocity-engine-core/2.3/velocity-engine-core-2.3.pom (10 kB at 317 kB/s)
#27 50.75 [INFO] Downloading from jboss-https: https://repository.jboss.org/nexus/content/groups/public-jboss/org/apache/velocity/velocity-engine-parent/2.3/velocity-engine-parent-2.3.pom
#27 51.30 [INFO] Downloading from central: https://repo.maven.apache.org/maven2/org/apache/velocity/velocity-engine-parent/2.3/velocity-engine-parent-2.3.pom
#27 51.33 [INFO] Downloaded from central: https://repo.maven.apache.org/maven2/org/apache/velocity/velocity-engine-parent/2.3/velocity-engine-parent-2.3.pom (14 kB at 461 kB/s)
#27 51.33 [INFO] Downloading from jboss-https: https://repository.jboss.org/nexus/content/groups/public-jboss/org/apache/velocity/velocity-master/4/velocity-master-4.pom
#27 51.63 [INFO] Downloading from central: https://repo.maven.apache.org/maven2/org/apache/velocity/velocity-master/4/velocity-master-4.pom
#27 51.66 [INFO] Downloaded from central: https://repo.maven.apache.org/maven2/org/apache/velocity/velocity-master/4/velocity-master-4.pom (7.8 kB at 288 kB/s)
#27 51.66 [INFO] Downloading from jboss-https: https://repository.jboss.org/nexus/content/groups/public-jboss/org/apache/commons/commons-lang3/3.11/commons-lang3-3.11.pom
#27 52.02 [INFO] Downloading from central: https://repo.maven.apache.org/maven2/org/apache/commons/commons-lang3/3.11/commons-lang3-3.11.pom
#27 52.05 [INFO] Downloaded from central: https://repo.maven.apache.org/maven2/org/apache/commons/commons-lang3/3.11/commons-lang3-3.11.pom (30 kB at 910 kB/s)
#27 52.05 [INFO] Downloading from jboss-https: https://repository.jboss.org/nexus/content/groups/public-jboss/org/apache/commons/commons-parent/51/commons-parent-51.pom
#27 52.78 [INFO] Downloading from central: https://repo.maven.apache.org/maven2/org/apache/commons/commons-parent/51/commons-parent-51.pom
#27 52.82 [INFO] Downloaded from central: https://repo.maven.apache.org/maven2/org/apache/commons/commons-parent/51/commons-parent-51.pom (78 kB at 2.3 MB/s)
#27 52.82 [INFO] Downloading from jboss-https: https://repository.jboss.org/nexus/content/groups/public-jboss/org/slf4j/slf4j-api/1.7.30/slf4j-api-1.7.30.pom
#27 53.10 [INFO] Downloading from central: https://repo.maven.apache.org/maven2/org/slf4j/slf4j-api/1.7.30/slf4j-api-1.7.30.pom
#27 53.13 [INFO] Downloaded from central: https://repo.maven.apache.org/maven2/org/slf4j/slf4j-api/1.7.30/slf4j-api-1.7.30.pom (3.8 kB at 128 kB/s)
#27 53.14 [INFO] Downloading from jboss-https: https://repository.jboss.org/nexus/content/groups/public-jboss/org/slf4j/slf4j-parent/1.7.30/slf4j-parent-1.7.30.pom
#27 53.42 [INFO] Downloading from central: https://repo.maven.apache.org/maven2/org/slf4j/slf4j-parent/1.7.30/slf4j-parent-1.7.30.pom
#27 53.45 [INFO] Downloaded from central: https://repo.maven.apache.org/maven2/org/slf4j/slf4j-parent/1.7.30/slf4j-parent-1.7.30.pom (14 kB at 445 kB/s)
#27 53.45 [INFO] Downloading from jboss-https: https://repository.jboss.org/nexus/content/groups/public-jboss/com/github/librepdf/openpdf/1.3.41/openpdf-1.3.41.pom
#27 53.91 [INFO] Downloading from central: https://repo.maven.apache.org/maven2/com/github/librepdf/openpdf/1.3.41/openpdf-1.3.41.pom
#27 53.95 [INFO] Downloaded from central: https://repo.maven.apache.org/maven2/com/github/librepdf/openpdf/1.3.41/openpdf-1.3.41.pom (3.5 kB at 94 kB/s)
#27 53.95 [INFO] Downloading from jboss-https: https://repository.jboss.org/nexus/content/groups/public-jboss/com/github/librepdf/openpdf-parent/1.3.41/openpdf-parent-1.3.41.pom
#27 54.26 [INFO] Downloading from central: https://repo.maven.apache.org/maven2/com/github/librepdf/openpdf-parent/1.3.41/openpdf-parent-1.3.41.pom
#27 54.30 [INFO] Downloaded from central: https://repo.maven.apache.org/maven2/com/github/librepdf/openpdf-parent/1.3.41/openpdf-parent-1.3.41.pom (22 kB at 623 kB/s)
#27 54.33 [INFO] Downloading from jboss-https: https://repository.jboss.org/nexus/content/groups/public-jboss/org/bouncycastle/bcprov-jdk18on/1.82/bcprov-jdk18on-1.82.pom
#27 54.71 [INFO] Downloading from central: https://repo.maven.apache.org/maven2/org/bouncycastle/bcprov-jdk18on/1.82/bcprov-jdk18on-1.82.pom
#27 54.75 [INFO] Downloaded from central: https://repo.maven.apache.org/maven2/org/bouncycastle/bcprov-jdk18on/1.82/bcprov-jdk18on-1.82.pom (1.2 kB at 31 kB/s)
#27 54.76 [INFO] Downloading from jboss-https: https://repository.jboss.org/nexus/content/groups/public-jboss/org/bouncycastle/bcpkix-jdk18on/1.82/bcpkix-jdk18on-1.82.pom
#27 55.16 [INFO] Downloading from central: https://repo.maven.apache.org/maven2/org/bouncycastle/bcpkix-jdk18on/1.82/bcpkix-jdk18on-1.82.pom
#27 55.19 [INFO] Downloaded from central: https://repo.maven.apache.org/maven2/org/bouncycastle/bcpkix-jdk18on/1.82/bcpkix-jdk18on-1.82.pom (1.5 kB at 52 kB/s)
#27 55.19 [INFO] Downloading from jboss-https: https://repository.jboss.org/nexus/content/groups/public-jboss/org/bouncycastle/bcutil-jdk18on/1.82/bcutil-jdk18on-1.82.pom
#27 55.54 [INFO] Downloading from central: https://repo.maven.apache.org/maven2/org/bouncycastle/bcutil-jdk18on/1.82/bcutil-jdk18on-1.82.pom
#27 55.57 [INFO] Downloaded from central: https://repo.maven.apache.org/maven2/org/bouncycastle/bcutil-jdk18on/1.82/bcutil-jdk18on-1.82.pom (1.3 kB at 50 kB/s)
#27 55.57 [INFO] Downloading from jboss-https: https://repository.jboss.org/nexus/content/groups/public-jboss/org/junit/jupiter/junit-jupiter-engine/5.10.2/junit-jupiter-engine-5.10.2.pom
#27 56.01 [INFO] Downloading from central: https://repo.maven.apache.org/maven2/org/junit/jupiter/junit-jupiter-engine/5.10.2/junit-jupiter-engine-5.10.2.pom
#27 56.04 [INFO] Downloaded from central: https://repo.maven.apache.org/maven2/org/junit/jupiter/junit-jupiter-engine/5.10.2/junit-jupiter-engine-5.10.2.pom (3.2 kB at 110 kB/s)
#27 56.04 [INFO] Downloading from jboss-https: https://repository.jboss.org/nexus/content/groups/public-jboss/org/junit/platform/junit-platform-engine/1.10.2/junit-platform-engine-1.10.2.pom
#27 56.36 [INFO] Downloading from central: https://repo.maven.apache.org/maven2/org/junit/platform/junit-platform-engine/1.10.2/junit-platform-engine-1.10.2.pom
#27 56.40 [INFO] Downloaded from central: https://repo.maven.apache.org/maven2/org/junit/platform/junit-platform-engine/1.10.2/junit-platform-engine-1.10.2.pom (3.2 kB at 92 kB/s)
#27 56.41 [INFO] Downloading from jboss-https: https://repository.jboss.org/nexus/content/groups/public-jboss/org/apache/velocity/velocity-engine-core/2.3/velocity-engine-core-2.3.jar
#27 56.73 [INFO] Downloading from jboss-https: https://repository.jboss.org/nexus/content/groups/public-jboss/org/apache/commons/commons-lang3/3.11/commons-lang3-3.11.jar
#27 56.73 [INFO] Downloading from jboss-https: https://repository.jboss.org/nexus/content/groups/public-jboss/org/slf4j/slf4j-api/1.7.30/slf4j-api-1.7.30.jar
#27 56.74 [INFO] Downloading from jboss-https: https://repository.jboss.org/nexus/content/groups/public-jboss/com/github/librepdf/openpdf/1.3.41/openpdf-1.3.41.jar
#27 56.74 [INFO] Downloading from jboss-https: https://repository.jboss.org/nexus/content/groups/public-jboss/org/bouncycastle/bcprov-jdk18on/1.82/bcprov-jdk18on-1.82.jar
#27 56.74 [INFO] Downloading from jboss-https: https://repository.jboss.org/nexus/content/groups/public-jboss/org/bouncycastle/bcpkix-jdk18on/1.82/bcpkix-jdk18on-1.82.jar
#27 57.02 [INFO] Downloading from jboss-https: https://repository.jboss.org/nexus/content/groups/public-jboss/org/bouncycastle/bcutil-jdk18on/1.82/bcutil-jdk18on-1.82.jar
#27 57.03 [INFO] Downloading from jboss-https: https://repository.jboss.org/nexus/content/groups/public-jboss/org/junit/jupiter/junit-jupiter-engine/5.10.2/junit-jupiter-engine-5.10.2.jar
#27 57.08 [INFO] Downloading from jboss-https: https://repository.jboss.org/nexus/content/groups/public-jboss/org/junit/platform/junit-platform-engine/1.10.2/junit-platform-engine-1.10.2.jar
#27 57.41 [INFO] Downloading from central: https://repo.maven.apache.org/maven2/org/apache/velocity/velocity-engine-core/2.3/velocity-engine-core-2.3.jar
#27 57.45 [INFO] Downloaded from central: https://repo.maven.apache.org/maven2/org/apache/velocity/velocity-engine-core/2.3/velocity-engine-core-2.3.jar (531 kB at 11 MB/s)
#27 57.45 [INFO] Downloading from central: https://repo.maven.apache.org/maven2/org/apache/commons/commons-lang3/3.11/commons-lang3-3.11.jar
#27 57.46 [INFO] Downloading from central: https://repo.maven.apache.org/maven2/org/slf4j/slf4j-api/1.7.30/slf4j-api-1.7.30.jar
#27 57.46 [INFO] Downloading from central: https://repo.maven.apache.org/maven2/com/github/librepdf/openpdf/1.3.41/openpdf-1.3.41.jar
#27 57.46 [INFO] Downloading from central: https://repo.maven.apache.org/maven2/org/bouncycastle/bcprov-jdk18on/1.82/bcprov-jdk18on-1.82.jar
#27 57.46 [INFO] Downloading from central: https://repo.maven.apache.org/maven2/org/bouncycastle/bcpkix-jdk18on/1.82/bcpkix-jdk18on-1.82.jar
#27 57.48 [INFO] Downloaded from central: https://repo.maven.apache.org/maven2/org/slf4j/slf4j-api/1.7.30/slf4j-api-1.7.30.jar (41 kB at 1.7 MB/s)
#27 57.48 [INFO] Downloading from central: https://repo.maven.apache.org/maven2/org/bouncycastle/bcutil-jdk18on/1.82/bcutil-jdk18on-1.82.jar
#27 57.50 [INFO] Downloaded from central: https://repo.maven.apache.org/maven2/org/apache/commons/commons-lang3/3.11/commons-lang3-3.11.jar (578 kB at 13 MB/s)
#27 57.50 [INFO] Downloading from central: https://repo.maven.apache.org/maven2/org/junit/jupiter/junit-jupiter-engine/5.10.2/junit-jupiter-engine-5.10.2.jar
#27 57.53 [INFO] Downloaded from central: https://repo.maven.apache.org/maven2/org/junit/jupiter/junit-jupiter-engine/5.10.2/junit-jupiter-engine-5.10.2.jar (245 kB at 3.2 MB/s)
#27 57.53 [INFO] Downloading from central: https://repo.maven.apache.org/maven2/org/junit/platform/junit-platform-engine/1.10.2/junit-platform-engine-1.10.2.jar
#27 57.58 [INFO] Downloaded from central: https://repo.maven.apache.org/maven2/org/bouncycastle/bcutil-jdk18on/1.82/bcutil-jdk18on-1.82.jar (706 kB at 5.9 MB/s)
#27 57.58 [INFO] Downloaded from central: https://repo.maven.apache.org/maven2/org/junit/platform/junit-platform-engine/1.10.2/junit-platform-engine-1.10.2.jar (205 kB at 1.7 MB/s)
#27 57.58 [INFO] Downloaded from central: https://repo.maven.apache.org/maven2/com/github/librepdf/openpdf/1.3.41/openpdf-1.3.41.jar (2.1 MB at 17 MB/s)
#27 57.67 [INFO] Downloaded from central: https://repo.maven.apache.org/maven2/org/bouncycastle/bcpkix-jdk18on/1.82/bcpkix-jdk18on-1.82.jar (1.2 MB at 5.4 MB/s)
#27 57.86 [INFO] Downloaded from central: https://repo.maven.apache.org/maven2/org/bouncycastle/bcprov-jdk18on/1.82/bcprov-jdk18on-1.82.jar (8.5 MB at 21 MB/s)
#27 57.87 [INFO]
#27 57.87 [INFO] --- resources:3.3.1:resources (default-resources) @ opendolphin-reporting ---
#27 57.87 [INFO] skip non existing resourceDirectory /workspace/reporting/src/main/resources
#27 57.88 [INFO] Copying 7 resources from ../server-modernized/reporting/templates to target/classes/reporting/templates
#27 57.88 [INFO] Copying 1 resource from ../server-modernized/reporting/glossary to target/classes/reporting/glossary
#27 57.88 [INFO]
#27 57.88 [INFO] --- compiler:3.11.0:compile (default-compile) @ opendolphin-reporting ---
#27 57.89 [INFO] Changes detected - recompiling the module! :source
#27 57.89 [INFO] Compiling 18 source files with javac [debug release 8] to target/classes
#27 58.11 [INFO]
#27 58.11 [INFO] --- resources:3.3.1:testResources (default-testResources) @ opendolphin-reporting ---
#27 58.11 [INFO] skip non existing resourceDirectory /workspace/reporting/src/test/resources
#27 58.11 [INFO]
#27 58.11 [INFO] --- compiler:3.11.0:testCompile (default-testCompile) @ opendolphin-reporting ---
#27 58.11 [INFO] Changes detected - recompiling the module! :dependency
#27 58.11 [INFO] Compiling 1 source file with javac [debug release 8] to target/test-classes
#27 58.19 [INFO]
#27 58.19 [INFO] --- surefire:3.2.5:test (default-test) @ opendolphin-reporting ---
#27 58.19 [INFO] Tests are skipped.
#27 58.19 [INFO]
#27 58.19 [INFO] --- jar:3.3.0:jar (default-jar) @ opendolphin-reporting ---
#27 58.19 [INFO] Building jar: /workspace/reporting/target/opendolphin-reporting-2.7.1.jar
#27 58.20 [INFO]
#27 58.20 [INFO] -------------< opendolphin:opendolphin-server-modernized >--------------
#27 58.20 [INFO] Building opendolphin-server-modernized 2.7.1                       [5/5]
#27 58.20 [INFO]   from server-modernized/pom.xml
#27 58.20 [INFO] --------------------------------[ war ]---------------------------------
#27 58.20 [INFO] Downloading from central: https://repo.maven.apache.org/maven2/org/apache/maven/plugins/maven-failsafe-plugin/3.1.2/maven-failsafe-plugin-3.1.2.pom
#27 58.30 [INFO] Downloaded from central: https://repo.maven.apache.org/maven2/org/apache/maven/plugins/maven-failsafe-plugin/3.1.2/maven-failsafe-plugin-3.1.2.pom (10 kB at 99 kB/s)
#27 58.30 [INFO] Downloading from central: https://repo.maven.apache.org/maven2/org/apache/maven/surefire/surefire/3.1.2/surefire-3.1.2.pom
#27 58.33 [INFO] Downloaded from central: https://repo.maven.apache.org/maven2/org/apache/maven/surefire/surefire/3.1.2/surefire-3.1.2.pom (22 kB at 920 kB/s)
#27 58.33 [INFO] Downloading from central: https://repo.maven.apache.org/maven2/org/apache/maven/plugins/maven-failsafe-plugin/3.1.2/maven-failsafe-plugin-3.1.2.jar
#27 58.36 [INFO] Downloaded from central: https://repo.maven.apache.org/maven2/org/apache/maven/plugins/maven-failsafe-plugin/3.1.2/maven-failsafe-plugin-3.1.2.jar (54 kB at 2.2 MB/s)
#27 58.36 [INFO] Downloading from central: https://repo.maven.apache.org/maven2/org/apache/maven/plugins/maven-surefire-plugin/3.1.2/maven-surefire-plugin-3.1.2.pom
#27 58.38 [INFO] Downloaded from central: https://repo.maven.apache.org/maven2/org/apache/maven/plugins/maven-surefire-plugin/3.1.2/maven-surefire-plugin-3.1.2.pom (5.5 kB at 321 kB/s)
#27 58.38 [INFO] Downloading from central: https://repo.maven.apache.org/maven2/org/apache/maven/plugins/maven-surefire-plugin/3.1.2/maven-surefire-plugin-3.1.2.jar
#27 58.40 [INFO] Downloaded from central: https://repo.maven.apache.org/maven2/org/apache/maven/plugins/maven-surefire-plugin/3.1.2/maven-surefire-plugin-3.1.2.jar (43 kB at 2.7 MB/s)
#27 58.40 [INFO] Downloading from central: https://repo.maven.apache.org/maven2/org/apache/maven/plugins/maven-war-plugin/3.4.0/maven-war-plugin-3.4.0.pom
#27 58.42 [INFO] Downloaded from central: https://repo.maven.apache.org/maven2/org/apache/maven/plugins/maven-war-plugin/3.4.0/maven-war-plugin-3.4.0.pom (8.4 kB at 523 kB/s)
#27 58.42 [INFO] Downloading from central: https://repo.maven.apache.org/maven2/org/apache/maven/plugins/maven-war-plugin/3.4.0/maven-war-plugin-3.4.0.jar
#27 58.44 [INFO] Downloaded from central: https://repo.maven.apache.org/maven2/org/apache/maven/plugins/maven-war-plugin/3.4.0/maven-war-plugin-3.4.0.jar (83 kB at 3.1 MB/s)
#27 58.45 [INFO] Downloading from jboss-https: https://repository.jboss.org/nexus/content/groups/public-jboss/org/apache/commons/commons-lang3/3.17.0/commons-lang3-3.17.0.pom
#27 58.85 [INFO] Downloading from central: https://repo.maven.apache.org/maven2/org/apache/commons/commons-lang3/3.17.0/commons-lang3-3.17.0.pom
#27 58.87 [INFO] Downloaded from central: https://repo.maven.apache.org/maven2/org/apache/commons/commons-lang3/3.17.0/commons-lang3-3.17.0.pom (31 kB at 1.2 MB/s)
#27 58.88 [INFO] Downloading from jboss-https: https://repository.jboss.org/nexus/content/groups/public-jboss/org/apache/commons/commons-parent/73/commons-parent-73.pom
#27 59.35 [INFO] Downloading from central: https://repo.maven.apache.org/maven2/org/apache/commons/commons-parent/73/commons-parent-73.pom
#27 59.38 [INFO] Downloaded from central: https://repo.maven.apache.org/maven2/org/apache/commons/commons-parent/73/commons-parent-73.pom (78 kB at 3.0 MB/s)
#27 59.38 [INFO] Downloading from jboss-https: https://repository.jboss.org/nexus/content/groups/public-jboss/org/apache/apache/33/apache-33.pom
#27 59.93 [INFO] Downloading from central: https://repo.maven.apache.org/maven2/org/apache/apache/33/apache-33.pom
#27 59.95 [INFO] Downloaded from central: https://repo.maven.apache.org/maven2/org/apache/apache/33/apache-33.pom (24 kB at 864 kB/s)
#27 59.96 [INFO] Downloading from jboss-https: https://repository.jboss.org/nexus/content/groups/public-jboss/org/junit/junit-bom/5.11.0/junit-bom-5.11.0.pom
#27 61.64 [INFO] Downloading from central: https://repo.maven.apache.org/maven2/org/junit/junit-bom/5.11.0/junit-bom-5.11.0.pom
#27 61.67 [INFO] Downloaded from central: https://repo.maven.apache.org/maven2/org/junit/junit-bom/5.11.0/junit-bom-5.11.0.pom (5.6 kB at 182 kB/s)
#27 61.68 [INFO] Downloading from jboss-https: https://repository.jboss.org/nexus/content/groups/public-jboss/org/slf4j/slf4j-api/2.0.16/slf4j-api-2.0.16.pom
#27 62.01 [INFO] Downloading from central: https://repo.maven.apache.org/maven2/org/slf4j/slf4j-api/2.0.16/slf4j-api-2.0.16.pom
#27 62.04 [INFO] Downloaded from central: https://repo.maven.apache.org/maven2/org/slf4j/slf4j-api/2.0.16/slf4j-api-2.0.16.pom (2.8 kB at 141 kB/s)
#27 62.04 [INFO] Downloading from jboss-https: https://repository.jboss.org/nexus/content/groups/public-jboss/org/slf4j/slf4j-parent/2.0.16/slf4j-parent-2.0.16.pom
#27 62.33 [INFO] Downloading from central: https://repo.maven.apache.org/maven2/org/slf4j/slf4j-parent/2.0.16/slf4j-parent-2.0.16.pom
#27 62.35 [INFO] Downloaded from central: https://repo.maven.apache.org/maven2/org/slf4j/slf4j-parent/2.0.16/slf4j-parent-2.0.16.pom (13 kB at 703 kB/s)
#27 62.36 [INFO] Downloading from jboss-https: https://repository.jboss.org/nexus/content/groups/public-jboss/org/slf4j/slf4j-bom/2.0.16/slf4j-bom-2.0.16.pom
#27 62.69 [INFO] Downloading from central: https://repo.maven.apache.org/maven2/org/slf4j/slf4j-bom/2.0.16/slf4j-bom-2.0.16.pom
#27 62.72 [INFO] Downloaded from central: https://repo.maven.apache.org/maven2/org/slf4j/slf4j-bom/2.0.16/slf4j-bom-2.0.16.pom (7.3 kB at 244 kB/s)
#27 62.72 [INFO] Downloading from jboss-https: https://repository.jboss.org/nexus/content/groups/public-jboss/com/fasterxml/jackson/core/jackson-databind/2.18.2/jackson-databind-2.18.2.pom
#27 63.03 [INFO] Downloading from central: https://repo.maven.apache.org/maven2/com/fasterxml/jackson/core/jackson-databind/2.18.2/jackson-databind-2.18.2.pom
#27 63.05 [INFO] Downloaded from central: https://repo.maven.apache.org/maven2/com/fasterxml/jackson/core/jackson-databind/2.18.2/jackson-databind-2.18.2.pom (21 kB at 1.1 MB/s)
#27 63.05 [INFO] Downloading from jboss-https: https://repository.jboss.org/nexus/content/groups/public-jboss/com/fasterxml/jackson/jackson-base/2.18.2/jackson-base-2.18.2.pom
#27 63.55 [INFO] Downloading from central: https://repo.maven.apache.org/maven2/com/fasterxml/jackson/jackson-base/2.18.2/jackson-base-2.18.2.pom
#27 63.57 [INFO] Downloaded from central: https://repo.maven.apache.org/maven2/com/fasterxml/jackson/jackson-base/2.18.2/jackson-base-2.18.2.pom (12 kB at 586 kB/s)
#27 63.57 [INFO] Downloading from jboss-https: https://repository.jboss.org/nexus/content/groups/public-jboss/com/fasterxml/jackson/jackson-bom/2.18.2/jackson-bom-2.18.2.pom
#27 63.88 [INFO] Downloading from central: https://repo.maven.apache.org/maven2/com/fasterxml/jackson/jackson-bom/2.18.2/jackson-bom-2.18.2.pom
#27 63.90 [INFO] Downloaded from central: https://repo.maven.apache.org/maven2/com/fasterxml/jackson/jackson-bom/2.18.2/jackson-bom-2.18.2.pom (19 kB at 692 kB/s)
#27 63.91 [INFO] Downloading from jboss-https: https://repository.jboss.org/nexus/content/groups/public-jboss/com/fasterxml/jackson/jackson-parent/2.18.1/jackson-parent-2.18.1.pom
#27 64.19 [INFO] Downloading from central: https://repo.maven.apache.org/maven2/com/fasterxml/jackson/jackson-parent/2.18.1/jackson-parent-2.18.1.pom
#27 64.21 [INFO] Downloaded from central: https://repo.maven.apache.org/maven2/com/fasterxml/jackson/jackson-parent/2.18.1/jackson-parent-2.18.1.pom (6.7 kB at 278 kB/s)
#27 64.21 [INFO] Downloading from jboss-https: https://repository.jboss.org/nexus/content/groups/public-jboss/com/fasterxml/oss-parent/61/oss-parent-61.pom
#27 64.59 [INFO] Downloading from central: https://repo.maven.apache.org/maven2/com/fasterxml/oss-parent/61/oss-parent-61.pom
#27 64.61 [INFO] Downloaded from central: https://repo.maven.apache.org/maven2/com/fasterxml/oss-parent/61/oss-parent-61.pom (23 kB at 1.2 MB/s)
#27 64.61 [INFO] Downloading from jboss-https: https://repository.jboss.org/nexus/content/groups/public-jboss/com/fasterxml/jackson/core/jackson-annotations/2.18.2/jackson-annotations-2.18.2.pom
#27 64.90 [INFO] Downloading from central: https://repo.maven.apache.org/maven2/com/fasterxml/jackson/core/jackson-annotations/2.18.2/jackson-annotations-2.18.2.pom
#27 64.92 [INFO] Downloaded from central: https://repo.maven.apache.org/maven2/com/fasterxml/jackson/core/jackson-annotations/2.18.2/jackson-annotations-2.18.2.pom (7.1 kB at 417 kB/s)
#27 64.92 [INFO] Downloading from jboss-https: https://repository.jboss.org/nexus/content/groups/public-jboss/com/fasterxml/jackson/core/jackson-core/2.18.2/jackson-core-2.18.2.pom
#27 65.23 [INFO] Downloading from central: https://repo.maven.apache.org/maven2/com/fasterxml/jackson/core/jackson-core/2.18.2/jackson-core-2.18.2.pom
#27 65.25 [INFO] Downloaded from central: https://repo.maven.apache.org/maven2/com/fasterxml/jackson/core/jackson-core/2.18.2/jackson-core-2.18.2.pom (10 kB at 477 kB/s)
#27 65.26 [INFO] Downloading from jboss-https: https://repository.jboss.org/nexus/content/groups/public-jboss/com/fasterxml/jackson/datatype/jackson-datatype-jsr310/2.18.2/jackson-datatype-jsr310-2.18.2.pom
#27 65.65 [INFO] Downloading from central: https://repo.maven.apache.org/maven2/com/fasterxml/jackson/datatype/jackson-datatype-jsr310/2.18.2/jackson-datatype-jsr310-2.18.2.pom
#27 65.67 [INFO] Downloaded from central: https://repo.maven.apache.org/maven2/com/fasterxml/jackson/datatype/jackson-datatype-jsr310/2.18.2/jackson-datatype-jsr310-2.18.2.pom (4.9 kB at 223 kB/s)
#27 65.67 [INFO] Downloading from jboss-https: https://repository.jboss.org/nexus/content/groups/public-jboss/com/fasterxml/jackson/module/jackson-modules-java8/2.18.2/jackson-modules-java8-2.18.2.pom
#27 65.96 [INFO] Downloading from central: https://repo.maven.apache.org/maven2/com/fasterxml/jackson/module/jackson-modules-java8/2.18.2/jackson-modules-java8-2.18.2.pom
#27 65.98 [INFO] Downloaded from central: https://repo.maven.apache.org/maven2/com/fasterxml/jackson/module/jackson-modules-java8/2.18.2/jackson-modules-java8-2.18.2.pom (3.3 kB at 157 kB/s)
#27 65.99 [INFO] Downloading from jboss-https: https://repository.jboss.org/nexus/content/groups/public-jboss/commons-codec/commons-codec/1.17.1/commons-codec-1.17.1.pom
#27 66.36 [INFO] Downloading from central: https://repo.maven.apache.org/maven2/commons-codec/commons-codec/1.17.1/commons-codec-1.17.1.pom
#27 66.39 [INFO] Downloaded from central: https://repo.maven.apache.org/maven2/commons-codec/commons-codec/1.17.1/commons-codec-1.17.1.pom (18 kB at 773 kB/s)
#27 66.39 [INFO] Downloading from jboss-https: https://repository.jboss.org/nexus/content/groups/public-jboss/org/apache/commons/commons-parent/71/commons-parent-71.pom
#27 66.70 [INFO] Downloading from central: https://repo.maven.apache.org/maven2/org/apache/commons/commons-parent/71/commons-parent-71.pom
#27 66.72 [INFO] Downloaded from central: https://repo.maven.apache.org/maven2/org/apache/commons/commons-parent/71/commons-parent-71.pom (78 kB at 3.1 MB/s)
#27 66.73 [INFO] Downloading from jboss-https: https://repository.jboss.org/nexus/content/groups/public-jboss/org/apache/apache/32/apache-32.pom
#27 67.06 [INFO] Downloading from central: https://repo.maven.apache.org/maven2/org/apache/apache/32/apache-32.pom
#27 67.08 [INFO] Downloaded from central: https://repo.maven.apache.org/maven2/org/apache/apache/32/apache-32.pom (24 kB at 1.1 MB/s)
#27 67.08 [INFO] Downloading from jboss-https: https://repository.jboss.org/nexus/content/groups/public-jboss/org/junit/junit-bom/5.11.0-M2/junit-bom-5.11.0-M2.pom
#27 67.40 [INFO] Downloading from central: https://repo.maven.apache.org/maven2/org/junit/junit-bom/5.11.0-M2/junit-bom-5.11.0-M2.pom
#27 67.43 [INFO] Downloaded from central: https://repo.maven.apache.org/maven2/org/junit/junit-bom/5.11.0-M2/junit-bom-5.11.0-M2.pom (5.7 kB at 219 kB/s)
#27 67.43 [INFO] Downloading from jboss-https: https://repository.jboss.org/nexus/content/groups/public-jboss/jakarta/servlet/jsp/jakarta.servlet.jsp-api/3.1.1/jakarta.servlet.jsp-api-3.1.1.pom
#27 67.82 [INFO] Downloading from central: https://repo.maven.apache.org/maven2/jakarta/servlet/jsp/jakarta.servlet.jsp-api/3.1.1/jakarta.servlet.jsp-api-3.1.1.pom
#27 67.85 [INFO] Downloaded from central: https://repo.maven.apache.org/maven2/jakarta/servlet/jsp/jakarta.servlet.jsp-api/3.1.1/jakarta.servlet.jsp-api-3.1.1.pom (12 kB at 423 kB/s)
#27 67.85 [INFO] Downloading from jboss-https: https://repository.jboss.org/nexus/content/groups/public-jboss/jakarta/servlet/jsp/jstl/jakarta.servlet.jsp.jstl-api/3.0.2/jakarta.servlet.jsp.jstl-api-3.0.2.pom
#27 68.27 [INFO] Downloading from central: https://repo.maven.apache.org/maven2/jakarta/servlet/jsp/jstl/jakarta.servlet.jsp.jstl-api/3.0.2/jakarta.servlet.jsp.jstl-api-3.0.2.pom
#27 68.30 [INFO] Downloaded from central: https://repo.maven.apache.org/maven2/jakarta/servlet/jsp/jstl/jakarta.servlet.jsp.jstl-api/3.0.2/jakarta.servlet.jsp.jstl-api-3.0.2.pom (13 kB at 380 kB/s)
#27 68.31 [INFO] Downloading from jboss-https: https://repository.jboss.org/nexus/content/groups/public-jboss/jakarta/websocket/jakarta.websocket-api/2.1.1/jakarta.websocket-api-2.1.1.pom
#27 68.70 [INFO] Downloading from central: https://repo.maven.apache.org/maven2/jakarta/websocket/jakarta.websocket-api/2.1.1/jakarta.websocket-api-2.1.1.pom
#27 68.80 [INFO] Downloaded from central: https://repo.maven.apache.org/maven2/jakarta/websocket/jakarta.websocket-api/2.1.1/jakarta.websocket-api-2.1.1.pom (4.5 kB at 42 kB/s)
#27 68.81 [INFO] Downloading from jboss-https: https://repository.jboss.org/nexus/content/groups/public-jboss/jakarta/websocket/jakarta.websocket-all/2.1.1/jakarta.websocket-all-2.1.1.pom
#27 69.14 [INFO] Downloading from central: https://repo.maven.apache.org/maven2/jakarta/websocket/jakarta.websocket-all/2.1.1/jakarta.websocket-all-2.1.1.pom
#27 69.17 [INFO] Downloaded from central: https://repo.maven.apache.org/maven2/jakarta/websocket/jakarta.websocket-all/2.1.1/jakarta.websocket-all-2.1.1.pom (11 kB at 490 kB/s)
#27 69.17 [INFO] Downloading from jboss-https: https://repository.jboss.org/nexus/content/groups/public-jboss/jakarta/websocket/jakarta.websocket-client-api/2.1.1/jakarta.websocket-client-api-2.1.1.pom
#27 69.49 [INFO] Downloading from central: https://repo.maven.apache.org/maven2/jakarta/websocket/jakarta.websocket-client-api/2.1.1/jakarta.websocket-client-api-2.1.1.pom
#27 69.51 [INFO] Downloaded from central: https://repo.maven.apache.org/maven2/jakarta/websocket/jakarta.websocket-client-api/2.1.1/jakarta.websocket-client-api-2.1.1.pom (4.2 kB at 161 kB/s)
#27 69.52 [INFO] Downloading from jboss-https: https://repository.jboss.org/nexus/content/groups/public-jboss/jakarta/json/jakarta.json-api/2.1.3/jakarta.json-api-2.1.3.pom
#27 71.41 [INFO] Downloading from central: https://repo.maven.apache.org/maven2/jakarta/json/jakarta.json-api/2.1.3/jakarta.json-api-2.1.3.pom
#27 71.44 [INFO] Downloaded from central: https://repo.maven.apache.org/maven2/jakarta/json/jakarta.json-api/2.1.3/jakarta.json-api-2.1.3.pom (19 kB at 718 kB/s)
#27 71.45 [INFO] Downloading from jboss-https: https://repository.jboss.org/nexus/content/groups/public-jboss/jakarta/json/bind/jakarta.json.bind-api/3.0.1/jakarta.json.bind-api-3.0.1.pom
#27 71.78 [INFO] Downloading from central: https://repo.maven.apache.org/maven2/jakarta/json/bind/jakarta.json.bind-api/3.0.1/jakarta.json.bind-api-3.0.1.pom
#27 71.80 [INFO] Downloaded from central: https://repo.maven.apache.org/maven2/jakarta/json/bind/jakarta.json.bind-api/3.0.1/jakarta.json.bind-api-3.0.1.pom (22 kB at 987 kB/s)
#27 71.80 [INFO] Downloading from jboss-https: https://repository.jboss.org/nexus/content/groups/public-jboss/org/eclipse/ee4j/project/1.0.9/project-1.0.9.pom
#27 72.11 [INFO] Downloading from central: https://repo.maven.apache.org/maven2/org/eclipse/ee4j/project/1.0.9/project-1.0.9.pom
#27 72.13 [INFO] Downloaded from central: https://repo.maven.apache.org/maven2/org/eclipse/ee4j/project/1.0.9/project-1.0.9.pom (16 kB at 672 kB/s)
#27 72.14 [INFO] Downloading from jboss-https: https://repository.jboss.org/nexus/content/groups/public-jboss/jakarta/activation/jakarta.activation-api/2.1.3/jakarta.activation-api-2.1.3.pom
#27 72.46 [INFO] Downloading from central: https://repo.maven.apache.org/maven2/jakarta/activation/jakarta.activation-api/2.1.3/jakarta.activation-api-2.1.3.pom
#27 72.49 [INFO] Downloaded from central: https://repo.maven.apache.org/maven2/jakarta/activation/jakarta.activation-api/2.1.3/jakarta.activation-api-2.1.3.pom (19 kB at 686 kB/s)
#27 72.50 [INFO] Downloading from jboss-https: https://repository.jboss.org/nexus/content/groups/public-jboss/jakarta/mail/jakarta.mail-api/2.1.3/jakarta.mail-api-2.1.3.pom
#27 72.80 [INFO] Downloading from central: https://repo.maven.apache.org/maven2/jakarta/mail/jakarta.mail-api/2.1.3/jakarta.mail-api-2.1.3.pom
#27 72.82 [INFO] Downloaded from central: https://repo.maven.apache.org/maven2/jakarta/mail/jakarta.mail-api/2.1.3/jakarta.mail-api-2.1.3.pom (22 kB at 921 kB/s)
#27 72.83 [INFO] Downloading from jboss-https: https://repository.jboss.org/nexus/content/groups/public-jboss/org/jboss/resteasy/resteasy-multipart-provider/6.2.11.Final/resteasy-multipart-provider-6.2.11.Final.pom
#27 73.23 [INFO] Downloaded from jboss-https: https://repository.jboss.org/nexus/content/groups/public-jboss/org/jboss/resteasy/resteasy-multipart-provider/6.2.11.Final/resteasy-multipart-provider-6.2.11.Final.pom (4.5 kB at 11 kB/s)
#27 73.23 [INFO] Downloading from jboss-https: https://repository.jboss.org/nexus/content/groups/public-jboss/org/jboss/resteasy/providers-pom/6.2.11.Final/providers-pom-6.2.11.Final.pom
#27 73.76 [INFO] Downloaded from jboss-https: https://repository.jboss.org/nexus/content/groups/public-jboss/org/jboss/resteasy/providers-pom/6.2.11.Final/providers-pom-6.2.11.Final.pom (1.0 kB at 1.9 kB/s)
#27 73.76 [INFO] Downloading from jboss-https: https://repository.jboss.org/nexus/content/groups/public-jboss/org/jboss/resteasy/resteasy-jaxrs-all/6.2.11.Final/resteasy-jaxrs-all-6.2.11.Final.pom
#27 74.32 [INFO] Downloaded from jboss-https: https://repository.jboss.org/nexus/content/groups/public-jboss/org/jboss/resteasy/resteasy-jaxrs-all/6.2.11.Final/resteasy-jaxrs-all-6.2.11.Final.pom (25 kB at 44 kB/s)
#27 74.32 [INFO] Downloading from jboss-https: https://repository.jboss.org/nexus/content/groups/public-jboss/dev/resteasy/tools/resteasy-parent/3/resteasy-parent-3.pom
#27 76.66 [INFO] Downloading from central: https://repo.maven.apache.org/maven2/dev/resteasy/tools/resteasy-parent/3/resteasy-parent-3.pom
#27 76.68 [INFO] Downloaded from central: https://repo.maven.apache.org/maven2/dev/resteasy/tools/resteasy-parent/3/resteasy-parent-3.pom (8.6 kB at 296 kB/s)
#27 76.69 [INFO] Downloading from jboss-https: https://repository.jboss.org/nexus/content/groups/public-jboss/org/jboss/jboss-parent/46/jboss-parent-46.pom
#27 77.19 [INFO] Downloaded from jboss-https: https://repository.jboss.org/nexus/content/groups/public-jboss/org/jboss/jboss-parent/46/jboss-parent-46.pom (82 kB at 165 kB/s)
#27 77.19 [INFO] Downloading from jboss-https: https://repository.jboss.org/nexus/content/groups/public-jboss/org/jboss/resteasy/resteasy-dependencies/6.2.11.Final/resteasy-dependencies-6.2.11.Final.pom
#27 77.70 [INFO] Downloaded from jboss-https: https://repository.jboss.org/nexus/content/groups/public-jboss/org/jboss/resteasy/resteasy-dependencies/6.2.11.Final/resteasy-dependencies-6.2.11.Final.pom (44 kB at 87 kB/s)
#27 77.71 [INFO] Downloading from jboss-https: https://repository.jboss.org/nexus/content/groups/public-jboss/com/fasterxml/jackson/jackson-bom/2.18.1/jackson-bom-2.18.1.pom
#27 78.06 [INFO] Downloading from jboss-public-repository-group: https://repository.jboss.org/nexus/content/groups/public/com/fasterxml/jackson/jackson-bom/2.18.1/jackson-bom-2.18.1.pom
#27 78.40 [INFO] Downloading from central: https://repo.maven.apache.org/maven2/com/fasterxml/jackson/jackson-bom/2.18.1/jackson-bom-2.18.1.pom
#27 78.42 [INFO] Downloaded from central: https://repo.maven.apache.org/maven2/com/fasterxml/jackson/jackson-bom/2.18.1/jackson-bom-2.18.1.pom (19 kB at 779 kB/s)
#27 78.43 [INFO] Downloading from jboss-https: https://repository.jboss.org/nexus/content/groups/public-jboss/org/junit/junit-bom/5.11.3/junit-bom-5.11.3.pom
#27 78.75 [INFO] Downloading from jboss-public-repository-group: https://repository.jboss.org/nexus/content/groups/public/org/junit/junit-bom/5.11.3/junit-bom-5.11.3.pom
#27 79.12 [INFO] Downloading from central: https://repo.maven.apache.org/maven2/org/junit/junit-bom/5.11.3/junit-bom-5.11.3.pom
#27 79.14 [INFO] Downloaded from central: https://repo.maven.apache.org/maven2/org/junit/junit-bom/5.11.3/junit-bom-5.11.3.pom (5.6 kB at 297 kB/s)
#27 79.15 [INFO] Downloading from jboss-https: https://repository.jboss.org/nexus/content/groups/public-jboss/io/projectreactor/reactor-bom/2020.0.8/reactor-bom-2020.0.8.pom
#27 79.45 [INFO] Downloading from jboss-public-repository-group: https://repository.jboss.org/nexus/content/groups/public/io/projectreactor/reactor-bom/2020.0.8/reactor-bom-2020.0.8.pom
#27 79.81 [INFO] Downloading from central: https://repo.maven.apache.org/maven2/io/projectreactor/reactor-bom/2020.0.8/reactor-bom-2020.0.8.pom
#27 79.84 [INFO] Downloaded from central: https://repo.maven.apache.org/maven2/io/projectreactor/reactor-bom/2020.0.8/reactor-bom-2020.0.8.pom (4.5 kB at 180 kB/s)
#27 79.85 [INFO] Downloading from jboss-https: https://repository.jboss.org/nexus/content/groups/public-jboss/org/jboss/resteasy/resteasy-core-spi/6.2.11.Final/resteasy-core-spi-6.2.11.Final.pom
#27 80.33 [INFO] Downloaded from jboss-https: https://repository.jboss.org/nexus/content/groups/public-jboss/org/jboss/resteasy/resteasy-core-spi/6.2.11.Final/resteasy-core-spi-6.2.11.Final.pom (7.5 kB at 16 kB/s)
#27 80.33 [INFO] Downloading from jboss-https: https://repository.jboss.org/nexus/content/groups/public-jboss/org/jboss/logging/jboss-logging/3.6.1.Final/jboss-logging-3.6.1.Final.pom
#27 80.66 [INFO] Downloaded from jboss-https: https://repository.jboss.org/nexus/content/groups/public-jboss/org/jboss/logging/jboss-logging/3.6.1.Final/jboss-logging-3.6.1.Final.pom (18 kB at 57 kB/s)
#27 80.66 [INFO] Downloading from jboss-https: https://repository.jboss.org/nexus/content/groups/public-jboss/org/jboss/logging/logging-parent/1.0.3.Final/logging-parent-1.0.3.Final.pom
#27 81.01 [INFO] Downloaded from jboss-https: https://repository.jboss.org/nexus/content/groups/public-jboss/org/jboss/logging/logging-parent/1.0.3.Final/logging-parent-1.0.3.Final.pom (5.7 kB at 16 kB/s)
#27 81.01 [INFO] Downloading from jboss-https: https://repository.jboss.org/nexus/content/groups/public-jboss/org/jboss/jboss-parent/42/jboss-parent-42.pom
#27 81.37 [INFO] Downloaded from jboss-https: https://repository.jboss.org/nexus/content/groups/public-jboss/org/jboss/jboss-parent/42/jboss-parent-42.pom (76 kB at 210 kB/s)
#27 81.38 [INFO] Downloading from jboss-https: https://repository.jboss.org/nexus/content/groups/public-jboss/jakarta/xml/bind/jakarta.xml.bind-api/4.0.2/jakarta.xml.bind-api-4.0.2.pom
#27 81.72 [INFO] Downloading from central: https://repo.maven.apache.org/maven2/jakarta/xml/bind/jakarta.xml.bind-api/4.0.2/jakarta.xml.bind-api-4.0.2.pom
#27 81.74 [INFO] Downloaded from central: https://repo.maven.apache.org/maven2/jakarta/xml/bind/jakarta.xml.bind-api/4.0.2/jakarta.xml.bind-api-4.0.2.pom (13 kB at 553 kB/s)
#27 81.75 [INFO] Downloading from jboss-https: https://repository.jboss.org/nexus/content/groups/public-jboss/jakarta/xml/bind/jakarta.xml.bind-api-parent/4.0.2/jakarta.xml.bind-api-parent-4.0.2.pom
#27 82.04 [INFO] Downloading from central: https://repo.maven.apache.org/maven2/jakarta/xml/bind/jakarta.xml.bind-api-parent/4.0.2/jakarta.xml.bind-api-parent-4.0.2.pom
#27 82.07 [INFO] Downloaded from central: https://repo.maven.apache.org/maven2/jakarta/xml/bind/jakarta.xml.bind-api-parent/4.0.2/jakarta.xml.bind-api-parent-4.0.2.pom (9.1 kB at 398 kB/s)
#27 82.07 [INFO] Downloading from jboss-https: https://repository.jboss.org/nexus/content/groups/public-jboss/org/reactivestreams/reactive-streams/1.0.4/reactive-streams-1.0.4.pom
#27 82.54 [INFO] Downloading from central: https://repo.maven.apache.org/maven2/org/reactivestreams/reactive-streams/1.0.4/reactive-streams-1.0.4.pom
#27 82.56 [INFO] Downloaded from central: https://repo.maven.apache.org/maven2/org/reactivestreams/reactive-streams/1.0.4/reactive-streams-1.0.4.pom (1.1 kB at 52 kB/s)
#27 82.56 [INFO] Downloading from jboss-https: https://repository.jboss.org/nexus/content/groups/public-jboss/org/jboss/resteasy/resteasy-core/6.2.11.Final/resteasy-core-6.2.11.Final.pom
#27 83.15 [INFO] Downloaded from jboss-https: https://repository.jboss.org/nexus/content/groups/public-jboss/org/jboss/resteasy/resteasy-core/6.2.11.Final/resteasy-core-6.2.11.Final.pom (8.3 kB at 14 kB/s)
#27 83.15 [INFO] Downloading from jboss-https: https://repository.jboss.org/nexus/content/groups/public-jboss/org/jboss/jandex/2.4.5.Final/jandex-2.4.5.Final.pom
#27 83.65 [INFO] Downloaded from jboss-https: https://repository.jboss.org/nexus/content/groups/public-jboss/org/jboss/jandex/2.4.5.Final/jandex-2.4.5.Final.pom (6.8 kB at 14 kB/s)
#27 83.66 [INFO] Downloading from jboss-https: https://repository.jboss.org/nexus/content/groups/public-jboss/org/eclipse/angus/angus-activation/2.0.2/angus-activation-2.0.2.pom
#27 84.01 [INFO] Downloading from central: https://repo.maven.apache.org/maven2/org/eclipse/angus/angus-activation/2.0.2/angus-activation-2.0.2.pom
#27 84.02 [INFO] Downloaded from central: https://repo.maven.apache.org/maven2/org/eclipse/angus/angus-activation/2.0.2/angus-activation-2.0.2.pom (4.0 kB at 222 kB/s)
#27 84.03 [INFO] Downloading from jboss-https: https://repository.jboss.org/nexus/content/groups/public-jboss/org/eclipse/angus/angus-activation-project/2.0.2/angus-activation-project-2.0.2.pom
#27 84.41 [INFO] Downloading from central: https://repo.maven.apache.org/maven2/org/eclipse/angus/angus-activation-project/2.0.2/angus-activation-project-2.0.2.pom
#27 84.43 [INFO] Downloaded from central: https://repo.maven.apache.org/maven2/org/eclipse/angus/angus-activation-project/2.0.2/angus-activation-project-2.0.2.pom (21 kB at 870 kB/s)
#27 84.44 [INFO] Downloading from jboss-https: https://repository.jboss.org/nexus/content/groups/public-jboss/com/ibm/async/asyncutil/0.1.0/asyncutil-0.1.0.pom
#27 84.81 [INFO] Downloading from central: https://repo.maven.apache.org/maven2/com/ibm/async/asyncutil/0.1.0/asyncutil-0.1.0.pom
#27 84.83 [INFO] Downloaded from central: https://repo.maven.apache.org/maven2/com/ibm/async/asyncutil/0.1.0/asyncutil-0.1.0.pom (2.4 kB at 128 kB/s)
#27 84.83 [INFO] Downloading from jboss-https: https://repository.jboss.org/nexus/content/groups/public-jboss/com/ibm/async/asyncutil-aggregator/0.1.0/asyncutil-aggregator-0.1.0.pom
#27 85.12 [INFO] Downloading from central: https://repo.maven.apache.org/maven2/com/ibm/async/asyncutil-aggregator/0.1.0/asyncutil-aggregator-0.1.0.pom
#27 85.15 [INFO] Downloaded from central: https://repo.maven.apache.org/maven2/com/ibm/async/asyncutil-aggregator/0.1.0/asyncutil-aggregator-0.1.0.pom (4.3 kB at 207 kB/s)
#27 85.15 [INFO] Downloading from jboss-https: https://repository.jboss.org/nexus/content/groups/public-jboss/org/jboss/resteasy/resteasy-jaxb-provider/6.2.11.Final/resteasy-jaxb-provider-6.2.11.Final.pom
#27 85.60 [INFO] Downloaded from jboss-https: https://repository.jboss.org/nexus/content/groups/public-jboss/org/jboss/resteasy/resteasy-jaxb-provider/6.2.11.Final/resteasy-jaxb-provider-6.2.11.Final.pom (6.6 kB at 14 kB/s)
#27 85.61 [INFO] Downloading from jboss-https: https://repository.jboss.org/nexus/content/groups/public-jboss/org/glassfish/jaxb/codemodel/4.0.5/codemodel-4.0.5.pom
#27 85.91 [INFO] Downloading from central: https://repo.maven.apache.org/maven2/org/glassfish/jaxb/codemodel/4.0.5/codemodel-4.0.5.pom
#27 85.93 [INFO] Downloaded from central: https://repo.maven.apache.org/maven2/org/glassfish/jaxb/codemodel/4.0.5/codemodel-4.0.5.pom (1.7 kB at 87 kB/s)
#27 85.93 [INFO] Downloading from jboss-https: https://repository.jboss.org/nexus/content/groups/public-jboss/com/sun/xml/bind/mvn/jaxb-codemodel-parent/4.0.5/jaxb-codemodel-parent-4.0.5.pom
#27 86.21 [INFO] Downloading from central: https://repo.maven.apache.org/maven2/com/sun/xml/bind/mvn/jaxb-codemodel-parent/4.0.5/jaxb-codemodel-parent-4.0.5.pom
#27 86.31 [INFO] Downloaded from central: https://repo.maven.apache.org/maven2/com/sun/xml/bind/mvn/jaxb-codemodel-parent/4.0.5/jaxb-codemodel-parent-4.0.5.pom (20 kB at 211 kB/s)
#27 86.32 [INFO] Downloading from jboss-https: https://repository.jboss.org/nexus/content/groups/public-jboss/org/glassfish/jaxb/jaxb-core/4.0.5/jaxb-core-4.0.5.pom
#27 86.65 [INFO] Downloading from central: https://repo.maven.apache.org/maven2/org/glassfish/jaxb/jaxb-core/4.0.5/jaxb-core-4.0.5.pom
#27 86.67 [INFO] Downloaded from central: https://repo.maven.apache.org/maven2/org/glassfish/jaxb/jaxb-core/4.0.5/jaxb-core-4.0.5.pom (3.7 kB at 197 kB/s)
#27 86.67 [INFO] Downloading from jboss-https: https://repository.jboss.org/nexus/content/groups/public-jboss/com/sun/xml/bind/mvn/jaxb-parent/4.0.5/jaxb-parent-4.0.5.pom
#27 87.34 [INFO] Downloading from central: https://repo.maven.apache.org/maven2/com/sun/xml/bind/mvn/jaxb-parent/4.0.5/jaxb-parent-4.0.5.pom
#27 87.36 [INFO] Downloaded from central: https://repo.maven.apache.org/maven2/com/sun/xml/bind/mvn/jaxb-parent/4.0.5/jaxb-parent-4.0.5.pom (35 kB at 1.4 MB/s)
#27 87.37 [INFO] Downloading from jboss-https: https://repository.jboss.org/nexus/content/groups/public-jboss/com/sun/xml/bind/jaxb-bom-ext/4.0.5/jaxb-bom-ext-4.0.5.pom
#27 87.87 [INFO] Downloading from central: https://repo.maven.apache.org/maven2/com/sun/xml/bind/jaxb-bom-ext/4.0.5/jaxb-bom-ext-4.0.5.pom
#27 87.89 [INFO] Downloaded from central: https://repo.maven.apache.org/maven2/com/sun/xml/bind/jaxb-bom-ext/4.0.5/jaxb-bom-ext-4.0.5.pom (3.5 kB at 158 kB/s)
#27 87.89 [INFO] Downloading from jboss-https: https://repository.jboss.org/nexus/content/groups/public-jboss/org/glassfish/jaxb/jaxb-bom/4.0.5/jaxb-bom-4.0.5.pom
#27 88.39 [INFO] Downloading from central: https://repo.maven.apache.org/maven2/org/glassfish/jaxb/jaxb-bom/4.0.5/jaxb-bom-4.0.5.pom
#27 88.42 [INFO] Downloaded from central: https://repo.maven.apache.org/maven2/org/glassfish/jaxb/jaxb-bom/4.0.5/jaxb-bom-4.0.5.pom (12 kB at 376 kB/s)
#27 88.43 [INFO] Downloading from jboss-https: https://repository.jboss.org/nexus/content/groups/public-jboss/org/glassfish/jaxb/jaxb-jxc/4.0.5/jaxb-jxc-4.0.5.pom
#27 88.91 [INFO] Downloading from central: https://repo.maven.apache.org/maven2/org/glassfish/jaxb/jaxb-jxc/4.0.5/jaxb-jxc-4.0.5.pom
#27 88.94 [INFO] Downloaded from central: https://repo.maven.apache.org/maven2/org/glassfish/jaxb/jaxb-jxc/4.0.5/jaxb-jxc-4.0.5.pom (7.9 kB at 315 kB/s)
#27 88.94 [INFO] Downloading from jboss-https: https://repository.jboss.org/nexus/content/groups/public-jboss/org/glassfish/jaxb/jaxb-runtime/4.0.5/jaxb-runtime-4.0.5.pom
#27 89.33 [INFO] Downloading from central: https://repo.maven.apache.org/maven2/org/glassfish/jaxb/jaxb-runtime/4.0.5/jaxb-runtime-4.0.5.pom
#27 89.35 [INFO] Downloaded from central: https://repo.maven.apache.org/maven2/org/glassfish/jaxb/jaxb-runtime/4.0.5/jaxb-runtime-4.0.5.pom (11 kB at 516 kB/s)
#27 89.35 [INFO] Downloading from jboss-https: https://repository.jboss.org/nexus/content/groups/public-jboss/com/sun/xml/bind/mvn/jaxb-runtime-parent/4.0.5/jaxb-runtime-parent-4.0.5.pom
#27 89.76 [INFO] Downloading from central: https://repo.maven.apache.org/maven2/com/sun/xml/bind/mvn/jaxb-runtime-parent/4.0.5/jaxb-runtime-parent-4.0.5.pom
#27 89.79 [INFO] Downloaded from central: https://repo.maven.apache.org/maven2/com/sun/xml/bind/mvn/jaxb-runtime-parent/4.0.5/jaxb-runtime-parent-4.0.5.pom (1.2 kB at 54 kB/s)
#27 89.79 [INFO] Downloading from jboss-https: https://repository.jboss.org/nexus/content/groups/public-jboss/org/glassfish/jaxb/txw2/4.0.5/txw2-4.0.5.pom
#27 90.29 [INFO] Downloading from central: https://repo.maven.apache.org/maven2/org/glassfish/jaxb/txw2/4.0.5/txw2-4.0.5.pom
#27 90.31 [INFO] Downloaded from central: https://repo.maven.apache.org/maven2/org/glassfish/jaxb/txw2/4.0.5/txw2-4.0.5.pom (1.8 kB at 85 kB/s)
#27 90.31 [INFO] Downloading from jboss-https: https://repository.jboss.org/nexus/content/groups/public-jboss/com/sun/xml/bind/mvn/jaxb-txw-parent/4.0.5/jaxb-txw-parent-4.0.5.pom
#27 90.81 [INFO] Downloading from central: https://repo.maven.apache.org/maven2/com/sun/xml/bind/mvn/jaxb-txw-parent/4.0.5/jaxb-txw-parent-4.0.5.pom
#27 90.84 [INFO] Downloaded from central: https://repo.maven.apache.org/maven2/com/sun/xml/bind/mvn/jaxb-txw-parent/4.0.5/jaxb-txw-parent-4.0.5.pom (1.2 kB at 54 kB/s)
#27 90.84 [INFO] Downloading from jboss-https: https://repository.jboss.org/nexus/content/groups/public-jboss/org/glassfish/jaxb/jaxb-xjc/4.0.5/jaxb-xjc-4.0.5.pom
#27 91.15 [INFO] Downloading from central: https://repo.maven.apache.org/maven2/org/glassfish/jaxb/jaxb-xjc/4.0.5/jaxb-xjc-4.0.5.pom
#27 91.23 [INFO] Downloaded from central: https://repo.maven.apache.org/maven2/org/glassfish/jaxb/jaxb-xjc/4.0.5/jaxb-xjc-4.0.5.pom (12 kB at 148 kB/s)
#27 91.23 [INFO] Downloading from jboss-https: https://repository.jboss.org/nexus/content/groups/public-jboss/org/glassfish/jaxb/xsom/4.0.5/xsom-4.0.5.pom
#27 91.98 [INFO] Downloading from central: https://repo.maven.apache.org/maven2/org/glassfish/jaxb/xsom/4.0.5/xsom-4.0.5.pom
#27 92.04 [INFO] Downloaded from central: https://repo.maven.apache.org/maven2/org/glassfish/jaxb/xsom/4.0.5/xsom-4.0.5.pom (24 kB at 399 kB/s)
#27 92.04 [INFO] Downloading from jboss-https: https://repository.jboss.org/nexus/content/groups/public-jboss/com/sun/istack/istack-commons-runtime/4.1.2/istack-commons-runtime-4.1.2.pom
#27 92.39 [INFO] Downloading from central: https://repo.maven.apache.org/maven2/com/sun/istack/istack-commons-runtime/4.1.2/istack-commons-runtime-4.1.2.pom
#27 92.41 [INFO] Downloaded from central: https://repo.maven.apache.org/maven2/com/sun/istack/istack-commons-runtime/4.1.2/istack-commons-runtime-4.1.2.pom (1.6 kB at 84 kB/s)
#27 92.41 [INFO] Downloading from jboss-https: https://repository.jboss.org/nexus/content/groups/public-jboss/com/sun/istack/istack-commons/4.1.2/istack-commons-4.1.2.pom
#27 92.70 [INFO] Downloading from central: https://repo.maven.apache.org/maven2/com/sun/istack/istack-commons/4.1.2/istack-commons-4.1.2.pom
#27 92.72 [INFO] Downloaded from central: https://repo.maven.apache.org/maven2/com/sun/istack/istack-commons/4.1.2/istack-commons-4.1.2.pom (26 kB at 1.3 MB/s)
#27 92.73 [INFO] Downloading from jboss-https: https://repository.jboss.org/nexus/content/groups/public-jboss/com/sun/istack/istack-commons-tools/4.1.2/istack-commons-tools-4.1.2.pom
#27 93.04 [INFO] Downloading from central: https://repo.maven.apache.org/maven2/com/sun/istack/istack-commons-tools/4.1.2/istack-commons-tools-4.1.2.pom
#27 93.07 [INFO] Downloaded from central: https://repo.maven.apache.org/maven2/com/sun/istack/istack-commons-tools/4.1.2/istack-commons-tools-4.1.2.pom (3.9 kB at 187 kB/s)
#27 93.07 [INFO] Downloading from jboss-https: https://repository.jboss.org/nexus/content/groups/public-jboss/com/sun/xml/bind/external/relaxng-datatype/4.0.5/relaxng-datatype-4.0.5.pom
#27 95.54 [INFO] Downloading from central: https://repo.maven.apache.org/maven2/com/sun/xml/bind/external/relaxng-datatype/4.0.5/relaxng-datatype-4.0.5.pom
#27 95.58 [INFO] Downloaded from central: https://repo.maven.apache.org/maven2/com/sun/xml/bind/external/relaxng-datatype/4.0.5/relaxng-datatype-4.0.5.pom (2.5 kB at 62 kB/s)
#27 95.58 [INFO] Downloading from jboss-https: https://repository.jboss.org/nexus/content/groups/public-jboss/com/sun/xml/bind/mvn/jaxb-external-parent/4.0.5/jaxb-external-parent-4.0.5.pom
#27 95.93 [INFO] Downloading from central: https://repo.maven.apache.org/maven2/com/sun/xml/bind/mvn/jaxb-external-parent/4.0.5/jaxb-external-parent-4.0.5.pom
#27 96.06 [INFO] Downloaded from central: https://repo.maven.apache.org/maven2/com/sun/xml/bind/mvn/jaxb-external-parent/4.0.5/jaxb-external-parent-4.0.5.pom (22 kB at 174 kB/s)
#27 96.06 [INFO] Downloading from jboss-https: https://repository.jboss.org/nexus/content/groups/public-jboss/com/sun/xml/bind/external/rngom/4.0.5/rngom-4.0.5.pom
#27 96.34 [INFO] Downloading from central: https://repo.maven.apache.org/maven2/com/sun/xml/bind/external/rngom/4.0.5/rngom-4.0.5.pom
#27 96.36 [INFO] Downloaded from central: https://repo.maven.apache.org/maven2/com/sun/xml/bind/external/rngom/4.0.5/rngom-4.0.5.pom (2.3 kB at 98 kB/s)
#27 96.37 [INFO] Downloading from jboss-https: https://repository.jboss.org/nexus/content/groups/public-jboss/org/eclipse/angus/angus-mail/2.0.3/angus-mail-2.0.3.pom
#27 96.70 [INFO] Downloading from central: https://repo.maven.apache.org/maven2/org/eclipse/angus/angus-mail/2.0.3/angus-mail-2.0.3.pom
#27 96.74 [INFO] Downloaded from central: https://repo.maven.apache.org/maven2/org/eclipse/angus/angus-mail/2.0.3/angus-mail-2.0.3.pom (8.0 kB at 250 kB/s)
#27 96.74 [INFO] Downloading from jboss-https: https://repository.jboss.org/nexus/content/groups/public-jboss/org/eclipse/angus/all/2.0.3/all-2.0.3.pom
#27 97.10 [INFO] Downloading from central: https://repo.maven.apache.org/maven2/org/eclipse/angus/all/2.0.3/all-2.0.3.pom
#27 97.13 [INFO] Downloaded from central: https://repo.maven.apache.org/maven2/org/eclipse/angus/all/2.0.3/all-2.0.3.pom (32 kB at 1.2 MB/s)
#27 97.14 [INFO] Downloading from jboss-https: https://repository.jboss.org/nexus/content/groups/public-jboss/org/apache/james/apache-mime4j-dom/0.8.12/apache-mime4j-dom-0.8.12.pom
#27 97.49 [INFO] Downloading from central: https://repo.maven.apache.org/maven2/org/apache/james/apache-mime4j-dom/0.8.12/apache-mime4j-dom-0.8.12.pom
#27 97.52 [INFO] Downloaded from central: https://repo.maven.apache.org/maven2/org/apache/james/apache-mime4j-dom/0.8.12/apache-mime4j-dom-0.8.12.pom (3.5 kB at 94 kB/s)
#27 97.53 [INFO] Downloading from jboss-https: https://repository.jboss.org/nexus/content/groups/public-jboss/org/apache/james/apache-mime4j-project/0.8.12/apache-mime4j-project-0.8.12.pom
#27 97.94 [INFO] Downloading from central: https://repo.maven.apache.org/maven2/org/apache/james/apache-mime4j-project/0.8.12/apache-mime4j-project-0.8.12.pom
#27 98.05 [INFO] Downloaded from central: https://repo.maven.apache.org/maven2/org/apache/james/apache-mime4j-project/0.8.12/apache-mime4j-project-0.8.12.pom (11 kB at 104 kB/s)
#27 98.05 [INFO] Downloading from jboss-https: https://repository.jboss.org/nexus/content/groups/public-jboss/org/apache/james/apache-mime4j-core/0.8.12/apache-mime4j-core-0.8.12.pom
#27 98.48 [INFO] Downloading from central: https://repo.maven.apache.org/maven2/org/apache/james/apache-mime4j-core/0.8.12/apache-mime4j-core-0.8.12.pom
#27 98.49 [INFO] Downloaded from central: https://repo.maven.apache.org/maven2/org/apache/james/apache-mime4j-core/0.8.12/apache-mime4j-core-0.8.12.pom (2.4 kB at 127 kB/s)
#27 98.50 [INFO] Downloading from jboss-https: https://repository.jboss.org/nexus/content/groups/public-jboss/commons-io/commons-io/2.16.1/commons-io-2.16.1.pom
#27 98.79 [INFO] Downloading from central: https://repo.maven.apache.org/maven2/commons-io/commons-io/2.16.1/commons-io-2.16.1.pom
#27 98.81 [INFO] Downloaded from central: https://repo.maven.apache.org/maven2/commons-io/commons-io/2.16.1/commons-io-2.16.1.pom (20 kB at 818 kB/s)
#27 98.81 [INFO] Downloading from jboss-https: https://repository.jboss.org/nexus/content/groups/public-jboss/org/apache/commons/commons-parent/69/commons-parent-69.pom
#27 100.8 [INFO] Downloading from central: https://repo.maven.apache.org/maven2/org/apache/commons/commons-parent/69/commons-parent-69.pom
#27 100.8 [INFO] Downloaded from central: https://repo.maven.apache.org/maven2/org/apache/commons/commons-parent/69/commons-parent-69.pom (77 kB at 2.8 MB/s)
#27 100.8 [INFO] Downloading from jboss-https: https://repository.jboss.org/nexus/content/groups/public-jboss/org/apache/james/apache-mime4j-storage/0.8.12/apache-mime4j-storage-0.8.12.pom
#27 101.2 [INFO] Downloading from central: https://repo.maven.apache.org/maven2/org/apache/james/apache-mime4j-storage/0.8.12/apache-mime4j-storage-0.8.12.pom
#27 101.2 [INFO] Downloaded from central: https://repo.maven.apache.org/maven2/org/apache/james/apache-mime4j-storage/0.8.12/apache-mime4j-storage-0.8.12.pom (2.5 kB at 112 kB/s)
#27 101.2 [INFO] Downloading from jboss-https: https://repository.jboss.org/nexus/content/groups/public-jboss/org/jdom/jdom/1.1.3/jdom-1.1.3.pom
#27 101.7 [INFO] Downloading from central: https://repo.maven.apache.org/maven2/org/jdom/jdom/1.1.3/jdom-1.1.3.pom
#27 101.7 [INFO] Downloaded from central: https://repo.maven.apache.org/maven2/org/jdom/jdom/1.1.3/jdom-1.1.3.pom (1.8 kB at 83 kB/s)
#27 101.7 [INFO] Downloading from jboss-https: https://repository.jboss.org/nexus/content/groups/public-jboss/com/fasterxml/jackson/dataformat/jackson-dataformat-xml/2.15.4/jackson-dataformat-xml-2.15.4.pom
#27 102.0 [INFO] Downloading from central: https://repo.maven.apache.org/maven2/com/fasterxml/jackson/dataformat/jackson-dataformat-xml/2.15.4/jackson-dataformat-xml-2.15.4.pom
#27 102.0 [INFO] Downloaded from central: https://repo.maven.apache.org/maven2/com/fasterxml/jackson/dataformat/jackson-dataformat-xml/2.15.4/jackson-dataformat-xml-2.15.4.pom (7.3 kB at 272 kB/s)
#27 102.0 [INFO] Downloading from jboss-https: https://repository.jboss.org/nexus/content/groups/public-jboss/org/codehaus/woodstox/stax2-api/4.2.2/stax2-api-4.2.2.pom
#27 102.4 [INFO] Downloading from central: https://repo.maven.apache.org/maven2/org/codehaus/woodstox/stax2-api/4.2.2/stax2-api-4.2.2.pom
#27 102.4 [INFO] Downloaded from central: https://repo.maven.apache.org/maven2/org/codehaus/woodstox/stax2-api/4.2.2/stax2-api-4.2.2.pom (6.3 kB at 274 kB/s)
#27 102.4 [INFO] Downloading from jboss-https: https://repository.jboss.org/nexus/content/groups/public-jboss/com/fasterxml/oss-parent/55/oss-parent-55.pom
#27 102.7 [INFO] Downloading from central: https://repo.maven.apache.org/maven2/com/fasterxml/oss-parent/55/oss-parent-55.pom
#27 102.7 [INFO] Downloaded from central: https://repo.maven.apache.org/maven2/com/fasterxml/oss-parent/55/oss-parent-55.pom (24 kB at 982 kB/s)
#27 102.7 [INFO] Downloading from jboss-https: https://repository.jboss.org/nexus/content/groups/public-jboss/com/fasterxml/woodstox/woodstox-core/7.0.0/woodstox-core-7.0.0.pom
#27 103.0 [INFO] Downloading from central: https://repo.maven.apache.org/maven2/com/fasterxml/woodstox/woodstox-core/7.0.0/woodstox-core-7.0.0.pom
#27 103.0 [INFO] Downloaded from central: https://repo.maven.apache.org/maven2/com/fasterxml/woodstox/woodstox-core/7.0.0/woodstox-core-7.0.0.pom (9.5 kB at 415 kB/s)
#27 103.0 [INFO] Downloading from jboss-https: https://repository.jboss.org/nexus/content/groups/public-jboss/com/fasterxml/oss-parent/59/oss-parent-59.pom
#27 103.4 [INFO] Downloading from central: https://repo.maven.apache.org/maven2/com/fasterxml/oss-parent/59/oss-parent-59.pom
#27 103.4 [INFO] Downloaded from central: https://repo.maven.apache.org/maven2/com/fasterxml/oss-parent/59/oss-parent-59.pom (24 kB at 905 kB/s)
#27 103.4 [INFO] Downloading from jboss-https: https://repository.jboss.org/nexus/content/groups/public-jboss/com/fasterxml/jackson/datatype/jackson-datatype-jdk8/2.15.4/jackson-datatype-jdk8-2.15.4.pom
#27 103.8 [INFO] Downloading from central: https://repo.maven.apache.org/maven2/com/fasterxml/jackson/datatype/jackson-datatype-jdk8/2.15.4/jackson-datatype-jdk8-2.15.4.pom
#27 103.8 [INFO] Downloaded from central: https://repo.maven.apache.org/maven2/com/fasterxml/jackson/datatype/jackson-datatype-jdk8/2.15.4/jackson-datatype-jdk8-2.15.4.pom (2.6 kB at 99 kB/s)
#27 103.8 [INFO] Downloading from jboss-https: https://repository.jboss.org/nexus/content/groups/public-jboss/com/fasterxml/jackson/dataformat/jackson-dataformat-cbor/2.15.4/jackson-dataformat-cbor-2.15.4.pom
#27 104.2 [INFO] Downloading from central: https://repo.maven.apache.org/maven2/com/fasterxml/jackson/dataformat/jackson-dataformat-cbor/2.15.4/jackson-dataformat-cbor-2.15.4.pom
#27 104.2 [INFO] Downloaded from central: https://repo.maven.apache.org/maven2/com/fasterxml/jackson/dataformat/jackson-dataformat-cbor/2.15.4/jackson-dataformat-cbor-2.15.4.pom (3.1 kB at 153 kB/s)
#27 104.2 [INFO] Downloading from jboss-https: https://repository.jboss.org/nexus/content/groups/public-jboss/com/fasterxml/jackson/dataformat/jackson-dataformats-binary/2.15.4/jackson-dataformats-binary-2.15.4.pom
#27 104.7 [INFO] Downloading from central: https://repo.maven.apache.org/maven2/com/fasterxml/jackson/dataformat/jackson-dataformats-binary/2.15.4/jackson-dataformats-binary-2.15.4.pom
#27 104.7 [INFO] Downloaded from central: https://repo.maven.apache.org/maven2/com/fasterxml/jackson/dataformat/jackson-dataformats-binary/2.15.4/jackson-dataformats-binary-2.15.4.pom (3.8 kB at 166 kB/s)
#27 104.7 [INFO] Downloading from jboss-https: https://repository.jboss.org/nexus/content/groups/public-jboss/com/fasterxml/jackson/jakarta/rs/jackson-jakarta-rs-json-provider/2.15.4/jackson-jakarta-rs-json-provider-2.15.4.pom
#27 105.0 [INFO] Downloading from central: https://repo.maven.apache.org/maven2/com/fasterxml/jackson/jakarta/rs/jackson-jakarta-rs-json-provider/2.15.4/jackson-jakarta-rs-json-provider-2.15.4.pom
#27 105.0 [INFO] Downloaded from central: https://repo.maven.apache.org/maven2/com/fasterxml/jackson/jakarta/rs/jackson-jakarta-rs-json-provider/2.15.4/jackson-jakarta-rs-json-provider-2.15.4.pom (5.2 kB at 172 kB/s)
#27 105.0 [INFO] Downloading from jboss-https: https://repository.jboss.org/nexus/content/groups/public-jboss/com/fasterxml/jackson/jakarta/rs/jackson-jakarta-rs-providers/2.15.4/jackson-jakarta-rs-providers-2.15.4.pom
#27 105.3 [INFO] Downloading from central: https://repo.maven.apache.org/maven2/com/fasterxml/jackson/jakarta/rs/jackson-jakarta-rs-providers/2.15.4/jackson-jakarta-rs-providers-2.15.4.pom
#27 105.4 [INFO] Downloaded from central: https://repo.maven.apache.org/maven2/com/fasterxml/jackson/jakarta/rs/jackson-jakarta-rs-providers/2.15.4/jackson-jakarta-rs-providers-2.15.4.pom (6.5 kB at 79 kB/s)
#27 105.4 [INFO] Downloading from jboss-https: https://repository.jboss.org/nexus/content/groups/public-jboss/com/fasterxml/jackson/jakarta/rs/jackson-jakarta-rs-base/2.18.2/jackson-jakarta-rs-base-2.18.2.pom
#27 105.8 [INFO] Downloading from central: https://repo.maven.apache.org/maven2/com/fasterxml/jackson/jakarta/rs/jackson-jakarta-rs-base/2.18.2/jackson-jakarta-rs-base-2.18.2.pom
#27 105.9 [INFO] Downloaded from central: https://repo.maven.apache.org/maven2/com/fasterxml/jackson/jakarta/rs/jackson-jakarta-rs-base/2.18.2/jackson-jakarta-rs-base-2.18.2.pom (2.3 kB at 24 kB/s)
#27 105.9 [INFO] Downloading from jboss-https: https://repository.jboss.org/nexus/content/groups/public-jboss/com/fasterxml/jackson/jakarta/rs/jackson-jakarta-rs-providers/2.18.2/jackson-jakarta-rs-providers-2.18.2.pom
#27 106.3 [INFO] Downloading from central: https://repo.maven.apache.org/maven2/com/fasterxml/jackson/jakarta/rs/jackson-jakarta-rs-providers/2.18.2/jackson-jakarta-rs-providers-2.18.2.pom
#27 106.3 [INFO] Downloaded from central: https://repo.maven.apache.org/maven2/com/fasterxml/jackson/jakarta/rs/jackson-jakarta-rs-providers/2.18.2/jackson-jakarta-rs-providers-2.18.2.pom (6.6 kB at 332 kB/s)
#27 106.3 [INFO] Downloading from jboss-https: https://repository.jboss.org/nexus/content/groups/public-jboss/com/fasterxml/jackson/module/jackson-module-jakarta-xmlbind-annotations/2.18.2/jackson-module-jakarta-xmlbind-annotations-2.18.2.pom
#27 106.6 [INFO] Downloading from central: https://repo.maven.apache.org/maven2/com/fasterxml/jackson/module/jackson-module-jakarta-xmlbind-annotations/2.18.2/jackson-module-jakarta-xmlbind-annotations-2.18.2.pom
#27 106.6 [INFO] Downloaded from central: https://repo.maven.apache.org/maven2/com/fasterxml/jackson/module/jackson-module-jakarta-xmlbind-annotations/2.18.2/jackson-module-jakarta-xmlbind-annotations-2.18.2.pom (3.8 kB at 167 kB/s)
#27 106.6 [INFO] Downloading from jboss-https: https://repository.jboss.org/nexus/content/groups/public-jboss/com/fasterxml/jackson/module/jackson-modules-base/2.18.2/jackson-modules-base-2.18.2.pom
#27 106.9 [INFO] Downloading from central: https://repo.maven.apache.org/maven2/com/fasterxml/jackson/module/jackson-modules-base/2.18.2/jackson-modules-base-2.18.2.pom
#27 106.9 [INFO] Downloaded from central: https://repo.maven.apache.org/maven2/com/fasterxml/jackson/module/jackson-modules-base/2.18.2/jackson-modules-base-2.18.2.pom (4.3 kB at 228 kB/s)
#27 106.9 [INFO] Downloading from jboss-https: https://repository.jboss.org/nexus/content/groups/public-jboss/com/googlecode/jsontoken/jsontoken/1.1/jsontoken-1.1.pom
#27 107.2 [INFO] Downloading from central: https://repo.maven.apache.org/maven2/com/googlecode/jsontoken/jsontoken/1.1/jsontoken-1.1.pom
#27 107.6 [INFO] Downloaded from central: https://repo.maven.apache.org/maven2/com/googlecode/jsontoken/jsontoken/1.1/jsontoken-1.1.pom (3.6 kB at 9.7 kB/s)
#27 107.6 [INFO] Downloading from jboss-https: https://repository.jboss.org/nexus/content/groups/public-jboss/com/google/code/gson/gson/2.8.9/gson-2.8.9.pom
#27 108.0 [INFO] Downloading from central: https://repo.maven.apache.org/maven2/com/google/code/gson/gson/2.8.9/gson-2.8.9.pom
#27 108.0 [INFO] Downloaded from central: https://repo.maven.apache.org/maven2/com/google/code/gson/gson/2.8.9/gson-2.8.9.pom (6.3 kB at 264 kB/s)
#27 108.0 [INFO] Downloading from jboss-https: https://repository.jboss.org/nexus/content/groups/public-jboss/com/google/code/gson/gson-parent/2.8.9/gson-parent-2.8.9.pom
#27 108.4 [INFO] Downloading from central: https://repo.maven.apache.org/maven2/com/google/code/gson/gson-parent/2.8.9/gson-parent-2.8.9.pom
#27 108.4 [INFO] Downloaded from central: https://repo.maven.apache.org/maven2/com/google/code/gson/gson-parent/2.8.9/gson-parent-2.8.9.pom (4.7 kB at 195 kB/s)
#27 108.4 [INFO] Downloading from jboss-https: https://repository.jboss.org/nexus/content/groups/public-jboss/com/google/collections/google-collections/1.0/google-collections-1.0.pom
#27 108.9 [INFO] Downloading from central: https://repo.maven.apache.org/maven2/com/google/collections/google-collections/1.0/google-collections-1.0.pom
#27 109.0 [INFO] Downloaded from central: https://repo.maven.apache.org/maven2/com/google/collections/google-collections/1.0/google-collections-1.0.pom (2.5 kB at 108 kB/s)
#27 109.0 [INFO] Downloading from jboss-https: https://repository.jboss.org/nexus/content/groups/public-jboss/com/google/google/1/google-1.pom
#27 111.1 [INFO] Downloading from central: https://repo.maven.apache.org/maven2/com/google/google/1/google-1.pom
#27 111.1 [INFO] Downloaded from central: https://repo.maven.apache.org/maven2/com/google/google/1/google-1.pom (1.6 kB at 74 kB/s)
#27 111.1 [INFO] Downloading from jboss-https: https://repository.jboss.org/nexus/content/groups/public-jboss/joda-time/joda-time/1.6/joda-time-1.6.pom
#27 111.4 [INFO] Downloading from central: https://repo.maven.apache.org/maven2/joda-time/joda-time/1.6/joda-time-1.6.pom
#27 111.4 [INFO] Downloaded from central: https://repo.maven.apache.org/maven2/joda-time/joda-time/1.6/joda-time-1.6.pom (4.4 kB at 221 kB/s)
#27 111.4 [INFO] Downloading from jboss-https: https://repository.jboss.org/nexus/content/groups/public-jboss/javax/servlet/servlet-api/2.5/servlet-api-2.5.pom
#27 111.8 [INFO] Downloading from central: https://repo.maven.apache.org/maven2/javax/servlet/servlet-api/2.5/servlet-api-2.5.pom
#27 111.8 [INFO] Downloaded from central: https://repo.maven.apache.org/maven2/javax/servlet/servlet-api/2.5/servlet-api-2.5.pom (157 B at 7.5 kB/s)
#27 111.8 [INFO] Downloading from jboss-https: https://repository.jboss.org/nexus/content/groups/public-jboss/org/apache/httpcomponents/httpcore/4.4.16/httpcore-4.4.16.pom
#27 112.1 [INFO] Downloading from central: https://repo.maven.apache.org/maven2/org/apache/httpcomponents/httpcore/4.4.16/httpcore-4.4.16.pom
#27 112.1 [INFO] Downloaded from central: https://repo.maven.apache.org/maven2/org/apache/httpcomponents/httpcore/4.4.16/httpcore-4.4.16.pom (5.0 kB at 226 kB/s)
#27 112.1 [INFO] Downloading from jboss-https: https://repository.jboss.org/nexus/content/groups/public-jboss/org/apache/httpcomponents/httpcomponents-core/4.4.16/httpcomponents-core-4.4.16.pom
#27 112.6 [INFO] Downloading from central: https://repo.maven.apache.org/maven2/org/apache/httpcomponents/httpcomponents-core/4.4.16/httpcomponents-core-4.4.16.pom
#27 112.6 [INFO] Downloaded from central: https://repo.maven.apache.org/maven2/org/apache/httpcomponents/httpcomponents-core/4.4.16/httpcomponents-core-4.4.16.pom (12 kB at 520 kB/s)
#27 112.6 [INFO] Downloading from jboss-https: https://repository.jboss.org/nexus/content/groups/public-jboss/com/plivo/plivo-java/5.46.0/plivo-java-5.46.0.pom
#27 113.0 [INFO] Downloading from central: https://repo.maven.apache.org/maven2/com/plivo/plivo-java/5.46.0/plivo-java-5.46.0.pom
#27 113.0 [INFO] Downloaded from central: https://repo.maven.apache.org/maven2/com/plivo/plivo-java/5.46.0/plivo-java-5.46.0.pom (3.0 kB at 125 kB/s)
#27 113.0 [INFO] Downloading from jboss-https: https://repository.jboss.org/nexus/content/groups/public-jboss/com/squareup/retrofit2/converter-jackson/2.2.0/converter-jackson-2.2.0.pom
#27 113.4 [INFO] Downloading from central: https://repo.maven.apache.org/maven2/com/squareup/retrofit2/converter-jackson/2.2.0/converter-jackson-2.2.0.pom
#27 113.4 [INFO] Downloaded from central: https://repo.maven.apache.org/maven2/com/squareup/retrofit2/converter-jackson/2.2.0/converter-jackson-2.2.0.pom (1.3 kB at 53 kB/s)
#27 113.4 [INFO] Downloading from jboss-https: https://repository.jboss.org/nexus/content/groups/public-jboss/com/squareup/retrofit2/retrofit-converters/2.2.0/retrofit-converters-2.2.0.pom
#27 113.7 [INFO] Downloading from central: https://repo.maven.apache.org/maven2/com/squareup/retrofit2/retrofit-converters/2.2.0/retrofit-converters-2.2.0.pom
#27 113.7 [INFO] Downloaded from central: https://repo.maven.apache.org/maven2/com/squareup/retrofit2/retrofit-converters/2.2.0/retrofit-converters-2.2.0.pom (796 B at 33 kB/s)
#27 113.7 [INFO] Downloading from jboss-https: https://repository.jboss.org/nexus/content/groups/public-jboss/com/squareup/retrofit2/parent/2.2.0/parent-2.2.0.pom
#27 114.1 [INFO] Downloading from central: https://repo.maven.apache.org/maven2/com/squareup/retrofit2/parent/2.2.0/parent-2.2.0.pom
#27 114.2 [INFO] Downloaded from central: https://repo.maven.apache.org/maven2/com/squareup/retrofit2/parent/2.2.0/parent-2.2.0.pom (9.5 kB at 86 kB/s)
#27 114.2 [INFO] Downloading from jboss-https: https://repository.jboss.org/nexus/content/groups/public-jboss/com/squareup/retrofit2/retrofit/2.2.0/retrofit-2.2.0.pom
#27 114.5 [INFO] Downloading from central: https://repo.maven.apache.org/maven2/com/squareup/retrofit2/retrofit/2.2.0/retrofit-2.2.0.pom
#27 114.6 [INFO] Downloaded from central: https://repo.maven.apache.org/maven2/com/squareup/retrofit2/retrofit/2.2.0/retrofit-2.2.0.pom (1.9 kB at 19 kB/s)
#27 114.6 [INFO] Downloading from jboss-https: https://repository.jboss.org/nexus/content/groups/public-jboss/com/squareup/okhttp3/okhttp/5.2.1/okhttp-5.2.1.pom
#27 115.0 [INFO] Downloading from central: https://repo.maven.apache.org/maven2/com/squareup/okhttp3/okhttp/5.2.1/okhttp-5.2.1.pom
#27 115.0 [INFO] Downloaded from central: https://repo.maven.apache.org/maven2/com/squareup/okhttp3/okhttp/5.2.1/okhttp-5.2.1.pom (1.9 kB at 93 kB/s)
#27 115.0 [INFO] Downloading from jboss-https: https://repository.jboss.org/nexus/content/groups/public-jboss/org/jetbrains/kotlin/kotlin-stdlib/2.2.20/kotlin-stdlib-2.2.20.pom
#27 115.3 [INFO] Downloading from central: https://repo.maven.apache.org/maven2/org/jetbrains/kotlin/kotlin-stdlib/2.2.20/kotlin-stdlib-2.2.20.pom
#27 115.3 [INFO] Downloaded from central: https://repo.maven.apache.org/maven2/org/jetbrains/kotlin/kotlin-stdlib/2.2.20/kotlin-stdlib-2.2.20.pom (2.3 kB at 105 kB/s)
#27 115.3 [INFO] Downloading from jboss-https: https://repository.jboss.org/nexus/content/groups/public-jboss/org/jetbrains/annotations/13.0/annotations-13.0.pom
#27 115.8 [INFO] Downloading from central: https://repo.maven.apache.org/maven2/org/jetbrains/annotations/13.0/annotations-13.0.pom
#27 115.8 [INFO] Downloaded from central: https://repo.maven.apache.org/maven2/org/jetbrains/annotations/13.0/annotations-13.0.pom (4.9 kB at 274 kB/s)
#27 115.8 [INFO] Downloading from jboss-https: https://repository.jboss.org/nexus/content/groups/public-jboss/com/squareup/okio/okio/3.16.1/okio-3.16.1.pom
#27 116.2 [INFO] Downloading from central: https://repo.maven.apache.org/maven2/com/squareup/okio/okio/3.16.1/okio-3.16.1.pom
#27 116.2 [INFO] Downloaded from central: https://repo.maven.apache.org/maven2/com/squareup/okio/okio/3.16.1/okio-3.16.1.pom (1.7 kB at 80 kB/s)
#27 116.2 [INFO] Downloading from jboss-https: https://repository.jboss.org/nexus/content/groups/public-jboss/com/squareup/okio/okio-jvm/3.16.1/okio-jvm-3.16.1.pom
#27 116.5 [INFO] Downloading from central: https://repo.maven.apache.org/maven2/com/squareup/okio/okio-jvm/3.16.1/okio-jvm-3.16.1.pom
#27 116.5 [INFO] Downloaded from central: https://repo.maven.apache.org/maven2/com/squareup/okio/okio-jvm/3.16.1/okio-jvm-3.16.1.pom (1.7 kB at 74 kB/s)
#27 116.5 [INFO] Downloading from jboss-https: https://repository.jboss.org/nexus/content/groups/public-jboss/com/squareup/okhttp3/logging-interceptor/5.2.1/logging-interceptor-5.2.1.pom
#27 116.8 [INFO] Downloading from central: https://repo.maven.apache.org/maven2/com/squareup/okhttp3/logging-interceptor/5.2.1/logging-interceptor-5.2.1.pom
#27 117.0 [INFO] Downloaded from central: https://repo.maven.apache.org/maven2/com/squareup/okhttp3/logging-interceptor/5.2.1/logging-interceptor-5.2.1.pom (1.9 kB at 10 kB/s)
#27 117.0 [INFO] Downloading from jboss-https: https://repository.jboss.org/nexus/content/groups/public-jboss/com/squareup/okhttp3/okhttp-jvm/5.2.1/okhttp-jvm-5.2.1.pom
#27 117.3 [INFO] Downloading from central: https://repo.maven.apache.org/maven2/com/squareup/okhttp3/okhttp-jvm/5.2.1/okhttp-jvm-5.2.1.pom
#27 117.3 [INFO] Downloaded from central: https://repo.maven.apache.org/maven2/com/squareup/okhttp3/okhttp-jvm/5.2.1/okhttp-jvm-5.2.1.pom (1.9 kB at 81 kB/s)
#27 117.3 [INFO] Downloading from jboss-https: https://repository.jboss.org/nexus/content/groups/public-jboss/com/auth0/java-jwt/3.10.2/java-jwt-3.10.2.pom
#27 117.7 [INFO] Downloading from central: https://repo.maven.apache.org/maven2/com/auth0/java-jwt/3.10.2/java-jwt-3.10.2.pom
#27 117.8 [INFO] Downloaded from central: https://repo.maven.apache.org/maven2/com/auth0/java-jwt/3.10.2/java-jwt-3.10.2.pom (1.8 kB at 19 kB/s)
#27 117.8 [INFO] Downloading from jboss-https: https://repository.jboss.org/nexus/content/groups/public-jboss/software/amazon/awssdk/s3/2.25.21/s3-2.25.21.pom
#27 118.1 [INFO] Downloading from central: https://repo.maven.apache.org/maven2/software/amazon/awssdk/s3/2.25.21/s3-2.25.21.pom
#27 118.1 [INFO] Downloaded from central: https://repo.maven.apache.org/maven2/software/amazon/awssdk/s3/2.25.21/s3-2.25.21.pom (8.6 kB at 357 kB/s)
#27 118.1 [INFO] Downloading from jboss-https: https://repository.jboss.org/nexus/content/groups/public-jboss/software/amazon/awssdk/services/2.25.21/services-2.25.21.pom
#27 118.4 [INFO] Downloading from central: https://repo.maven.apache.org/maven2/software/amazon/awssdk/services/2.25.21/services-2.25.21.pom
#27 118.5 [INFO] Downloaded from central: https://repo.maven.apache.org/maven2/software/amazon/awssdk/services/2.25.21/services-2.25.21.pom (23 kB at 900 kB/s)
#27 118.5 [INFO] Downloading from jboss-https: https://repository.jboss.org/nexus/content/groups/public-jboss/software/amazon/awssdk/aws-sdk-java-pom/2.25.21/aws-sdk-java-pom-2.25.21.pom
#27 118.9 [INFO] Downloading from central: https://repo.maven.apache.org/maven2/software/amazon/awssdk/aws-sdk-java-pom/2.25.21/aws-sdk-java-pom-2.25.21.pom
#27 118.9 [INFO] Downloaded from central: https://repo.maven.apache.org/maven2/software/amazon/awssdk/aws-sdk-java-pom/2.25.21/aws-sdk-java-pom-2.25.21.pom (80 kB at 925 kB/s)
#27 118.9 [INFO] Downloading from jboss-https: https://repository.jboss.org/nexus/content/groups/public-jboss/software/amazon/awssdk/bom-internal/2.25.21/bom-internal-2.25.21.pom
#27 119.2 [INFO] Downloading from central: https://repo.maven.apache.org/maven2/software/amazon/awssdk/bom-internal/2.25.21/bom-internal-2.25.21.pom
#27 119.2 [INFO] Downloaded from central: https://repo.maven.apache.org/maven2/software/amazon/awssdk/bom-internal/2.25.21/bom-internal-2.25.21.pom (21 kB at 689 kB/s)
#27 119.2 [INFO] Downloading from jboss-https: https://repository.jboss.org/nexus/content/groups/public-jboss/software/amazon/awssdk/aws-xml-protocol/2.25.21/aws-xml-protocol-2.25.21.pom
#27 119.5 [INFO] Downloading from central: https://repo.maven.apache.org/maven2/software/amazon/awssdk/aws-xml-protocol/2.25.21/aws-xml-protocol-2.25.21.pom
#27 119.6 [INFO] Downloaded from central: https://repo.maven.apache.org/maven2/software/amazon/awssdk/aws-xml-protocol/2.25.21/aws-xml-protocol-2.25.21.pom (4.0 kB at 38 kB/s)
#27 119.6 [INFO] Downloading from jboss-https: https://repository.jboss.org/nexus/content/groups/public-jboss/software/amazon/awssdk/protocols/2.25.21/protocols-2.25.21.pom
#27 120.0 [INFO] Downloading from central: https://repo.maven.apache.org/maven2/software/amazon/awssdk/protocols/2.25.21/protocols-2.25.21.pom
#27 120.1 [INFO] Downloaded from central: https://repo.maven.apache.org/maven2/software/amazon/awssdk/protocols/2.25.21/protocols-2.25.21.pom (1.6 kB at 16 kB/s)
#27 120.1 [INFO] Downloading from jboss-https: https://repository.jboss.org/nexus/content/groups/public-jboss/software/amazon/awssdk/core/2.25.21/core-2.25.21.pom
#27 120.5 [INFO] Downloading from central: https://repo.maven.apache.org/maven2/software/amazon/awssdk/core/2.25.21/core-2.25.21.pom
#27 120.7 [INFO] Downloaded from central: https://repo.maven.apache.org/maven2/software/amazon/awssdk/core/2.25.21/core-2.25.21.pom (2.5 kB at 17 kB/s)
#27 120.7 [INFO] Downloading from jboss-https: https://repository.jboss.org/nexus/content/groups/public-jboss/software/amazon/awssdk/aws-query-protocol/2.25.21/aws-query-protocol-2.25.21.pom
#27 121.1 [INFO] Downloading from central: https://repo.maven.apache.org/maven2/software/amazon/awssdk/aws-query-protocol/2.25.21/aws-query-protocol-2.25.21.pom
#27 121.1 [INFO] Downloaded from central: https://repo.maven.apache.org/maven2/software/amazon/awssdk/aws-query-protocol/2.25.21/aws-query-protocol-2.25.21.pom (3.6 kB at 182 kB/s)
#27 121.1 [INFO] Downloading from jboss-https: https://repository.jboss.org/nexus/content/groups/public-jboss/software/amazon/awssdk/protocol-core/2.25.21/protocol-core-2.25.21.pom
#27 121.4 [INFO] Downloading from central: https://repo.maven.apache.org/maven2/software/amazon/awssdk/protocol-core/2.25.21/protocol-core-2.25.21.pom
#27 121.4 [INFO] Downloaded from central: https://repo.maven.apache.org/maven2/software/amazon/awssdk/protocol-core/2.25.21/protocol-core-2.25.21.pom (3.2 kB at 161 kB/s)
#27 121.4 [INFO] Downloading from jboss-https: https://repository.jboss.org/nexus/content/groups/public-jboss/software/amazon/awssdk/sdk-core/2.25.21/sdk-core-2.25.21.pom
#27 121.7 [INFO] Downloading from central: https://repo.maven.apache.org/maven2/software/amazon/awssdk/sdk-core/2.25.21/sdk-core-2.25.21.pom
#27 121.8 [INFO] Downloaded from central: https://repo.maven.apache.org/maven2/software/amazon/awssdk/sdk-core/2.25.21/sdk-core-2.25.21.pom (12 kB at 489 kB/s)
#27 121.8 [INFO] Downloading from jboss-https: https://repository.jboss.org/nexus/content/groups/public-jboss/software/amazon/awssdk/annotations/2.25.21/annotations-2.25.21.pom
#27 122.1 [INFO] Downloading from central: https://repo.maven.apache.org/maven2/software/amazon/awssdk/annotations/2.25.21/annotations-2.25.21.pom
#27 122.1 [INFO] Downloaded from central: https://repo.maven.apache.org/maven2/software/amazon/awssdk/annotations/2.25.21/annotations-2.25.21.pom (1.7 kB at 89 kB/s)
#27 122.1 [INFO] Downloading from jboss-https: https://repository.jboss.org/nexus/content/groups/public-jboss/software/amazon/awssdk/http-client-spi/2.25.21/http-client-spi-2.25.21.pom
#27 122.4 [INFO] Downloading from central: https://repo.maven.apache.org/maven2/software/amazon/awssdk/http-client-spi/2.25.21/http-client-spi-2.25.21.pom
#27 122.4 [INFO] Downloaded from central: https://repo.maven.apache.org/maven2/software/amazon/awssdk/http-client-spi/2.25.21/http-client-spi-2.25.21.pom (4.3 kB at 189 kB/s)
#27 122.5 [INFO] Downloading from jboss-https: https://repository.jboss.org/nexus/content/groups/public-jboss/software/amazon/awssdk/utils/2.25.21/utils-2.25.21.pom
#27 122.9 [INFO] Downloading from central: https://repo.maven.apache.org/maven2/software/amazon/awssdk/utils/2.25.21/utils-2.25.21.pom
#27 122.9 [INFO] Downloaded from central: https://repo.maven.apache.org/maven2/software/amazon/awssdk/utils/2.25.21/utils-2.25.21.pom (5.1 kB at 254 kB/s)
#27 122.9 [INFO] Downloading from jboss-https: https://repository.jboss.org/nexus/content/groups/public-jboss/software/amazon/awssdk/metrics-spi/2.25.21/metrics-spi-2.25.21.pom
#27 123.3 [INFO] Downloading from central: https://repo.maven.apache.org/maven2/software/amazon/awssdk/metrics-spi/2.25.21/metrics-spi-2.25.21.pom
#27 123.4 [INFO] Downloaded from central: https://repo.maven.apache.org/maven2/software/amazon/awssdk/metrics-spi/2.25.21/metrics-spi-2.25.21.pom (3.7 kB at 38 kB/s)
#27 123.4 [INFO] Downloading from jboss-https: https://repository.jboss.org/nexus/content/groups/public-jboss/software/amazon/awssdk/endpoints-spi/2.25.21/endpoints-spi-2.25.21.pom
#27 123.9 [INFO] Downloading from central: https://repo.maven.apache.org/maven2/software/amazon/awssdk/endpoints-spi/2.25.21/endpoints-spi-2.25.21.pom
#27 124.0 [INFO] Downloaded from central: https://repo.maven.apache.org/maven2/software/amazon/awssdk/endpoints-spi/2.25.21/endpoints-spi-2.25.21.pom (2.6 kB at 71 kB/s)
#27 124.0 [INFO] Downloading from jboss-https: https://repository.jboss.org/nexus/content/groups/public-jboss/software/amazon/awssdk/http-auth-spi/2.25.21/http-auth-spi-2.25.21.pom
#27 124.3 [INFO] Downloading from central: https://repo.maven.apache.org/maven2/software/amazon/awssdk/http-auth-spi/2.25.21/http-auth-spi-2.25.21.pom
#27 124.4 [INFO] Downloaded from central: https://repo.maven.apache.org/maven2/software/amazon/awssdk/http-auth-spi/2.25.21/http-auth-spi-2.25.21.pom (3.7 kB at 33 kB/s)
#27 124.4 [INFO] Downloading from jboss-https: https://repository.jboss.org/nexus/content/groups/public-jboss/software/amazon/awssdk/identity-spi/2.25.21/identity-spi-2.25.21.pom
#27 124.7 [INFO] Downloading from central: https://repo.maven.apache.org/maven2/software/amazon/awssdk/identity-spi/2.25.21/identity-spi-2.25.21.pom
#27 124.9 [INFO] Downloaded from central: https://repo.maven.apache.org/maven2/software/amazon/awssdk/identity-spi/2.25.21/identity-spi-2.25.21.pom (3.0 kB at 18 kB/s)
#27 124.9 [INFO] Downloading from jboss-https: https://repository.jboss.org/nexus/content/groups/public-jboss/software/amazon/awssdk/http-auth-aws/2.25.21/http-auth-aws-2.25.21.pom
#27 125.2 [INFO] Downloading from central: https://repo.maven.apache.org/maven2/software/amazon/awssdk/http-auth-aws/2.25.21/http-auth-aws-2.25.21.pom
#27 125.2 [INFO] Downloaded from central: https://repo.maven.apache.org/maven2/software/amazon/awssdk/http-auth-aws/2.25.21/http-auth-aws-2.25.21.pom (5.4 kB at 269 kB/s)
#27 125.2 [INFO] Downloading from jboss-https: https://repository.jboss.org/nexus/content/groups/public-jboss/software/amazon/awssdk/checksums-spi/2.25.21/checksums-spi-2.25.21.pom
#27 125.6 [INFO] Downloading from central: https://repo.maven.apache.org/maven2/software/amazon/awssdk/checksums-spi/2.25.21/checksums-spi-2.25.21.pom
#27 125.6 [INFO] Downloaded from central: https://repo.maven.apache.org/maven2/software/amazon/awssdk/checksums-spi/2.25.21/checksums-spi-2.25.21.pom (2.2 kB at 114 kB/s)
#27 125.6 [INFO] Downloading from jboss-https: https://repository.jboss.org/nexus/content/groups/public-jboss/software/amazon/awssdk/checksums/2.25.21/checksums-2.25.21.pom
#27 125.9 [INFO] Downloading from central: https://repo.maven.apache.org/maven2/software/amazon/awssdk/checksums/2.25.21/checksums-2.25.21.pom
#27 126.0 [INFO] Downloaded from central: https://repo.maven.apache.org/maven2/software/amazon/awssdk/checksums/2.25.21/checksums-2.25.21.pom (2.5 kB at 72 kB/s)
#27 126.0 [INFO] Downloading from jboss-https: https://repository.jboss.org/nexus/content/groups/public-jboss/software/amazon/awssdk/profiles/2.25.21/profiles-2.25.21.pom
#27 126.3 [INFO] Downloading from central: https://repo.maven.apache.org/maven2/software/amazon/awssdk/profiles/2.25.21/profiles-2.25.21.pom
#27 126.3 [INFO] Downloaded from central: https://repo.maven.apache.org/maven2/software/amazon/awssdk/profiles/2.25.21/profiles-2.25.21.pom (2.9 kB at 127 kB/s)
#27 126.3 [INFO] Downloading from jboss-https: https://repository.jboss.org/nexus/content/groups/public-jboss/software/amazon/awssdk/aws-core/2.25.21/aws-core-2.25.21.pom
#27 126.6 [INFO] Downloading from central: https://repo.maven.apache.org/maven2/software/amazon/awssdk/aws-core/2.25.21/aws-core-2.25.21.pom
#27 126.7 [INFO] Downloaded from central: https://repo.maven.apache.org/maven2/software/amazon/awssdk/aws-core/2.25.21/aws-core-2.25.21.pom (8.4 kB at 336 kB/s)
#27 126.7 [INFO] Downloading from jboss-https: https://repository.jboss.org/nexus/content/groups/public-jboss/software/amazon/awssdk/regions/2.25.21/regions-2.25.21.pom
#27 127.0 [INFO] Downloading from central: https://repo.maven.apache.org/maven2/software/amazon/awssdk/regions/2.25.21/regions-2.25.21.pom
#27 127.0 [INFO] Downloaded from central: https://repo.maven.apache.org/maven2/software/amazon/awssdk/regions/2.25.21/regions-2.25.21.pom (5.6 kB at 296 kB/s)
#27 127.0 [INFO] Downloading from jboss-https: https://repository.jboss.org/nexus/content/groups/public-jboss/software/amazon/awssdk/json-utils/2.25.21/json-utils-2.25.21.pom
#27 127.3 [INFO] Downloading from central: https://repo.maven.apache.org/maven2/software/amazon/awssdk/json-utils/2.25.21/json-utils-2.25.21.pom
#27 127.4 [INFO] Downloaded from central: https://repo.maven.apache.org/maven2/software/amazon/awssdk/json-utils/2.25.21/json-utils-2.25.21.pom (3.5 kB at 46 kB/s)
#27 127.4 [INFO] Downloading from jboss-https: https://repository.jboss.org/nexus/content/groups/public-jboss/software/amazon/awssdk/third-party-jackson-core/2.25.21/third-party-jackson-core-2.25.21.pom
#27 127.7 [INFO] Downloading from central: https://repo.maven.apache.org/maven2/software/amazon/awssdk/third-party-jackson-core/2.25.21/third-party-jackson-core-2.25.21.pom
#27 127.9 [INFO] Downloaded from central: https://repo.maven.apache.org/maven2/software/amazon/awssdk/third-party-jackson-core/2.25.21/third-party-jackson-core-2.25.21.pom (4.5 kB at 17 kB/s)
#27 127.9 [INFO] Downloading from jboss-https: https://repository.jboss.org/nexus/content/groups/public-jboss/software/amazon/awssdk/third-party/2.25.21/third-party-2.25.21.pom
#27 128.3 [INFO] Downloading from central: https://repo.maven.apache.org/maven2/software/amazon/awssdk/third-party/2.25.21/third-party-2.25.21.pom
#27 128.4 [INFO] Downloaded from central: https://repo.maven.apache.org/maven2/software/amazon/awssdk/third-party/2.25.21/third-party-2.25.21.pom (2.5 kB at 25 kB/s)
#27 128.4 [INFO] Downloading from jboss-https: https://repository.jboss.org/nexus/content/groups/public-jboss/software/amazon/awssdk/auth/2.25.21/auth-2.25.21.pom
#27 128.8 [INFO] Downloading from central: https://repo.maven.apache.org/maven2/software/amazon/awssdk/auth/2.25.21/auth-2.25.21.pom
#27 128.8 [INFO] Downloaded from central: https://repo.maven.apache.org/maven2/software/amazon/awssdk/auth/2.25.21/auth-2.25.21.pom (7.6 kB at 305 kB/s)
#27 128.8 [INFO] Downloading from jboss-https: https://repository.jboss.org/nexus/content/groups/public-jboss/software/amazon/awssdk/http-auth/2.25.21/http-auth-2.25.21.pom
#27 129.1 [INFO] Downloading from central: https://repo.maven.apache.org/maven2/software/amazon/awssdk/http-auth/2.25.21/http-auth-2.25.21.pom
#27 129.1 [INFO] Downloaded from central: https://repo.maven.apache.org/maven2/software/amazon/awssdk/http-auth/2.25.21/http-auth-2.25.21.pom (3.3 kB at 172 kB/s)
#27 129.2 [INFO] Downloading from jboss-https: https://repository.jboss.org/nexus/content/groups/public-jboss/software/amazon/eventstream/eventstream/1.0.1/eventstream-1.0.1.pom
#27 129.6 [INFO] Downloading from central: https://repo.maven.apache.org/maven2/software/amazon/eventstream/eventstream/1.0.1/eventstream-1.0.1.pom
#27 129.6 [INFO] Downloaded from central: https://repo.maven.apache.org/maven2/software/amazon/eventstream/eventstream/1.0.1/eventstream-1.0.1.pom (6.1 kB at 303 kB/s)
#27 129.6 [INFO] Downloading from jboss-https: https://repository.jboss.org/nexus/content/groups/public-jboss/software/amazon/awssdk/arns/2.25.21/arns-2.25.21.pom
#27 130.0 [INFO] Downloading from central: https://repo.maven.apache.org/maven2/software/amazon/awssdk/arns/2.25.21/arns-2.25.21.pom
#27 130.0 [INFO] Downloaded from central: https://repo.maven.apache.org/maven2/software/amazon/awssdk/arns/2.25.21/arns-2.25.21.pom (3.0 kB at 119 kB/s)
#27 130.0 [INFO] Downloading from jboss-https: https://repository.jboss.org/nexus/content/groups/public-jboss/software/amazon/awssdk/crt-core/2.25.21/crt-core-2.25.21.pom
#27 130.7 [INFO] Downloading from central: https://repo.maven.apache.org/maven2/software/amazon/awssdk/crt-core/2.25.21/crt-core-2.25.21.pom
#27 130.7 [INFO] Downloaded from central: https://repo.maven.apache.org/maven2/software/amazon/awssdk/crt-core/2.25.21/crt-core-2.25.21.pom (3.7 kB at 159 kB/s)
#27 130.7 [INFO] Downloading from jboss-https: https://repository.jboss.org/nexus/content/groups/public-jboss/software/amazon/awssdk/apache-client/2.25.21/apache-client-2.25.21.pom
#27 131.0 [INFO] Downloading from central: https://repo.maven.apache.org/maven2/software/amazon/awssdk/apache-client/2.25.21/apache-client-2.25.21.pom
#27 131.1 [INFO] Downloaded from central: https://repo.maven.apache.org/maven2/software/amazon/awssdk/apache-client/2.25.21/apache-client-2.25.21.pom (4.1 kB at 36 kB/s)
#27 131.1 [INFO] Downloading from jboss-https: https://repository.jboss.org/nexus/content/groups/public-jboss/software/amazon/awssdk/http-clients/2.25.21/http-clients-2.25.21.pom
#27 131.5 [INFO] Downloading from central: https://repo.maven.apache.org/maven2/software/amazon/awssdk/http-clients/2.25.21/http-clients-2.25.21.pom
#27 131.5 [INFO] Downloaded from central: https://repo.maven.apache.org/maven2/software/amazon/awssdk/http-clients/2.25.21/http-clients-2.25.21.pom (1.8 kB at 77 kB/s)
#27 131.5 [INFO] Downloading from jboss-https: https://repository.jboss.org/nexus/content/groups/public-jboss/org/apache/httpcomponents/httpclient/4.5.14/httpclient-4.5.14.pom
#27 131.8 [INFO] Downloading from central: https://repo.maven.apache.org/maven2/org/apache/httpcomponents/httpclient/4.5.14/httpclient-4.5.14.pom
#27 131.8 [INFO] Downloaded from central: https://repo.maven.apache.org/maven2/org/apache/httpcomponents/httpclient/4.5.14/httpclient-4.5.14.pom (6.6 kB at 349 kB/s)
#27 131.8 [INFO] Downloading from jboss-https: https://repository.jboss.org/nexus/content/groups/public-jboss/org/apache/httpcomponents/httpcomponents-client/4.5.14/httpcomponents-client-4.5.14.pom
#27 132.1 [INFO] Downloading from central: https://repo.maven.apache.org/maven2/org/apache/httpcomponents/httpcomponents-client/4.5.14/httpcomponents-client-4.5.14.pom
#27 132.1 [INFO] Downloaded from central: https://repo.maven.apache.org/maven2/org/apache/httpcomponents/httpcomponents-client/4.5.14/httpcomponents-client-4.5.14.pom (15 kB at 611 kB/s)
#27 132.1 [INFO] Downloading from jboss-https: https://repository.jboss.org/nexus/content/groups/public-jboss/software/amazon/awssdk/netty-nio-client/2.25.21/netty-nio-client-2.25.21.pom
#27 132.5 [INFO] Downloading from central: https://repo.maven.apache.org/maven2/software/amazon/awssdk/netty-nio-client/2.25.21/netty-nio-client-2.25.21.pom
#27 132.5 [INFO] Downloaded from central: https://repo.maven.apache.org/maven2/software/amazon/awssdk/netty-nio-client/2.25.21/netty-nio-client-2.25.21.pom (8.3 kB at 360 kB/s)
#27 132.5 [INFO] Downloading from jboss-https: https://repository.jboss.org/nexus/content/groups/public-jboss/io/netty/netty-codec-http/4.1.108.Final/netty-codec-http-4.1.108.Final.pom
#27 132.8 [INFO] Downloading from central: https://repo.maven.apache.org/maven2/io/netty/netty-codec-http/4.1.108.Final/netty-codec-http-4.1.108.Final.pom
#27 132.8 [INFO] Downloaded from central: https://repo.maven.apache.org/maven2/io/netty/netty-codec-http/4.1.108.Final/netty-codec-http-4.1.108.Final.pom (4.4 kB at 198 kB/s)
#27 132.8 [INFO] Downloading from jboss-https: https://repository.jboss.org/nexus/content/groups/public-jboss/io/netty/netty-parent/4.1.108.Final/netty-parent-4.1.108.Final.pom
#27 133.3 [INFO] Downloading from central: https://repo.maven.apache.org/maven2/io/netty/netty-parent/4.1.108.Final/netty-parent-4.1.108.Final.pom
#27 133.3 [INFO] Downloaded from central: https://repo.maven.apache.org/maven2/io/netty/netty-parent/4.1.108.Final/netty-parent-4.1.108.Final.pom (87 kB at 3.1 MB/s)
#27 133.3 [INFO] Downloading from jboss-https: https://repository.jboss.org/nexus/content/groups/public-jboss/io/netty/netty-common/4.1.108.Final/netty-common-4.1.108.Final.pom
#27 133.6 [INFO] Downloading from central: https://repo.maven.apache.org/maven2/io/netty/netty-common/4.1.108.Final/netty-common-4.1.108.Final.pom
#27 133.8 [INFO] Downloaded from central: https://repo.maven.apache.org/maven2/io/netty/netty-common/4.1.108.Final/netty-common-4.1.108.Final.pom (12 kB at 69 kB/s)
#27 133.8 [INFO] Downloading from jboss-https: https://repository.jboss.org/nexus/content/groups/public-jboss/io/netty/netty-buffer/4.1.108.Final/netty-buffer-4.1.108.Final.pom
#27 134.1 [INFO] Downloading from central: https://repo.maven.apache.org/maven2/io/netty/netty-buffer/4.1.108.Final/netty-buffer-4.1.108.Final.pom
#27 134.1 [INFO] Downloaded from central: https://repo.maven.apache.org/maven2/io/netty/netty-buffer/4.1.108.Final/netty-buffer-4.1.108.Final.pom (1.6 kB at 72 kB/s)
#27 134.1 [INFO] Downloading from jboss-https: https://repository.jboss.org/nexus/content/groups/public-jboss/io/netty/netty-transport/4.1.108.Final/netty-transport-4.1.108.Final.pom
#27 134.4 [INFO] Downloading from central: https://repo.maven.apache.org/maven2/io/netty/netty-transport/4.1.108.Final/netty-transport-4.1.108.Final.pom
#27 134.5 [INFO] Downloaded from central: https://repo.maven.apache.org/maven2/io/netty/netty-transport/4.1.108.Final/netty-transport-4.1.108.Final.pom (2.2 kB at 98 kB/s)
#27 134.5 [INFO] Downloading from jboss-https: https://repository.jboss.org/nexus/content/groups/public-jboss/io/netty/netty-resolver/4.1.108.Final/netty-resolver-4.1.108.Final.pom
#27 134.9 [INFO] Downloading from central: https://repo.maven.apache.org/maven2/io/netty/netty-resolver/4.1.108.Final/netty-resolver-4.1.108.Final.pom
#27 134.9 [INFO] Downloaded from central: https://repo.maven.apache.org/maven2/io/netty/netty-resolver/4.1.108.Final/netty-resolver-4.1.108.Final.pom (1.6 kB at 72 kB/s)
#27 134.9 [INFO] Downloading from jboss-https: https://repository.jboss.org/nexus/content/groups/public-jboss/io/netty/netty-codec/4.1.108.Final/netty-codec-4.1.108.Final.pom
#27 135.2 [INFO] Downloading from central: https://repo.maven.apache.org/maven2/io/netty/netty-codec/4.1.108.Final/netty-codec-4.1.108.Final.pom
#27 135.2 [INFO] Downloaded from central: https://repo.maven.apache.org/maven2/io/netty/netty-codec/4.1.108.Final/netty-codec-4.1.108.Final.pom (5.5 kB at 261 kB/s)
#27 135.2 [INFO] Downloading from jboss-https: https://repository.jboss.org/nexus/content/groups/public-jboss/io/netty/netty-handler/4.1.108.Final/netty-handler-4.1.108.Final.pom
#27 135.6 [INFO] Downloading from central: https://repo.maven.apache.org/maven2/io/netty/netty-handler/4.1.108.Final/netty-handler-4.1.108.Final.pom
#27 135.6 [INFO] Downloaded from central: https://repo.maven.apache.org/maven2/io/netty/netty-handler/4.1.108.Final/netty-handler-4.1.108.Final.pom (4.6 kB at 210 kB/s)
#27 135.6 [INFO] Downloading from jboss-https: https://repository.jboss.org/nexus/content/groups/public-jboss/io/netty/netty-transport-native-unix-common/4.1.108.Final/netty-transport-native-unix-common-4.1.108.Final.pom
#27 136.0 [INFO] Downloading from central: https://repo.maven.apache.org/maven2/io/netty/netty-transport-native-unix-common/4.1.108.Final/netty-transport-native-unix-common-4.1.108.Final.pom
#27 136.0 [INFO] Downloaded from central: https://repo.maven.apache.org/maven2/io/netty/netty-transport-native-unix-common/4.1.108.Final/netty-transport-native-unix-common-4.1.108.Final.pom (33 kB at 1.3 MB/s)
#27 136.0 [INFO] Downloading from jboss-https: https://repository.jboss.org/nexus/content/groups/public-jboss/io/netty/netty-codec-http2/4.1.108.Final/netty-codec-http2-4.1.108.Final.pom
#27 136.3 [INFO] Downloading from central: https://repo.maven.apache.org/maven2/io/netty/netty-codec-http2/4.1.108.Final/netty-codec-http2-4.1.108.Final.pom
#27 136.4 [INFO] Downloaded from central: https://repo.maven.apache.org/maven2/io/netty/netty-codec-http2/4.1.108.Final/netty-codec-http2-4.1.108.Final.pom (5.2 kB at 47 kB/s)
#27 136.5 [INFO] Downloading from jboss-https: https://repository.jboss.org/nexus/content/groups/public-jboss/io/netty/netty-transport-classes-epoll/4.1.108.Final/netty-transport-classes-epoll-4.1.108.Final.pom
#27 136.8 [INFO] Downloading from central: https://repo.maven.apache.org/maven2/io/netty/netty-transport-classes-epoll/4.1.108.Final/netty-transport-classes-epoll-4.1.108.Final.pom
#27 136.8 [INFO] Downloaded from central: https://repo.maven.apache.org/maven2/io/netty/netty-transport-classes-epoll/4.1.108.Final/netty-transport-classes-epoll-4.1.108.Final.pom (2.1 kB at 107 kB/s)
#27 136.8 [INFO] Downloading from jboss-https: https://repository.jboss.org/nexus/content/groups/public-jboss/software/amazon/awssdk/url-connection-client/2.25.21/url-connection-client-2.25.21.pom
#27 137.1 [INFO] Downloading from central: https://repo.maven.apache.org/maven2/software/amazon/awssdk/url-connection-client/2.25.21/url-connection-client-2.25.21.pom
#27 137.2 [INFO] Downloaded from central: https://repo.maven.apache.org/maven2/software/amazon/awssdk/url-connection-client/2.25.21/url-connection-client-2.25.21.pom (5.4 kB at 59 kB/s)
#27 137.2 [INFO] Downloading from jboss-https: https://repository.jboss.org/nexus/content/groups/public-jboss/org/yaml/snakeyaml/2.2/snakeyaml-2.2.pom
#27 137.5 [INFO] Downloading from central: https://repo.maven.apache.org/maven2/org/yaml/snakeyaml/2.2/snakeyaml-2.2.pom
#27 137.5 [INFO] Downloaded from central: https://repo.maven.apache.org/maven2/org/yaml/snakeyaml/2.2/snakeyaml-2.2.pom (21 kB at 850 kB/s)
#27 137.5 [INFO] Downloading from jboss-https: https://repository.jboss.org/nexus/content/groups/public-jboss/org/eclipse/microprofile/config/microprofile-config-api/3.1/microprofile-config-api-3.1.pom
#27 138.0 [INFO] Downloading from central: https://repo.maven.apache.org/maven2/org/eclipse/microprofile/config/microprofile-config-api/3.1/microprofile-config-api-3.1.pom
#27 138.0 [INFO] Downloaded from central: https://repo.maven.apache.org/maven2/org/eclipse/microprofile/config/microprofile-config-api/3.1/microprofile-config-api-3.1.pom (1.7 kB at 67 kB/s)
#27 138.0 [INFO] Downloading from jboss-https: https://repository.jboss.org/nexus/content/groups/public-jboss/org/eclipse/microprofile/config/microprofile-config-parent/3.1/microprofile-config-parent-3.1.pom
#27 139.1 [INFO] Downloading from central: https://repo.maven.apache.org/maven2/org/eclipse/microprofile/config/microprofile-config-parent/3.1/microprofile-config-parent-3.1.pom
#27 139.1 [INFO] Downloaded from central: https://repo.maven.apache.org/maven2/org/eclipse/microprofile/config/microprofile-config-parent/3.1/microprofile-config-parent-3.1.pom (4.2 kB at 193 kB/s)
#27 139.1 [INFO] Downloading from jboss-https: https://repository.jboss.org/nexus/content/groups/public-jboss/org/eclipse/microprofile/microprofile-parent/2.8/microprofile-parent-2.8.pom
#27 139.6 [INFO] Downloading from central: https://repo.maven.apache.org/maven2/org/eclipse/microprofile/microprofile-parent/2.8/microprofile-parent-2.8.pom
#27 139.6 [INFO] Downloaded from central: https://repo.maven.apache.org/maven2/org/eclipse/microprofile/microprofile-parent/2.8/microprofile-parent-2.8.pom (50 kB at 2.0 MB/s)
#27 139.6 [INFO] Downloading from jboss-https: https://repository.jboss.org/nexus/content/groups/public-jboss/jakarta/enterprise/concurrent/jakarta.enterprise.concurrent-api/3.0.3/jakarta.enterprise.concurrent-api-3.0.3.pom
#27 140.1 [INFO] Downloading from central: https://repo.maven.apache.org/maven2/jakarta/enterprise/concurrent/jakarta.enterprise.concurrent-api/3.0.3/jakarta.enterprise.concurrent-api-3.0.3.pom
#27 140.2 [INFO] Downloaded from central: https://repo.maven.apache.org/maven2/jakarta/enterprise/concurrent/jakarta.enterprise.concurrent-api/3.0.3/jakarta.enterprise.concurrent-api-3.0.3.pom (2.7 kB at 33 kB/s)
#27 140.2 [INFO] Downloading from jboss-https: https://repository.jboss.org/nexus/content/groups/public-jboss/org/jboss/logmanager/jboss-logmanager/3.1.2.Final/jboss-logmanager-3.1.2.Final.pom
#27 140.9 [INFO] Downloaded from jboss-https: https://repository.jboss.org/nexus/content/groups/public-jboss/org/jboss/logmanager/jboss-logmanager/3.1.2.Final/jboss-logmanager-3.1.2.Final.pom (15 kB at 22 kB/s)
#27 140.9 [INFO] Downloading from jboss-https: https://repository.jboss.org/nexus/content/groups/public-jboss/io/smallrye/common/smallrye-common-bom/2.2.0/smallrye-common-bom-2.2.0.pom
#27 141.2 [INFO] Downloading from central: https://repo.maven.apache.org/maven2/io/smallrye/common/smallrye-common-bom/2.2.0/smallrye-common-bom-2.2.0.pom
#27 141.2 [INFO] Downloaded from central: https://repo.maven.apache.org/maven2/io/smallrye/common/smallrye-common-bom/2.2.0/smallrye-common-bom-2.2.0.pom (4.3 kB at 181 kB/s)
#27 141.2 [INFO] Downloading from jboss-https: https://repository.jboss.org/nexus/content/groups/public-jboss/org/junit/junit-bom/5.11.4/junit-bom-5.11.4.pom
#27 141.5 [INFO] Downloading from central: https://repo.maven.apache.org/maven2/org/junit/junit-bom/5.11.4/junit-bom-5.11.4.pom
#27 141.6 [INFO] Downloaded from central: https://repo.maven.apache.org/maven2/org/junit/junit-bom/5.11.4/junit-bom-5.11.4.pom (5.6 kB at 314 kB/s)
#27 141.6 [INFO] Downloading from jboss-https: https://repository.jboss.org/nexus/content/groups/public-jboss/org/jboss/modules/jboss-modules/2.1.6.Final/jboss-modules-2.1.6.Final.pom
#27 142.0 [INFO] Downloaded from jboss-https: https://repository.jboss.org/nexus/content/groups/public-jboss/org/jboss/modules/jboss-modules/2.1.6.Final/jboss-modules-2.1.6.Final.pom (9.5 kB at 22 kB/s)
#27 142.0 [INFO] Downloading from jboss-https: https://repository.jboss.org/nexus/content/groups/public-jboss/io/smallrye/common/smallrye-common-constraint/2.2.0/smallrye-common-constraint-2.2.0.pom
#27 142.3 [INFO] Downloading from central: https://repo.maven.apache.org/maven2/io/smallrye/common/smallrye-common-constraint/2.2.0/smallrye-common-constraint-2.2.0.pom
#27 142.4 [INFO] Downloaded from central: https://repo.maven.apache.org/maven2/io/smallrye/common/smallrye-common-constraint/2.2.0/smallrye-common-constraint-2.2.0.pom (2.1 kB at 102 kB/s)
#27 142.4 [INFO] Downloading from jboss-https: https://repository.jboss.org/nexus/content/groups/public-jboss/io/smallrye/common/smallrye-common-parent/2.2.0/smallrye-common-parent-2.2.0.pom
#27 142.7 [INFO] Downloading from central: https://repo.maven.apache.org/maven2/io/smallrye/common/smallrye-common-parent/2.2.0/smallrye-common-parent-2.2.0.pom
#27 142.7 [INFO] Downloaded from central: https://repo.maven.apache.org/maven2/io/smallrye/common/smallrye-common-parent/2.2.0/smallrye-common-parent-2.2.0.pom (8.5 kB at 405 kB/s)
#27 142.7 [INFO] Downloading from jboss-https: https://repository.jboss.org/nexus/content/groups/public-jboss/io/smallrye/smallrye-parent/41/smallrye-parent-41.pom
#27 143.0 [INFO] Downloading from central: https://repo.maven.apache.org/maven2/io/smallrye/smallrye-parent/41/smallrye-parent-41.pom
#27 143.0 [INFO] Downloaded from central: https://repo.maven.apache.org/maven2/io/smallrye/smallrye-parent/41/smallrye-parent-41.pom (6.0 kB at 262 kB/s)
#27 143.0 [INFO] Downloading from jboss-https: https://repository.jboss.org/nexus/content/groups/public-jboss/io/smallrye/smallrye-build-parent/41/smallrye-build-parent-41.pom
#27 143.3 [INFO] Downloading from central: https://repo.maven.apache.org/maven2/io/smallrye/smallrye-build-parent/41/smallrye-build-parent-41.pom
#27 143.4 [INFO] Downloaded from central: https://repo.maven.apache.org/maven2/io/smallrye/smallrye-build-parent/41/smallrye-build-parent-41.pom (39 kB at 381 kB/s)
#27 143.4 [INFO] Downloading from jboss-https: https://repository.jboss.org/nexus/content/groups/public-jboss/org/jboss/shrinkwrap/shrinkwrap-bom/1.2.6/shrinkwrap-bom-1.2.6.pom
#27 143.8 [INFO] Downloaded from jboss-https: https://repository.jboss.org/nexus/content/groups/public-jboss/org/jboss/shrinkwrap/shrinkwrap-bom/1.2.6/shrinkwrap-bom-1.2.6.pom (4.0 kB at 12 kB/s)
#27 143.8 [INFO] Downloading from jboss-https: https://repository.jboss.org/nexus/content/groups/public-jboss/io/smallrye/common/smallrye-common-cpu/2.2.0/smallrye-common-cpu-2.2.0.pom
#27 144.1 [INFO] Downloading from central: https://repo.maven.apache.org/maven2/io/smallrye/common/smallrye-common-cpu/2.2.0/smallrye-common-cpu-2.2.0.pom
#27 144.1 [INFO] Downloaded from central: https://repo.maven.apache.org/maven2/io/smallrye/common/smallrye-common-cpu/2.2.0/smallrye-common-cpu-2.2.0.pom (1.6 kB at 71 kB/s)
#27 144.1 [INFO] Downloading from jboss-https: https://repository.jboss.org/nexus/content/groups/public-jboss/io/smallrye/common/smallrye-common-expression/2.2.0/smallrye-common-expression-2.2.0.pom
#27 144.4 [INFO] Downloading from central: https://repo.maven.apache.org/maven2/io/smallrye/common/smallrye-common-expression/2.2.0/smallrye-common-expression-2.2.0.pom
#27 144.4 [INFO] Downloaded from central: https://repo.maven.apache.org/maven2/io/smallrye/common/smallrye-common-expression/2.2.0/smallrye-common-expression-2.2.0.pom (2.4 kB at 122 kB/s)
#27 144.4 [INFO] Downloading from jboss-https: https://repository.jboss.org/nexus/content/groups/public-jboss/io/smallrye/common/smallrye-common-function/2.2.0/smallrye-common-function-2.2.0.pom
#27 145.0 [INFO] Downloading from central: https://repo.maven.apache.org/maven2/io/smallrye/common/smallrye-common-function/2.2.0/smallrye-common-function-2.2.0.pom
#27 145.0 [INFO] Downloaded from central: https://repo.maven.apache.org/maven2/io/smallrye/common/smallrye-common-function/2.2.0/smallrye-common-function-2.2.0.pom (2.3 kB at 100 kB/s)
#27 145.0 [INFO] Downloading from jboss-https: https://repository.jboss.org/nexus/content/groups/public-jboss/io/smallrye/common/smallrye-common-net/2.2.0/smallrye-common-net-2.2.0.pom
#27 145.3 [INFO] Downloading from central: https://repo.maven.apache.org/maven2/io/smallrye/common/smallrye-common-net/2.2.0/smallrye-common-net-2.2.0.pom
#27 145.4 [INFO] Downloaded from central: https://repo.maven.apache.org/maven2/io/smallrye/common/smallrye-common-net/2.2.0/smallrye-common-net-2.2.0.pom (2.7 kB at 152 kB/s)
#27 145.4 [INFO] Downloading from jboss-https: https://repository.jboss.org/nexus/content/groups/public-jboss/io/smallrye/common/smallrye-common-os/2.2.0/smallrye-common-os-2.2.0.pom
#27 146.0 [INFO] Downloading from central: https://repo.maven.apache.org/maven2/io/smallrye/common/smallrye-common-os/2.2.0/smallrye-common-os-2.2.0.pom
#27 146.1 [INFO] Downloaded from central: https://repo.maven.apache.org/maven2/io/smallrye/common/smallrye-common-os/2.2.0/smallrye-common-os-2.2.0.pom (1.9 kB at 91 kB/s)
#27 146.1 [INFO] Downloading from jboss-https: https://repository.jboss.org/nexus/content/groups/public-jboss/io/smallrye/common/smallrye-common-ref/2.2.0/smallrye-common-ref-2.2.0.pom
#27 146.4 [INFO] Downloading from central: https://repo.maven.apache.org/maven2/io/smallrye/common/smallrye-common-ref/2.2.0/smallrye-common-ref-2.2.0.pom
#27 146.4 [INFO] Downloaded from central: https://repo.maven.apache.org/maven2/io/smallrye/common/smallrye-common-ref/2.2.0/smallrye-common-ref-2.2.0.pom (2.0 kB at 104 kB/s)
#27 146.4 [INFO] Downloading from jboss-https: https://repository.jboss.org/nexus/content/groups/public-jboss/org/eclipse/parsson/parsson/1.1.7/parsson-1.1.7.pom
#27 146.7 [INFO] Downloading from central: https://repo.maven.apache.org/maven2/org/eclipse/parsson/parsson/1.1.7/parsson-1.1.7.pom
#27 146.8 [INFO] Downloaded from central: https://repo.maven.apache.org/maven2/org/eclipse/parsson/parsson/1.1.7/parsson-1.1.7.pom (4.6 kB at 221 kB/s)
#27 146.8 [INFO] Downloading from jboss-https: https://repository.jboss.org/nexus/content/groups/public-jboss/org/eclipse/parsson/project/1.1.7/project-1.1.7.pom
#27 147.0 [INFO] Downloading from central: https://repo.maven.apache.org/maven2/org/eclipse/parsson/project/1.1.7/project-1.1.7.pom
#27 147.1 [INFO] Downloaded from central: https://repo.maven.apache.org/maven2/org/eclipse/parsson/project/1.1.7/project-1.1.7.pom (22 kB at 907 kB/s)
#27 147.1 [INFO] Downloading from jboss-https: https://repository.jboss.org/nexus/content/groups/public-jboss/org/jboss/ejb3/jboss-ejb3-ext-api/2.3.0.Final/jboss-ejb3-ext-api-2.3.0.Final.pom
#27 147.5 [INFO] Downloaded from jboss-https: https://repository.jboss.org/nexus/content/groups/public-jboss/org/jboss/ejb3/jboss-ejb3-ext-api/2.3.0.Final/jboss-ejb3-ext-api-2.3.0.Final.pom (2.6 kB at 6.7 kB/s)
#27 147.5 [INFO] Downloading from jboss-https: https://repository.jboss.org/nexus/content/groups/public-jboss/org/jboss/jboss-parent/19/jboss-parent-19.pom
#27 147.8 [INFO] Downloaded from jboss-https: https://repository.jboss.org/nexus/content/groups/public-jboss/org/jboss/jboss-parent/19/jboss-parent-19.pom (32 kB at 94 kB/s)
#27 147.8 [INFO] Downloading from jboss-https: https://repository.jboss.org/nexus/content/groups/public-jboss/io/agroal/agroal-api/1.16/agroal-api-1.16.pom
#27 148.2 [INFO] Downloaded from jboss-https: https://repository.jboss.org/nexus/content/groups/public-jboss/io/agroal/agroal-api/1.16/agroal-api-1.16.pom (2.1 kB at 5.1 kB/s)
#27 148.2 [INFO] Downloading from jboss-https: https://repository.jboss.org/nexus/content/groups/public-jboss/io/agroal/agroal-parent/1.16/agroal-parent-1.16.pom
#27 148.8 [INFO] Downloaded from jboss-https: https://repository.jboss.org/nexus/content/groups/public-jboss/io/agroal/agroal-parent/1.16/agroal-parent-1.16.pom (6.1 kB at 11 kB/s)
#27 148.8 [INFO] Downloading from jboss-https: https://repository.jboss.org/nexus/content/groups/public-jboss/io/micrometer/micrometer-core/1.12.5/micrometer-core-1.12.5.pom
#27 149.1 [INFO] Downloading from central: https://repo.maven.apache.org/maven2/io/micrometer/micrometer-core/1.12.5/micrometer-core-1.12.5.pom
#27 149.1 [INFO] Downloaded from central: https://repo.maven.apache.org/maven2/io/micrometer/micrometer-core/1.12.5/micrometer-core-1.12.5.pom (10 kB at 418 kB/s)
#27 149.1 [INFO] Downloading from jboss-https: https://repository.jboss.org/nexus/content/groups/public-jboss/io/micrometer/micrometer-commons/1.12.5/micrometer-commons-1.12.5.pom
#27 149.4 [INFO] Downloading from central: https://repo.maven.apache.org/maven2/io/micrometer/micrometer-commons/1.12.5/micrometer-commons-1.12.5.pom
#27 149.4 [INFO] Downloaded from central: https://repo.maven.apache.org/maven2/io/micrometer/micrometer-commons/1.12.5/micrometer-commons-1.12.5.pom (3.4 kB at 162 kB/s)
#27 149.4 [INFO] Downloading from jboss-https: https://repository.jboss.org/nexus/content/groups/public-jboss/io/micrometer/micrometer-observation/1.12.5/micrometer-observation-1.12.5.pom
#27 149.8 [INFO] Downloading from central: https://repo.maven.apache.org/maven2/io/micrometer/micrometer-observation/1.12.5/micrometer-observation-1.12.5.pom
#27 149.8 [INFO] Downloaded from central: https://repo.maven.apache.org/maven2/io/micrometer/micrometer-observation/1.12.5/micrometer-observation-1.12.5.pom (3.8 kB at 202 kB/s)
#27 149.8 [INFO] Downloading from jboss-https: https://repository.jboss.org/nexus/content/groups/public-jboss/org/hdrhistogram/HdrHistogram/2.1.12/HdrHistogram-2.1.12.pom
#27 150.1 [INFO] Downloading from central: https://repo.maven.apache.org/maven2/org/hdrhistogram/HdrHistogram/2.1.12/HdrHistogram-2.1.12.pom
#27 150.1 [INFO] Downloaded from central: https://repo.maven.apache.org/maven2/org/hdrhistogram/HdrHistogram/2.1.12/HdrHistogram-2.1.12.pom (11 kB at 568 kB/s)
#27 150.1 [INFO] Downloading from jboss-https: https://repository.jboss.org/nexus/content/groups/public-jboss/org/latencyutils/LatencyUtils/2.0.3/LatencyUtils-2.0.3.pom
#27 150.5 [INFO] Downloading from central: https://repo.maven.apache.org/maven2/org/latencyutils/LatencyUtils/2.0.3/LatencyUtils-2.0.3.pom
#27 150.6 [INFO] Downloaded from central: https://repo.maven.apache.org/maven2/org/latencyutils/LatencyUtils/2.0.3/LatencyUtils-2.0.3.pom (7.2 kB at 73 kB/s)
#27 150.6 [INFO] Downloading from jboss-https: https://repository.jboss.org/nexus/content/groups/public-jboss/org/hibernate/common/hibernate-commons-annotations/7.0.3.Final/hibernate-commons-annotations-7.0.3.Final.pom
#27 150.9 [INFO] Downloading from central: https://repo.maven.apache.org/maven2/org/hibernate/common/hibernate-commons-annotations/7.0.3.Final/hibernate-commons-annotations-7.0.3.Final.pom
#27 150.9 [INFO] Downloaded from central: https://repo.maven.apache.org/maven2/org/hibernate/common/hibernate-commons-annotations/7.0.3.Final/hibernate-commons-annotations-7.0.3.Final.pom (2.0 kB at 93 kB/s)
#27 150.9 [INFO] Downloading from jboss-https: https://repository.jboss.org/nexus/content/groups/public-jboss/io/smallrye/jandex/3.2.3/jandex-3.2.3.pom
#27 151.4 [INFO] Downloading from central: https://repo.maven.apache.org/maven2/io/smallrye/jandex/3.2.3/jandex-3.2.3.pom
#27 151.4 [INFO] Downloaded from central: https://repo.maven.apache.org/maven2/io/smallrye/jandex/3.2.3/jandex-3.2.3.pom (7.0 kB at 317 kB/s)
#27 151.4 [INFO] Downloading from jboss-https: https://repository.jboss.org/nexus/content/groups/public-jboss/io/smallrye/jandex-parent/3.2.3/jandex-parent-3.2.3.pom
#27 151.7 [INFO] Downloading from central: https://repo.maven.apache.org/maven2/io/smallrye/jandex-parent/3.2.3/jandex-parent-3.2.3.pom
#27 151.8 [INFO] Downloaded from central: https://repo.maven.apache.org/maven2/io/smallrye/jandex-parent/3.2.3/jandex-parent-3.2.3.pom (7.3 kB at 382 kB/s)
#27 151.8 [INFO] Downloading from jboss-https: https://repository.jboss.org/nexus/content/groups/public-jboss/io/smallrye/smallrye-build-parent/46/smallrye-build-parent-46.pom
#27 152.2 [INFO] Downloading from central: https://repo.maven.apache.org/maven2/io/smallrye/smallrye-build-parent/46/smallrye-build-parent-46.pom
#27 152.2 [INFO] Downloaded from central: https://repo.maven.apache.org/maven2/io/smallrye/smallrye-build-parent/46/smallrye-build-parent-46.pom (63 kB at 2.6 MB/s)
#27 152.2 [INFO] Downloading from jboss-https: https://repository.jboss.org/nexus/content/groups/public-jboss/net/bytebuddy/byte-buddy/1.14.18/byte-buddy-1.14.18.pom
#27 152.5 [INFO] Downloading from central: https://repo.maven.apache.org/maven2/net/bytebuddy/byte-buddy/1.14.18/byte-buddy-1.14.18.pom
#27 152.5 [INFO] Downloaded from central: https://repo.maven.apache.org/maven2/net/bytebuddy/byte-buddy/1.14.18/byte-buddy-1.14.18.pom (16 kB at 723 kB/s)
#27 152.5 [INFO] Downloading from jboss-https: https://repository.jboss.org/nexus/content/groups/public-jboss/net/bytebuddy/byte-buddy-parent/1.14.18/byte-buddy-parent-1.14.18.pom
#27 152.8 [INFO] Downloading from central: https://repo.maven.apache.org/maven2/net/bytebuddy/byte-buddy-parent/1.14.18/byte-buddy-parent-1.14.18.pom
#27 152.9 [INFO] Downloaded from central: https://repo.maven.apache.org/maven2/net/bytebuddy/byte-buddy-parent/1.14.18/byte-buddy-parent-1.14.18.pom (62 kB at 2.6 MB/s)
#27 152.9 [INFO] Downloading from jboss-https: https://repository.jboss.org/nexus/content/groups/public-jboss/org/mockito/mockito-core/5.11.0/mockito-core-5.11.0.pom
#27 153.2 [INFO] Downloading from central: https://repo.maven.apache.org/maven2/org/mockito/mockito-core/5.11.0/mockito-core-5.11.0.pom
#27 153.2 [INFO] Downloaded from central: https://repo.maven.apache.org/maven2/org/mockito/mockito-core/5.11.0/mockito-core-5.11.0.pom (2.5 kB at 103 kB/s)
#27 153.2 [INFO] Downloading from jboss-https: https://repository.jboss.org/nexus/content/groups/public-jboss/net/bytebuddy/byte-buddy-agent/1.14.12/byte-buddy-agent-1.14.12.pom
#27 153.6 [INFO] Downloading from central: https://repo.maven.apache.org/maven2/net/bytebuddy/byte-buddy-agent/1.14.12/byte-buddy-agent-1.14.12.pom
#27 153.6 [INFO] Downloaded from central: https://repo.maven.apache.org/maven2/net/bytebuddy/byte-buddy-agent/1.14.12/byte-buddy-agent-1.14.12.pom (10 kB at 523 kB/s)
#27 153.6 [INFO] Downloading from jboss-https: https://repository.jboss.org/nexus/content/groups/public-jboss/net/bytebuddy/byte-buddy-parent/1.14.12/byte-buddy-parent-1.14.12.pom
#27 153.9 [INFO] Downloading from central: https://repo.maven.apache.org/maven2/net/bytebuddy/byte-buddy-parent/1.14.12/byte-buddy-parent-1.14.12.pom
#27 153.9 [INFO] Downloaded from central: https://repo.maven.apache.org/maven2/net/bytebuddy/byte-buddy-parent/1.14.12/byte-buddy-parent-1.14.12.pom (63 kB at 3.0 MB/s)
#27 154.0 [INFO] Downloading from jboss-https: https://repository.jboss.org/nexus/content/groups/public-jboss/org/objenesis/objenesis/3.3/objenesis-3.3.pom
#27 154.3 [INFO] Downloading from central: https://repo.maven.apache.org/maven2/org/objenesis/objenesis/3.3/objenesis-3.3.pom
#27 154.3 [INFO] Downloaded from central: https://repo.maven.apache.org/maven2/org/objenesis/objenesis/3.3/objenesis-3.3.pom (3.0 kB at 131 kB/s)
#27 154.3 [INFO] Downloading from jboss-https: https://repository.jboss.org/nexus/content/groups/public-jboss/org/objenesis/objenesis-parent/3.3/objenesis-parent-3.3.pom
#27 154.6 [INFO] Downloading from central: https://repo.maven.apache.org/maven2/org/objenesis/objenesis-parent/3.3/objenesis-parent-3.3.pom
#27 154.6 [INFO] Downloaded from central: https://repo.maven.apache.org/maven2/org/objenesis/objenesis-parent/3.3/objenesis-parent-3.3.pom (19 kB at 737 kB/s)
#27 154.6 [INFO] Downloading from jboss-https: https://repository.jboss.org/nexus/content/groups/public-jboss/org/mockito/mockito-junit-jupiter/5.11.0/mockito-junit-jupiter-5.11.0.pom
#27 154.9 [INFO] Downloading from central: https://repo.maven.apache.org/maven2/org/mockito/mockito-junit-jupiter/5.11.0/mockito-junit-jupiter-5.11.0.pom
#27 155.0 [INFO] Downloaded from central: https://repo.maven.apache.org/maven2/org/mockito/mockito-junit-jupiter/5.11.0/mockito-junit-jupiter-5.11.0.pom (2.3 kB at 91 kB/s)
#27 155.0 [INFO] Downloading from jboss-https: https://repository.jboss.org/nexus/content/groups/public-jboss/org/assertj/assertj-core/3.25.3/assertj-core-3.25.3.pom
#27 155.3 [INFO] Downloading from central: https://repo.maven.apache.org/maven2/org/assertj/assertj-core/3.25.3/assertj-core-3.25.3.pom
#27 155.3 [INFO] Downloaded from central: https://repo.maven.apache.org/maven2/org/assertj/assertj-core/3.25.3/assertj-core-3.25.3.pom (3.8 kB at 201 kB/s)
#27 155.3 [INFO] Downloading from jboss-https: https://repository.jboss.org/nexus/content/groups/public-jboss/org/glassfish/jersey/core/jersey-common/3.1.5/jersey-common-3.1.5.pom
#27 155.7 [INFO] Downloading from central: https://repo.maven.apache.org/maven2/org/glassfish/jersey/core/jersey-common/3.1.5/jersey-common-3.1.5.pom
#27 155.7 [INFO] Downloaded from central: https://repo.maven.apache.org/maven2/org/glassfish/jersey/core/jersey-common/3.1.5/jersey-common-3.1.5.pom (13 kB at 574 kB/s)
#27 155.7 [INFO] Downloading from jboss-https: https://repository.jboss.org/nexus/content/groups/public-jboss/org/glassfish/jersey/project/3.1.5/project-3.1.5.pom
#27 156.0 [INFO] Downloading from central: https://repo.maven.apache.org/maven2/org/glassfish/jersey/project/3.1.5/project-3.1.5.pom
#27 156.1 [INFO] Downloaded from central: https://repo.maven.apache.org/maven2/org/glassfish/jersey/project/3.1.5/project-3.1.5.pom (110 kB at 4.2 MB/s)
#27 156.1 [INFO] Downloading from jboss-https: https://repository.jboss.org/nexus/content/groups/public-jboss/org/glassfish/hk2/osgi-resource-locator/1.0.3/osgi-resource-locator-1.0.3.pom
#27 156.4 [INFO] Downloading from central: https://repo.maven.apache.org/maven2/org/glassfish/hk2/osgi-resource-locator/1.0.3/osgi-resource-locator-1.0.3.pom
#27 156.4 [INFO] Downloaded from central: https://repo.maven.apache.org/maven2/org/glassfish/hk2/osgi-resource-locator/1.0.3/osgi-resource-locator-1.0.3.pom (7.4 kB at 294 kB/s)
#27 156.4 [INFO] Downloading from jboss-https: https://repository.jboss.org/nexus/content/groups/public-jboss/org/eclipse/ee4j/project/1.0.5/project-1.0.5.pom
#27 156.7 [INFO] Downloading from central: https://repo.maven.apache.org/maven2/org/eclipse/ee4j/project/1.0.5/project-1.0.5.pom
#27 156.8 [INFO] Downloaded from central: https://repo.maven.apache.org/maven2/org/eclipse/ee4j/project/1.0.5/project-1.0.5.pom (13 kB at 627 kB/s)
#27 156.8 [INFO] Downloading from jboss-https: https://repository.jboss.org/nexus/content/groups/public-jboss/org/flywaydb/flyway-core/10.17.3/flyway-core-10.17.3.pom
#27 157.2 [INFO] Downloading from central: https://repo.maven.apache.org/maven2/org/flywaydb/flyway-core/10.17.3/flyway-core-10.17.3.pom
#27 157.2 [INFO] Downloaded from central: https://repo.maven.apache.org/maven2/org/flywaydb/flyway-core/10.17.3/flyway-core-10.17.3.pom (5.6 kB at 171 kB/s)
#27 157.2 [INFO] Downloading from jboss-https: https://repository.jboss.org/nexus/content/groups/public-jboss/org/flywaydb/flyway-parent/10.17.3/flyway-parent-10.17.3.pom
#27 157.5 [INFO] Downloading from central: https://repo.maven.apache.org/maven2/org/flywaydb/flyway-parent/10.17.3/flyway-parent-10.17.3.pom
#27 157.5 [INFO] Downloaded from central: https://repo.maven.apache.org/maven2/org/flywaydb/flyway-parent/10.17.3/flyway-parent-10.17.3.pom (35 kB at 1.5 MB/s)
#27 157.5 [INFO] Downloading from jboss-https: https://repository.jboss.org/nexus/content/groups/public-jboss/com/fasterxml/jackson/dataformat/jackson-dataformat-toml/2.15.2/jackson-dataformat-toml-2.15.2.pom
#27 157.9 [INFO] Downloading from central: https://repo.maven.apache.org/maven2/com/fasterxml/jackson/dataformat/jackson-dataformat-toml/2.15.2/jackson-dataformat-toml-2.15.2.pom
#27 157.9 [INFO] Downloaded from central: https://repo.maven.apache.org/maven2/com/fasterxml/jackson/dataformat/jackson-dataformat-toml/2.15.2/jackson-dataformat-toml-2.15.2.pom (3.5 kB at 205 kB/s)
#27 157.9 [INFO] Downloading from jboss-https: https://repository.jboss.org/nexus/content/groups/public-jboss/com/fasterxml/jackson/dataformat/jackson-dataformats-text/2.15.2/jackson-dataformats-text-2.15.2.pom
#27 158.2 [INFO] Downloading from central: https://repo.maven.apache.org/maven2/com/fasterxml/jackson/dataformat/jackson-dataformats-text/2.15.2/jackson-dataformats-text-2.15.2.pom
#27 158.2 [INFO] Downloaded from central: https://repo.maven.apache.org/maven2/com/fasterxml/jackson/dataformat/jackson-dataformats-text/2.15.2/jackson-dataformats-text-2.15.2.pom (3.5 kB at 183 kB/s)
#27 158.2 [INFO] Downloading from jboss-https: https://repository.jboss.org/nexus/content/groups/public-jboss/com/fasterxml/jackson/jackson-base/2.15.2/jackson-base-2.15.2.pom
#27 158.6 [INFO] Downloading from central: https://repo.maven.apache.org/maven2/com/fasterxml/jackson/jackson-base/2.15.2/jackson-base-2.15.2.pom
#27 158.6 [INFO] Downloaded from central: https://repo.maven.apache.org/maven2/com/fasterxml/jackson/jackson-base/2.15.2/jackson-base-2.15.2.pom (11 kB at 513 kB/s)
#27 158.6 [INFO] Downloading from jboss-https: https://repository.jboss.org/nexus/content/groups/public-jboss/com/fasterxml/jackson/jackson-bom/2.15.2/jackson-bom-2.15.2.pom
#27 159.2 [INFO] Downloading from central: https://repo.maven.apache.org/maven2/com/fasterxml/jackson/jackson-bom/2.15.2/jackson-bom-2.15.2.pom
#27 159.2 [INFO] Downloaded from central: https://repo.maven.apache.org/maven2/com/fasterxml/jackson/jackson-bom/2.15.2/jackson-bom-2.15.2.pom (18 kB at 818 kB/s)
#27 159.2 [INFO] Downloading from jboss-https: https://repository.jboss.org/nexus/content/groups/public-jboss/org/flywaydb/flyway-database-postgresql/10.17.3/flyway-database-postgresql-10.17.3.pom
#27 159.5 [INFO] Downloading from central: https://repo.maven.apache.org/maven2/org/flywaydb/flyway-database-postgresql/10.17.3/flyway-database-postgresql-10.17.3.pom
#27 159.5 [INFO] Downloaded from central: https://repo.maven.apache.org/maven2/org/flywaydb/flyway-database-postgresql/10.17.3/flyway-database-postgresql-10.17.3.pom (2.7 kB at 109 kB/s)
#27 159.5 [INFO] Downloading from jboss-https: https://repository.jboss.org/nexus/content/groups/public-jboss/io/zonky/test/embedded-postgres/2.1.0/embedded-postgres-2.1.0.pom
#27 159.9 [INFO] Downloading from central: https://repo.maven.apache.org/maven2/io/zonky/test/embedded-postgres/2.1.0/embedded-postgres-2.1.0.pom
#27 159.9 [INFO] Downloaded from central: https://repo.maven.apache.org/maven2/io/zonky/test/embedded-postgres/2.1.0/embedded-postgres-2.1.0.pom (15 kB at 768 kB/s)
#27 159.9 [INFO] Downloading from jboss-https: https://repository.jboss.org/nexus/content/groups/public-jboss/org/junit/junit-bom/5.10.5/junit-bom-5.10.5.pom
#27 160.2 [INFO] Downloading from central: https://repo.maven.apache.org/maven2/org/junit/junit-bom/5.10.5/junit-bom-5.10.5.pom
#27 160.2 [INFO] Downloaded from central: https://repo.maven.apache.org/maven2/org/junit/junit-bom/5.10.5/junit-bom-5.10.5.pom (5.6 kB at 269 kB/s)
#27 160.2 [INFO] Downloading from jboss-https: https://repository.jboss.org/nexus/content/groups/public-jboss/io/zonky/test/postgres/embedded-postgres-binaries-windows-amd64/14.15.0/embedded-postgres-binaries-windows-amd64-14.15.0.pom
#27 160.6 [INFO] Downloading from central: https://repo.maven.apache.org/maven2/io/zonky/test/postgres/embedded-postgres-binaries-windows-amd64/14.15.0/embedded-postgres-binaries-windows-amd64-14.15.0.pom
#27 160.6 [INFO] Downloaded from central: https://repo.maven.apache.org/maven2/io/zonky/test/postgres/embedded-postgres-binaries-windows-amd64/14.15.0/embedded-postgres-binaries-windows-amd64-14.15.0.pom (1.4 kB at 62 kB/s)
#27 160.6 [INFO] Downloading from jboss-https: https://repository.jboss.org/nexus/content/groups/public-jboss/io/zonky/test/postgres/embedded-postgres-binaries-darwin-amd64/14.15.0/embedded-postgres-binaries-darwin-amd64-14.15.0.pom
#27 161.0 [INFO] Downloading from central: https://repo.maven.apache.org/maven2/io/zonky/test/postgres/embedded-postgres-binaries-darwin-amd64/14.15.0/embedded-postgres-binaries-darwin-amd64-14.15.0.pom
#27 161.1 [INFO] Downloaded from central: https://repo.maven.apache.org/maven2/io/zonky/test/postgres/embedded-postgres-binaries-darwin-amd64/14.15.0/embedded-postgres-binaries-darwin-amd64-14.15.0.pom (1.4 kB at 13 kB/s)
#27 161.1 [INFO] Downloading from jboss-https: https://repository.jboss.org/nexus/content/groups/public-jboss/io/zonky/test/postgres/embedded-postgres-binaries-linux-amd64/14.15.0/embedded-postgres-binaries-linux-amd64-14.15.0.pom
#27 161.5 [INFO] Downloading from central: https://repo.maven.apache.org/maven2/io/zonky/test/postgres/embedded-postgres-binaries-linux-amd64/14.15.0/embedded-postgres-binaries-linux-amd64-14.15.0.pom
#27 161.7 [INFO] Downloaded from central: https://repo.maven.apache.org/maven2/io/zonky/test/postgres/embedded-postgres-binaries-linux-amd64/14.15.0/embedded-postgres-binaries-linux-amd64-14.15.0.pom (1.4 kB at 8.6 kB/s)
#27 161.7 [INFO] Downloading from jboss-https: https://repository.jboss.org/nexus/content/groups/public-jboss/io/zonky/test/postgres/embedded-postgres-binaries-linux-amd64-alpine/14.15.0/embedded-postgres-binaries-linux-amd64-alpine-14.15.0.pom
#27 162.0 [INFO] Downloading from central: https://repo.maven.apache.org/maven2/io/zonky/test/postgres/embedded-postgres-binaries-linux-amd64-alpine/14.15.0/embedded-postgres-binaries-linux-amd64-alpine-14.15.0.pom
#27 162.0 [INFO] Downloaded from central: https://repo.maven.apache.org/maven2/io/zonky/test/postgres/embedded-postgres-binaries-linux-amd64-alpine/14.15.0/embedded-postgres-binaries-linux-amd64-alpine-14.15.0.pom (1.4 kB at 69 kB/s)
#27 162.0 [INFO] Downloading from jboss-https: https://repository.jboss.org/nexus/content/groups/public-jboss/org/apache/commons/commons-compress/1.26.2/commons-compress-1.26.2.pom
#27 162.3 [INFO] Downloading from central: https://repo.maven.apache.org/maven2/org/apache/commons/commons-compress/1.26.2/commons-compress-1.26.2.pom
#27 162.3 [INFO] Downloaded from central: https://repo.maven.apache.org/maven2/org/apache/commons/commons-compress/1.26.2/commons-compress-1.26.2.pom (23 kB at 1.0 MB/s)
#27 162.3 [INFO] Downloading from jboss-https: https://repository.jboss.org/nexus/content/groups/public-jboss/org/tukaani/xz/1.10/xz-1.10.pom
#27 162.6 [INFO] Downloading from central: https://repo.maven.apache.org/maven2/org/tukaani/xz/1.10/xz-1.10.pom
#27 162.7 [INFO] Downloaded from central: https://repo.maven.apache.org/maven2/org/tukaani/xz/1.10/xz-1.10.pom (1.9 kB at 84 kB/s)
#27 162.7 [INFO] Downloading from jboss-https: https://repository.jboss.org/nexus/content/groups/public-jboss/org/postgresql/postgresql/42.7.4/postgresql-42.7.4.pom
#27 163.0 [INFO] Downloading from central: https://repo.maven.apache.org/maven2/org/postgresql/postgresql/42.7.4/postgresql-42.7.4.pom
#27 163.0 [INFO] Downloaded from central: https://repo.maven.apache.org/maven2/org/postgresql/postgresql/42.7.4/postgresql-42.7.4.pom (3.3 kB at 159 kB/s)
#27 163.0 [INFO] Downloading from jboss-https: https://repository.jboss.org/nexus/content/groups/public-jboss/commons-codec/commons-codec/1.17.1/commons-codec-1.17.1.jar
#27 163.3 [INFO] Downloading from jboss-https: https://repository.jboss.org/nexus/content/groups/public-jboss/jakarta/servlet/jsp/jakarta.servlet.jsp-api/3.1.1/jakarta.servlet.jsp-api-3.1.1.jar
#27 163.4 [INFO] Downloading from jboss-https: https://repository.jboss.org/nexus/content/groups/public-jboss/jakarta/servlet/jsp/jstl/jakarta.servlet.jsp.jstl-api/3.0.2/jakarta.servlet.jsp.jstl-api-3.0.2.jar
#27 163.4 [INFO] Downloading from jboss-https: https://repository.jboss.org/nexus/content/groups/public-jboss/jakarta/websocket/jakarta.websocket-client-api/2.1.1/jakarta.websocket-client-api-2.1.1.jar
#27 163.4 [INFO] Downloading from jboss-https: https://repository.jboss.org/nexus/content/groups/public-jboss/jakarta/websocket/jakarta.websocket-api/2.1.1/jakarta.websocket-api-2.1.1.jar
#27 163.4 [INFO] Downloading from jboss-https: https://repository.jboss.org/nexus/content/groups/public-jboss/jakarta/json/bind/jakarta.json.bind-api/3.0.1/jakarta.json.bind-api-3.0.1.jar
#27 163.7 [INFO] Downloading from jboss-https: https://repository.jboss.org/nexus/content/groups/public-jboss/jakarta/activation/jakarta.activation-api/2.1.3/jakarta.activation-api-2.1.3.jar
#27 163.7 [INFO] Downloading from jboss-https: https://repository.jboss.org/nexus/content/groups/public-jboss/org/jboss/resteasy/resteasy-multipart-provider/6.2.11.Final/resteasy-multipart-provider-6.2.11.Final.jar
#27 163.7 [INFO] Downloading from jboss-https: https://repository.jboss.org/nexus/content/groups/public-jboss/org/jboss/resteasy/resteasy-core-spi/6.2.11.Final/resteasy-core-spi-6.2.11.Final.jar
#27 163.8 [INFO] Downloading from jboss-https: https://repository.jboss.org/nexus/content/groups/public-jboss/org/jboss/resteasy/resteasy-core/6.2.11.Final/resteasy-core-6.2.11.Final.jar
#27 163.8 [INFO] Downloading from jboss-https: https://repository.jboss.org/nexus/content/groups/public-jboss/org/jboss/jandex/2.4.5.Final/jandex-2.4.5.Final.jar
#27 164.0 [INFO] Downloading from jboss-https: https://repository.jboss.org/nexus/content/groups/public-jboss/org/eclipse/angus/angus-activation/2.0.2/angus-activation-2.0.2.jar
#27 164.2 [INFO] Downloaded from jboss-https: https://repository.jboss.org/nexus/content/groups/public-jboss/org/jboss/resteasy/resteasy-multipart-provider/6.2.11.Final/resteasy-multipart-provider-6.2.11.Final.jar (121 kB at 136 kB/s)
#27 164.2 [INFO] Downloading from jboss-https: https://repository.jboss.org/nexus/content/groups/public-jboss/com/ibm/async/asyncutil/0.1.0/asyncutil-0.1.0.jar
#27 164.3 [INFO] Downloading from jboss-https: https://repository.jboss.org/nexus/content/groups/public-jboss/org/jboss/resteasy/resteasy-jaxb-provider/6.2.11.Final/resteasy-jaxb-provider-6.2.11.Final.jar
#27 164.3 [INFO] Downloaded from jboss-https: https://repository.jboss.org/nexus/content/groups/public-jboss/org/jboss/resteasy/resteasy-core/6.2.11.Final/resteasy-core-6.2.11.Final.jar (846 kB at 917 kB/s)
#27 164.3 [INFO] Downloading from jboss-https: https://repository.jboss.org/nexus/content/groups/public-jboss/org/glassfish/jaxb/codemodel/4.0.5/codemodel-4.0.5.jar
#27 164.3 [INFO] Downloaded from jboss-https: https://repository.jboss.org/nexus/content/groups/public-jboss/org/jboss/jandex/2.4.5.Final/jandex-2.4.5.Final.jar (236 kB at 252 kB/s)
#27 164.3 [INFO] Downloading from jboss-https: https://repository.jboss.org/nexus/content/groups/public-jboss/org/glassfish/jaxb/jaxb-core/4.0.5/jaxb-core-4.0.5.jar
#27 164.3 [INFO] Downloaded from jboss-https: https://repository.jboss.org/nexus/content/groups/public-jboss/org/jboss/resteasy/resteasy-core-spi/6.2.11.Final/resteasy-core-spi-6.2.11.Final.jar (242 kB at 242 kB/s)
#27 164.3 [INFO] Downloading from jboss-https: https://repository.jboss.org/nexus/content/groups/public-jboss/org/glassfish/jaxb/jaxb-jxc/4.0.5/jaxb-jxc-4.0.5.jar
#27 164.5 [INFO] Downloading from jboss-https: https://repository.jboss.org/nexus/content/groups/public-jboss/org/glassfish/jaxb/txw2/4.0.5/txw2-4.0.5.jar
#27 164.6 [INFO] Downloading from jboss-https: https://repository.jboss.org/nexus/content/groups/public-jboss/org/glassfish/jaxb/jaxb-xjc/4.0.5/jaxb-xjc-4.0.5.jar
#27 164.6 [INFO] Downloading from jboss-https: https://repository.jboss.org/nexus/content/groups/public-jboss/org/glassfish/jaxb/xsom/4.0.5/xsom-4.0.5.jar
#27 164.7 [INFO] Downloading from jboss-https: https://repository.jboss.org/nexus/content/groups/public-jboss/com/sun/istack/istack-commons-runtime/4.1.2/istack-commons-runtime-4.1.2.jar
#27 164.8 [INFO] Downloaded from jboss-https: https://repository.jboss.org/nexus/content/groups/public-jboss/org/jboss/resteasy/resteasy-jaxb-provider/6.2.11.Final/resteasy-jaxb-provider-6.2.11.Final.jar (83 kB at 57 kB/s)
#27 164.8 [INFO] Downloading from jboss-https: https://repository.jboss.org/nexus/content/groups/public-jboss/com/sun/istack/istack-commons-tools/4.1.2/istack-commons-tools-4.1.2.jar
#27 164.9 [INFO] Downloading from jboss-https: https://repository.jboss.org/nexus/content/groups/public-jboss/com/sun/xml/bind/external/relaxng-datatype/4.0.5/relaxng-datatype-4.0.5.jar
#27 164.9 [INFO] Downloading from jboss-https: https://repository.jboss.org/nexus/content/groups/public-jboss/com/sun/xml/bind/external/rngom/4.0.5/rngom-4.0.5.jar
#27 165.0 [INFO] Downloading from jboss-https: https://repository.jboss.org/nexus/content/groups/public-jboss/org/eclipse/angus/angus-mail/2.0.3/angus-mail-2.0.3.jar
#27 165.0 [INFO] Downloading from jboss-https: https://repository.jboss.org/nexus/content/groups/public-jboss/org/apache/james/apache-mime4j-dom/0.8.12/apache-mime4j-dom-0.8.12.jar
#27 165.1 [INFO] Downloading from jboss-https: https://repository.jboss.org/nexus/content/groups/public-jboss/org/apache/james/apache-mime4j-core/0.8.12/apache-mime4j-core-0.8.12.jar
#27 165.2 [INFO] Downloading from jboss-https: https://repository.jboss.org/nexus/content/groups/public-jboss/org/apache/james/apache-mime4j-storage/0.8.12/apache-mime4j-storage-0.8.12.jar
#27 165.3 [INFO] Downloading from jboss-https: https://repository.jboss.org/nexus/content/groups/public-jboss/commons-io/commons-io/2.16.1/commons-io-2.16.1.jar
#27 165.3 [INFO] Downloading from jboss-https: https://repository.jboss.org/nexus/content/groups/public-jboss/org/jboss/logging/jboss-logging/3.6.1.Final/jboss-logging-3.6.1.Final.jar
#27 165.4 [INFO] Downloading from jboss-https: https://repository.jboss.org/nexus/content/groups/public-jboss/org/apache/commons/commons-lang3/3.17.0/commons-lang3-3.17.0.jar
#27 165.5 [INFO] Downloading from jboss-https: https://repository.jboss.org/nexus/content/groups/public-jboss/org/jdom/jdom/1.1.3/jdom-1.1.3.jar
#27 165.5 [INFO] Downloading from jboss-https: https://repository.jboss.org/nexus/content/groups/public-jboss/com/fasterxml/jackson/dataformat/jackson-dataformat-xml/2.15.4/jackson-dataformat-xml-2.15.4.jar
#27 165.6 [INFO] Downloaded from jboss-https: https://repository.jboss.org/nexus/content/groups/public-jboss/org/jboss/logging/jboss-logging/3.6.1.Final/jboss-logging-3.6.1.Final.jar (62 kB at 27 kB/s)
#27 165.6 [INFO] Downloading from jboss-https: https://repository.jboss.org/nexus/content/groups/public-jboss/org/codehaus/woodstox/stax2-api/4.2.2/stax2-api-4.2.2.jar
#27 165.6 [INFO] Downloading from jboss-https: https://repository.jboss.org/nexus/content/groups/public-jboss/com/fasterxml/woodstox/woodstox-core/7.0.0/woodstox-core-7.0.0.jar
#27 165.8 [INFO] Downloading from jboss-https: https://repository.jboss.org/nexus/content/groups/public-jboss/com/fasterxml/jackson/datatype/jackson-datatype-jdk8/2.15.4/jackson-datatype-jdk8-2.15.4.jar
#27 165.8 [INFO] Downloading from jboss-https: https://repository.jboss.org/nexus/content/groups/public-jboss/com/fasterxml/jackson/dataformat/jackson-dataformat-cbor/2.15.4/jackson-dataformat-cbor-2.15.4.jar
#27 165.9 [INFO] Downloading from jboss-https: https://repository.jboss.org/nexus/content/groups/public-jboss/com/fasterxml/jackson/jakarta/rs/jackson-jakarta-rs-json-provider/2.15.4/jackson-jakarta-rs-json-provider-2.15.4.jar
#27 165.9 [INFO] Downloading from jboss-https: https://repository.jboss.org/nexus/content/groups/public-jboss/com/fasterxml/jackson/jakarta/rs/jackson-jakarta-rs-base/2.18.2/jackson-jakarta-rs-base-2.18.2.jar
#27 166.1 [INFO] Downloading from jboss-https: https://repository.jboss.org/nexus/content/groups/public-jboss/com/fasterxml/jackson/module/jackson-module-jakarta-xmlbind-annotations/2.18.2/jackson-module-jakarta-xmlbind-annotations-2.18.2.jar
#27 166.2 [INFO] Downloading from jboss-https: https://repository.jboss.org/nexus/content/groups/public-jboss/com/googlecode/jsontoken/jsontoken/1.1/jsontoken-1.1.jar
#27 166.2 [INFO] Downloading from jboss-https: https://repository.jboss.org/nexus/content/groups/public-jboss/com/google/code/gson/gson/2.8.9/gson-2.8.9.jar
#27 166.2 [INFO] Downloading from jboss-https: https://repository.jboss.org/nexus/content/groups/public-jboss/com/google/collections/google-collections/1.0/google-collections-1.0.jar
#27 166.3 [INFO] Downloading from jboss-https: https://repository.jboss.org/nexus/content/groups/public-jboss/joda-time/joda-time/1.6/joda-time-1.6.jar
#27 166.4 [INFO] Downloading from jboss-https: https://repository.jboss.org/nexus/content/groups/public-jboss/javax/servlet/servlet-api/2.5/servlet-api-2.5.jar
#27 166.5 [INFO] Downloading from jboss-https: https://repository.jboss.org/nexus/content/groups/public-jboss/org/apache/httpcomponents/httpcore/4.4.16/httpcore-4.4.16.jar
#27 166.5 [INFO] Downloading from jboss-https: https://repository.jboss.org/nexus/content/groups/public-jboss/com/plivo/plivo-java/5.46.0/plivo-java-5.46.0.jar
#27 166.6 [INFO] Downloading from jboss-https: https://repository.jboss.org/nexus/content/groups/public-jboss/com/squareup/retrofit2/converter-jackson/2.2.0/converter-jackson-2.2.0.jar
#27 166.6 [INFO] Downloading from jboss-https: https://repository.jboss.org/nexus/content/groups/public-jboss/com/squareup/retrofit2/retrofit/2.2.0/retrofit-2.2.0.jar
#27 166.7 [INFO] Downloading from jboss-https: https://repository.jboss.org/nexus/content/groups/public-jboss/jakarta/xml/bind/jakarta.xml.bind-api/4.0.2/jakarta.xml.bind-api-4.0.2.jar
#27 166.8 [INFO] Downloading from jboss-https: https://repository.jboss.org/nexus/content/groups/public-jboss/org/glassfish/jaxb/jaxb-runtime/4.0.5/jaxb-runtime-4.0.5.jar
#27 166.8 [INFO] Downloading from jboss-https: https://repository.jboss.org/nexus/content/groups/public-jboss/com/auth0/java-jwt/3.10.2/java-jwt-3.10.2.jar
#27 166.9 [INFO] Downloading from jboss-https: https://repository.jboss.org/nexus/content/groups/public-jboss/com/squareup/okhttp3/okhttp/5.2.1/okhttp-5.2.1.jar
#27 167.0 [INFO] Downloading from jboss-https: https://repository.jboss.org/nexus/content/groups/public-jboss/org/jetbrains/kotlin/kotlin-stdlib/2.2.20/kotlin-stdlib-2.2.20.jar
#27 167.1 [INFO] Downloading from jboss-https: https://repository.jboss.org/nexus/content/groups/public-jboss/org/jetbrains/annotations/13.0/annotations-13.0.jar
#27 167.1 [INFO] Downloading from jboss-https: https://repository.jboss.org/nexus/content/groups/public-jboss/com/squareup/okio/okio/3.16.1/okio-3.16.1.jar
#27 167.1 [INFO] Downloading from jboss-https: https://repository.jboss.org/nexus/content/groups/public-jboss/com/squareup/okio/okio-jvm/3.16.1/okio-jvm-3.16.1.jar
#27 167.3 [INFO] Downloading from jboss-https: https://repository.jboss.org/nexus/content/groups/public-jboss/com/squareup/okhttp3/logging-interceptor/5.2.1/logging-interceptor-5.2.1.jar
#27 167.4 [INFO] Downloading from jboss-https: https://repository.jboss.org/nexus/content/groups/public-jboss/com/squareup/okhttp3/okhttp-jvm/5.2.1/okhttp-jvm-5.2.1.jar
#27 167.4 [INFO] Downloading from jboss-https: https://repository.jboss.org/nexus/content/groups/public-jboss/software/amazon/awssdk/s3/2.25.21/s3-2.25.21.jar
#27 167.4 [INFO] Downloading from jboss-https: https://repository.jboss.org/nexus/content/groups/public-jboss/software/amazon/awssdk/aws-xml-protocol/2.25.21/aws-xml-protocol-2.25.21.jar
#27 167.5 [INFO] Downloading from jboss-https: https://repository.jboss.org/nexus/content/groups/public-jboss/software/amazon/awssdk/aws-query-protocol/2.25.21/aws-query-protocol-2.25.21.jar
#27 167.6 [INFO] Downloading from jboss-https: https://repository.jboss.org/nexus/content/groups/public-jboss/software/amazon/awssdk/arns/2.25.21/arns-2.25.21.jar
#27 167.7 [INFO] Downloading from jboss-https: https://repository.jboss.org/nexus/content/groups/public-jboss/software/amazon/awssdk/protocol-core/2.25.21/protocol-core-2.25.21.jar
#27 167.7 [INFO] Downloading from jboss-https: https://repository.jboss.org/nexus/content/groups/public-jboss/software/amazon/awssdk/profiles/2.25.21/profiles-2.25.21.jar
#27 167.7 [INFO] Downloading from jboss-https: https://repository.jboss.org/nexus/content/groups/public-jboss/software/amazon/awssdk/crt-core/2.25.21/crt-core-2.25.21.jar
#27 167.9 [INFO] Downloading from jboss-https: https://repository.jboss.org/nexus/content/groups/public-jboss/software/amazon/awssdk/http-auth/2.25.21/http-auth-2.25.21.jar
#27 167.9 [INFO] Downloading from jboss-https: https://repository.jboss.org/nexus/content/groups/public-jboss/software/amazon/awssdk/identity-spi/2.25.21/identity-spi-2.25.21.jar
#27 168.0 [INFO] Downloading from jboss-https: https://repository.jboss.org/nexus/content/groups/public-jboss/software/amazon/awssdk/http-auth-spi/2.25.21/http-auth-spi-2.25.21.jar
#27 168.0 [INFO] Downloading from jboss-https: https://repository.jboss.org/nexus/content/groups/public-jboss/software/amazon/awssdk/http-auth-aws/2.25.21/http-auth-aws-2.25.21.jar
#27 168.0 [INFO] Downloading from jboss-https: https://repository.jboss.org/nexus/content/groups/public-jboss/software/amazon/awssdk/checksums/2.25.21/checksums-2.25.21.jar
#27 168.2 [INFO] Downloading from jboss-https: https://repository.jboss.org/nexus/content/groups/public-jboss/software/amazon/awssdk/checksums-spi/2.25.21/checksums-spi-2.25.21.jar
#27 168.2 [INFO] Downloading from jboss-https: https://repository.jboss.org/nexus/content/groups/public-jboss/software/amazon/awssdk/annotations/2.25.21/annotations-2.25.21.jar
#27 168.2 [INFO] Downloading from jboss-https: https://repository.jboss.org/nexus/content/groups/public-jboss/software/amazon/awssdk/metrics-spi/2.25.21/metrics-spi-2.25.21.jar
#27 168.3 [INFO] Downloading from jboss-https: https://repository.jboss.org/nexus/content/groups/public-jboss/software/amazon/awssdk/json-utils/2.25.21/json-utils-2.25.21.jar
#27 168.4 [INFO] Downloading from jboss-https: https://repository.jboss.org/nexus/content/groups/public-jboss/software/amazon/awssdk/third-party-jackson-core/2.25.21/third-party-jackson-core-2.25.21.jar
#27 168.5 [INFO] Downloading from jboss-https: https://repository.jboss.org/nexus/content/groups/public-jboss/software/amazon/awssdk/endpoints-spi/2.25.21/endpoints-spi-2.25.21.jar
#27 168.5 [INFO] Downloading from jboss-https: https://repository.jboss.org/nexus/content/groups/public-jboss/software/amazon/awssdk/apache-client/2.25.21/apache-client-2.25.21.jar
#27 168.5 [INFO] Downloading from jboss-https: https://repository.jboss.org/nexus/content/groups/public-jboss/org/apache/httpcomponents/httpclient/4.5.14/httpclient-4.5.14.jar
#27 168.6 [INFO] Downloading from jboss-https: https://repository.jboss.org/nexus/content/groups/public-jboss/software/amazon/awssdk/netty-nio-client/2.25.21/netty-nio-client-2.25.21.jar
#27 168.7 [INFO] Downloading from jboss-https: https://repository.jboss.org/nexus/content/groups/public-jboss/io/netty/netty-codec-http/4.1.108.Final/netty-codec-http-4.1.108.Final.jar
#27 168.8 [INFO] Downloading from jboss-https: https://repository.jboss.org/nexus/content/groups/public-jboss/io/netty/netty-codec-http2/4.1.108.Final/netty-codec-http2-4.1.108.Final.jar
#27 168.8 [INFO] Downloading from jboss-https: https://repository.jboss.org/nexus/content/groups/public-jboss/io/netty/netty-codec/4.1.108.Final/netty-codec-4.1.108.Final.jar
#27 168.8 [INFO] Downloading from jboss-https: https://repository.jboss.org/nexus/content/groups/public-jboss/io/netty/netty-transport/4.1.108.Final/netty-transport-4.1.108.Final.jar
#27 168.9 [INFO] Downloading from jboss-https: https://repository.jboss.org/nexus/content/groups/public-jboss/io/netty/netty-common/4.1.108.Final/netty-common-4.1.108.Final.jar
#27 169.0 [INFO] Downloading from jboss-https: https://repository.jboss.org/nexus/content/groups/public-jboss/io/netty/netty-buffer/4.1.108.Final/netty-buffer-4.1.108.Final.jar
#27 169.1 [INFO] Downloading from jboss-https: https://repository.jboss.org/nexus/content/groups/public-jboss/io/netty/netty-handler/4.1.108.Final/netty-handler-4.1.108.Final.jar
#27 169.1 [INFO] Downloading from jboss-https: https://repository.jboss.org/nexus/content/groups/public-jboss/io/netty/netty-transport-native-unix-common/4.1.108.Final/netty-transport-native-unix-common-4.1.108.Final.jar
#27 169.1 [INFO] Downloading from jboss-https: https://repository.jboss.org/nexus/content/groups/public-jboss/io/netty/netty-transport-classes-epoll/4.1.108.Final/netty-transport-classes-epoll-4.1.108.Final.jar
#27 169.2 [INFO] Downloading from jboss-https: https://repository.jboss.org/nexus/content/groups/public-jboss/io/netty/netty-resolver/4.1.108.Final/netty-resolver-4.1.108.Final.jar
#27 169.3 [INFO] Downloading from jboss-https: https://repository.jboss.org/nexus/content/groups/public-jboss/software/amazon/awssdk/auth/2.25.21/auth-2.25.21.jar
#27 169.4 [INFO] Downloading from jboss-https: https://repository.jboss.org/nexus/content/groups/public-jboss/software/amazon/eventstream/eventstream/1.0.1/eventstream-1.0.1.jar
#27 169.5 [INFO] Downloading from jboss-https: https://repository.jboss.org/nexus/content/groups/public-jboss/software/amazon/awssdk/aws-core/2.25.21/aws-core-2.25.21.jar
#27 169.5 [INFO] Downloading from jboss-https: https://repository.jboss.org/nexus/content/groups/public-jboss/software/amazon/awssdk/http-client-spi/2.25.21/http-client-spi-2.25.21.jar
#27 169.5 [INFO] Downloading from jboss-https: https://repository.jboss.org/nexus/content/groups/public-jboss/org/reactivestreams/reactive-streams/1.0.4/reactive-streams-1.0.4.jar
#27 169.6 [INFO] Downloading from jboss-https: https://repository.jboss.org/nexus/content/groups/public-jboss/software/amazon/awssdk/regions/2.25.21/regions-2.25.21.jar
#27 169.7 [INFO] Downloading from jboss-https: https://repository.jboss.org/nexus/content/groups/public-jboss/software/amazon/awssdk/sdk-core/2.25.21/sdk-core-2.25.21.jar
#27 169.8 [INFO] Downloading from jboss-https: https://repository.jboss.org/nexus/content/groups/public-jboss/software/amazon/awssdk/utils/2.25.21/utils-2.25.21.jar
#27 170.1 [INFO] Downloading from jboss-https: https://repository.jboss.org/nexus/content/groups/public-jboss/software/amazon/awssdk/url-connection-client/2.25.21/url-connection-client-2.25.21.jar
#27 170.1 [INFO] Downloading from jboss-https: https://repository.jboss.org/nexus/content/groups/public-jboss/org/yaml/snakeyaml/2.2/snakeyaml-2.2.jar
#27 170.1 [INFO] Downloading from jboss-https: https://repository.jboss.org/nexus/content/groups/public-jboss/org/eclipse/microprofile/config/microprofile-config-api/3.1/microprofile-config-api-3.1.jar
#27 170.2 [INFO] Downloading from jboss-https: https://repository.jboss.org/nexus/content/groups/public-jboss/jakarta/enterprise/concurrent/jakarta.enterprise.concurrent-api/3.0.3/jakarta.enterprise.concurrent-api-3.0.3.jar
#27 170.2 [INFO] Downloading from jboss-https: https://repository.jboss.org/nexus/content/groups/public-jboss/jakarta/mail/jakarta.mail-api/2.1.3/jakarta.mail-api-2.1.3.jar
#27 170.3 [INFO] Downloading from jboss-https: https://repository.jboss.org/nexus/content/groups/public-jboss/org/jboss/logmanager/jboss-logmanager/3.1.2.Final/jboss-logmanager-3.1.2.Final.jar
#27 170.3 [INFO] Downloading from jboss-https: https://repository.jboss.org/nexus/content/groups/public-jboss/org/jboss/modules/jboss-modules/2.1.6.Final/jboss-modules-2.1.6.Final.jar
#27 170.4 [INFO] Downloading from jboss-https: https://repository.jboss.org/nexus/content/groups/public-jboss/io/smallrye/common/smallrye-common-constraint/2.2.0/smallrye-common-constraint-2.2.0.jar
#27 170.5 [INFO] Downloading from jboss-https: https://repository.jboss.org/nexus/content/groups/public-jboss/io/smallrye/common/smallrye-common-cpu/2.2.0/smallrye-common-cpu-2.2.0.jar
#27 170.6 [INFO] Downloading from jboss-https: https://repository.jboss.org/nexus/content/groups/public-jboss/io/smallrye/common/smallrye-common-expression/2.2.0/smallrye-common-expression-2.2.0.jar
#27 170.8 [INFO] Downloading from jboss-https: https://repository.jboss.org/nexus/content/groups/public-jboss/io/smallrye/common/smallrye-common-function/2.2.0/smallrye-common-function-2.2.0.jar
#27 170.8 [INFO] Downloaded from jboss-https: https://repository.jboss.org/nexus/content/groups/public-jboss/org/jboss/logmanager/jboss-logmanager/3.1.2.Final/jboss-logmanager-3.1.2.Final.jar (809 kB at 109 kB/s)
#27 170.8 [INFO] Downloading from jboss-https: https://repository.jboss.org/nexus/content/groups/public-jboss/io/smallrye/common/smallrye-common-net/2.2.0/smallrye-common-net-2.2.0.jar
#27 170.8 [INFO] Downloading from jboss-https: https://repository.jboss.org/nexus/content/groups/public-jboss/io/smallrye/common/smallrye-common-os/2.2.0/smallrye-common-os-2.2.0.jar
#27 170.8 [INFO] Downloading from jboss-https: https://repository.jboss.org/nexus/content/groups/public-jboss/io/smallrye/common/smallrye-common-ref/2.2.0/smallrye-common-ref-2.2.0.jar
#27 171.1 [INFO] Downloading from jboss-https: https://repository.jboss.org/nexus/content/groups/public-jboss/jakarta/json/jakarta.json-api/2.1.3/jakarta.json-api-2.1.3.jar
#27 171.1 [INFO] Downloading from jboss-https: https://repository.jboss.org/nexus/content/groups/public-jboss/org/eclipse/parsson/parsson/1.1.7/parsson-1.1.7.jar
#27 171.1 [INFO] Downloading from jboss-https: https://repository.jboss.org/nexus/content/groups/public-jboss/org/jboss/ejb3/jboss-ejb3-ext-api/2.3.0.Final/jboss-ejb3-ext-api-2.3.0.Final.jar
#27 171.2 [INFO] Downloaded from jboss-https: https://repository.jboss.org/nexus/content/groups/public-jboss/org/jboss/modules/jboss-modules/2.1.6.Final/jboss-modules-2.1.6.Final.jar (440 kB at 56 kB/s)
#27 171.2 [INFO] Downloading from jboss-https: https://repository.jboss.org/nexus/content/groups/public-jboss/io/agroal/agroal-api/1.16/agroal-api-1.16.jar
#27 171.2 [INFO] Downloading from jboss-https: https://repository.jboss.org/nexus/content/groups/public-jboss/io/micrometer/micrometer-core/1.12.5/micrometer-core-1.12.5.jar
#27 171.4 [INFO] Downloading from jboss-https: https://repository.jboss.org/nexus/content/groups/public-jboss/io/micrometer/micrometer-commons/1.12.5/micrometer-commons-1.12.5.jar
#27 171.4 [INFO] Downloading from jboss-https: https://repository.jboss.org/nexus/content/groups/public-jboss/io/micrometer/micrometer-observation/1.12.5/micrometer-observation-1.12.5.jar
#27 171.6 [INFO] Downloading from jboss-https: https://repository.jboss.org/nexus/content/groups/public-jboss/org/hdrhistogram/HdrHistogram/2.1.12/HdrHistogram-2.1.12.jar
#27 171.6 [INFO] Downloaded from jboss-https: https://repository.jboss.org/nexus/content/groups/public-jboss/org/jboss/ejb3/jboss-ejb3-ext-api/2.3.0.Final/jboss-ejb3-ext-api-2.3.0.Final.jar (8.0 kB at 971 B/s)
#27 171.6 [INFO] Downloading from jboss-https: https://repository.jboss.org/nexus/content/groups/public-jboss/org/latencyutils/LatencyUtils/2.0.3/LatencyUtils-2.0.3.jar
#27 171.8 [INFO] Downloading from jboss-https: https://repository.jboss.org/nexus/content/groups/public-jboss/org/hibernate/common/hibernate-commons-annotations/7.0.3.Final/hibernate-commons-annotations-7.0.3.Final.jar
#27 171.8 [INFO] Downloaded from jboss-https: https://repository.jboss.org/nexus/content/groups/public-jboss/io/agroal/agroal-api/1.16/agroal-api-1.16.jar (58 kB at 6.8 kB/s)
#27 171.8 [INFO] Downloading from jboss-https: https://repository.jboss.org/nexus/content/groups/public-jboss/io/smallrye/jandex/3.2.3/jandex-3.2.3.jar
#27 171.9 [INFO] Downloading from jboss-https: https://repository.jboss.org/nexus/content/groups/public-jboss/net/bytebuddy/byte-buddy/1.14.18/byte-buddy-1.14.18.jar
#27 171.9 [INFO] Downloading from jboss-https: https://repository.jboss.org/nexus/content/groups/public-jboss/org/mockito/mockito-core/5.11.0/mockito-core-5.11.0.jar
#27 171.9 [INFO] Downloading from jboss-https: https://repository.jboss.org/nexus/content/groups/public-jboss/net/bytebuddy/byte-buddy-agent/1.14.12/byte-buddy-agent-1.14.12.jar
#27 172.1 [INFO] Downloading from jboss-https: https://repository.jboss.org/nexus/content/groups/public-jboss/org/objenesis/objenesis/3.3/objenesis-3.3.jar
#27 172.2 [INFO] Downloading from jboss-https: https://repository.jboss.org/nexus/content/groups/public-jboss/org/mockito/mockito-junit-jupiter/5.11.0/mockito-junit-jupiter-5.11.0.jar
#27 172.2 [INFO] Downloading from jboss-https: https://repository.jboss.org/nexus/content/groups/public-jboss/org/assertj/assertj-core/3.25.3/assertj-core-3.25.3.jar
#27 172.2 [INFO] Downloading from jboss-https: https://repository.jboss.org/nexus/content/groups/public-jboss/org/glassfish/jersey/core/jersey-common/3.1.5/jersey-common-3.1.5.jar
#27 172.2 [INFO] Downloading from jboss-https: https://repository.jboss.org/nexus/content/groups/public-jboss/org/glassfish/hk2/osgi-resource-locator/1.0.3/osgi-resource-locator-1.0.3.jar
#27 172.4 [INFO] Downloading from jboss-https: https://repository.jboss.org/nexus/content/groups/public-jboss/org/flywaydb/flyway-core/10.17.3/flyway-core-10.17.3.jar
#27 172.5 [INFO] Downloading from jboss-https: https://repository.jboss.org/nexus/content/groups/public-jboss/com/fasterxml/jackson/dataformat/jackson-dataformat-toml/2.15.2/jackson-dataformat-toml-2.15.2.jar
#27 172.5 [INFO] Downloading from jboss-https: https://repository.jboss.org/nexus/content/groups/public-jboss/org/flywaydb/flyway-database-postgresql/10.17.3/flyway-database-postgresql-10.17.3.jar
#27 172.5 [INFO] Downloading from jboss-https: https://repository.jboss.org/nexus/content/groups/public-jboss/io/zonky/test/embedded-postgres/2.1.0/embedded-postgres-2.1.0.jar
#27 172.6 [INFO] Downloading from jboss-https: https://repository.jboss.org/nexus/content/groups/public-jboss/io/zonky/test/postgres/embedded-postgres-binaries-windows-amd64/14.15.0/embedded-postgres-binaries-windows-amd64-14.15.0.jar
#27 172.7 [INFO] Downloading from jboss-https: https://repository.jboss.org/nexus/content/groups/public-jboss/io/zonky/test/postgres/embedded-postgres-binaries-darwin-amd64/14.15.0/embedded-postgres-binaries-darwin-amd64-14.15.0.jar
#27 172.8 [INFO] Downloading from jboss-https: https://repository.jboss.org/nexus/content/groups/public-jboss/io/zonky/test/postgres/embedded-postgres-binaries-linux-amd64/14.15.0/embedded-postgres-binaries-linux-amd64-14.15.0.jar
#27 172.8 [INFO] Downloading from jboss-https: https://repository.jboss.org/nexus/content/groups/public-jboss/io/zonky/test/postgres/embedded-postgres-binaries-linux-amd64-alpine/14.15.0/embedded-postgres-binaries-linux-amd64-alpine-14.15.0.jar
#27 172.9 [INFO] Downloading from jboss-https: https://repository.jboss.org/nexus/content/groups/public-jboss/org/apache/commons/commons-compress/1.26.2/commons-compress-1.26.2.jar
#27 173.0 [INFO] Downloading from jboss-https: https://repository.jboss.org/nexus/content/groups/public-jboss/org/tukaani/xz/1.10/xz-1.10.jar
#27 173.3 [INFO] Downloading from central: https://repo.maven.apache.org/maven2/commons-codec/commons-codec/1.17.1/commons-codec-1.17.1.jar
#27 173.4 [INFO] Downloaded from central: https://repo.maven.apache.org/maven2/commons-codec/commons-codec/1.17.1/commons-codec-1.17.1.jar (373 kB at 10 MB/s)
#27 173.4 [INFO] Downloading from central: https://repo.maven.apache.org/maven2/jakarta/servlet/jsp/jakarta.servlet.jsp-api/3.1.1/jakarta.servlet.jsp-api-3.1.1.jar
#27 173.4 [INFO] Downloading from central: https://repo.maven.apache.org/maven2/jakarta/servlet/jsp/jstl/jakarta.servlet.jsp.jstl-api/3.0.2/jakarta.servlet.jsp.jstl-api-3.0.2.jar
#27 173.4 [INFO] Downloading from central: https://repo.maven.apache.org/maven2/jakarta/websocket/jakarta.websocket-api/2.1.1/jakarta.websocket-api-2.1.1.jar
#27 173.4 [INFO] Downloading from central: https://repo.maven.apache.org/maven2/jakarta/websocket/jakarta.websocket-client-api/2.1.1/jakarta.websocket-client-api-2.1.1.jar
#27 173.4 [INFO] Downloading from central: https://repo.maven.apache.org/maven2/jakarta/json/bind/jakarta.json.bind-api/3.0.1/jakarta.json.bind-api-3.0.1.jar
#27 173.4 [INFO] Downloaded from central: https://repo.maven.apache.org/maven2/jakarta/servlet/jsp/jstl/jakarta.servlet.jsp.jstl-api/3.0.2/jakarta.servlet.jsp.jstl-api-3.0.2.jar (46 kB at 2.0 MB/s)
#27 173.4 [INFO] Downloading from central: https://repo.maven.apache.org/maven2/jakarta/activation/jakarta.activation-api/2.1.3/jakarta.activation-api-2.1.3.jar
#27 173.4 [INFO] Downloaded from central: https://repo.maven.apache.org/maven2/jakarta/websocket/jakarta.websocket-api/2.1.1/jakarta.websocket-api-2.1.1.jar (24 kB at 954 kB/s)
#27 173.4 [INFO] Downloading from central: https://repo.maven.apache.org/maven2/org/eclipse/angus/angus-activation/2.0.2/angus-activation-2.0.2.jar
#27 173.4 [INFO] Downloaded from central: https://repo.maven.apache.org/maven2/jakarta/servlet/jsp/jakarta.servlet.jsp-api/3.1.1/jakarta.servlet.jsp-api-3.1.1.jar (71 kB at 2.5 MB/s)
#27 173.4 [INFO] Downloading from central: https://repo.maven.apache.org/maven2/com/ibm/async/asyncutil/0.1.0/asyncutil-0.1.0.jar
#27 173.4 [INFO] Downloaded from central: https://repo.maven.apache.org/maven2/jakarta/json/bind/jakarta.json.bind-api/3.0.1/jakarta.json.bind-api-3.0.1.jar (38 kB at 1.2 MB/s)
#27 173.4 [INFO] Downloading from central: https://repo.maven.apache.org/maven2/org/glassfish/jaxb/codemodel/4.0.5/codemodel-4.0.5.jar
#27 173.4 [INFO] Downloaded from central: https://repo.maven.apache.org/maven2/jakarta/websocket/jakarta.websocket-client-api/2.1.1/jakarta.websocket-client-api-2.1.1.jar (43 kB at 1.3 MB/s)
#27 173.4 [INFO] Downloading from central: https://repo.maven.apache.org/maven2/org/glassfish/jaxb/jaxb-core/4.0.5/jaxb-core-4.0.5.jar
#27 173.4 [INFO] Downloaded from central: https://repo.maven.apache.org/maven2/jakarta/activation/jakarta.activation-api/2.1.3/jakarta.activation-api-2.1.3.jar (67 kB at 1.6 MB/s)
#27 173.4 [INFO] Downloading from central: https://repo.maven.apache.org/maven2/org/glassfish/jaxb/jaxb-jxc/4.0.5/jaxb-jxc-4.0.5.jar
#27 173.4 [INFO] Downloaded from central: https://repo.maven.apache.org/maven2/org/eclipse/angus/angus-activation/2.0.2/angus-activation-2.0.2.jar (27 kB at 601 kB/s)
#27 173.4 [INFO] Downloading from central: https://repo.maven.apache.org/maven2/org/glassfish/jaxb/txw2/4.0.5/txw2-4.0.5.jar
#27 173.4 [INFO] Downloaded from central: https://repo.maven.apache.org/maven2/com/ibm/async/asyncutil/0.1.0/asyncutil-0.1.0.jar (120 kB at 1.8 MB/s)
#27 173.4 [INFO] Downloading from central: https://repo.maven.apache.org/maven2/org/glassfish/jaxb/jaxb-xjc/4.0.5/jaxb-xjc-4.0.5.jar
#27 173.4 [INFO] Downloaded from central: https://repo.maven.apache.org/maven2/org/glassfish/jaxb/jaxb-jxc/4.0.5/jaxb-jxc-4.0.5.jar (115 kB at 1.5 MB/s)
#27 173.4 [INFO] Downloaded from central: https://repo.maven.apache.org/maven2/org/glassfish/jaxb/codemodel/4.0.5/codemodel-4.0.5.jar (169 kB at 2.2 MB/s)
#27 173.4 [INFO] Downloading from central: https://repo.maven.apache.org/maven2/org/glassfish/jaxb/xsom/4.0.5/xsom-4.0.5.jar
#27 173.4 [INFO] Downloading from central: https://repo.maven.apache.org/maven2/com/sun/istack/istack-commons-runtime/4.1.2/istack-commons-runtime-4.1.2.jar
#27 173.4 [INFO] Downloaded from central: https://repo.maven.apache.org/maven2/org/glassfish/jaxb/jaxb-core/4.0.5/jaxb-core-4.0.5.jar (139 kB at 1.8 MB/s)
#27 173.4 [INFO] Downloading from central: https://repo.maven.apache.org/maven2/com/sun/istack/istack-commons-tools/4.1.2/istack-commons-tools-4.1.2.jar
#27 173.4 [INFO] Downloaded from central: https://repo.maven.apache.org/maven2/org/glassfish/jaxb/txw2/4.0.5/txw2-4.0.5.jar (73 kB at 927 kB/s)
#27 173.4 [INFO] Downloading from central: https://repo.maven.apache.org/maven2/com/sun/xml/bind/external/relaxng-datatype/4.0.5/relaxng-datatype-4.0.5.jar
#27 173.5 [INFO] Downloaded from central: https://repo.maven.apache.org/maven2/com/sun/istack/istack-commons-runtime/4.1.2/istack-commons-runtime-4.1.2.jar (26 kB at 213 kB/s)
#27 173.5 [INFO] Downloading from central: https://repo.maven.apache.org/maven2/com/sun/xml/bind/external/rngom/4.0.5/rngom-4.0.5.jar
#27 173.5 [INFO] Downloaded from central: https://repo.maven.apache.org/maven2/org/glassfish/jaxb/jaxb-xjc/4.0.5/jaxb-xjc-4.0.5.jar (918 kB at 6.8 MB/s)
#27 173.5 [INFO] Downloading from central: https://repo.maven.apache.org/maven2/org/eclipse/angus/angus-mail/2.0.3/angus-mail-2.0.3.jar
#27 173.5 [INFO] Downloaded from central: https://repo.maven.apache.org/maven2/com/sun/istack/istack-commons-tools/4.1.2/istack-commons-tools-4.1.2.jar (23 kB at 136 kB/s)
#27 173.5 [INFO] Downloading from central: https://repo.maven.apache.org/maven2/org/apache/james/apache-mime4j-dom/0.8.12/apache-mime4j-dom-0.8.12.jar
#27 173.5 [INFO] Downloaded from central: https://repo.maven.apache.org/maven2/com/sun/xml/bind/external/relaxng-datatype/4.0.5/relaxng-datatype-4.0.5.jar (20 kB at 115 kB/s)
#27 173.5 [INFO] Downloading from central: https://repo.maven.apache.org/maven2/org/apache/james/apache-mime4j-core/0.8.12/apache-mime4j-core-0.8.12.jar
#27 173.7 [INFO] Downloaded from central: https://repo.maven.apache.org/maven2/org/apache/james/apache-mime4j-dom/0.8.12/apache-mime4j-dom-0.8.12.jar (354 kB at 1.2 MB/s)
#27 173.7 [INFO] Downloading from central: https://repo.maven.apache.org/maven2/org/apache/james/apache-mime4j-storage/0.8.12/apache-mime4j-storage-0.8.12.jar
#27 173.7 [INFO] Downloaded from central: https://repo.maven.apache.org/maven2/org/apache/james/apache-mime4j-core/0.8.12/apache-mime4j-core-0.8.12.jar (123 kB at 392 kB/s)
#27 173.7 [INFO] Downloading from central: https://repo.maven.apache.org/maven2/commons-io/commons-io/2.16.1/commons-io-2.16.1.jar
#27 173.7 [INFO] Downloaded from central: https://repo.maven.apache.org/maven2/org/eclipse/angus/angus-mail/2.0.3/angus-mail-2.0.3.jar (499 kB at 1.5 MB/s)
#27 173.7 [INFO] Downloading from central: https://repo.maven.apache.org/maven2/org/apache/commons/commons-lang3/3.17.0/commons-lang3-3.17.0.jar
#27 173.7 [INFO] Downloaded from central: https://repo.maven.apache.org/maven2/org/apache/james/apache-mime4j-storage/0.8.12/apache-mime4j-storage-0.8.12.jar (31 kB at 94 kB/s)
#27 173.7 [INFO] Downloading from central: https://repo.maven.apache.org/maven2/org/jdom/jdom/1.1.3/jdom-1.1.3.jar
#27 173.7 [INFO] Downloaded from central: https://repo.maven.apache.org/maven2/commons-io/commons-io/2.16.1/commons-io-2.16.1.jar (509 kB at 1.4 MB/s)
#27 173.7 [INFO] Downloading from central: https://repo.maven.apache.org/maven2/com/fasterxml/jackson/dataformat/jackson-dataformat-xml/2.15.4/jackson-dataformat-xml-2.15.4.jar
#27 173.7 [INFO] Downloaded from central: https://repo.maven.apache.org/maven2/org/glassfish/jaxb/xsom/4.0.5/xsom-4.0.5.jar (425 kB at 1.1 MB/s)
#27 173.7 [INFO] Downloading from central: https://repo.maven.apache.org/maven2/org/codehaus/woodstox/stax2-api/4.2.2/stax2-api-4.2.2.jar
#27 173.7 [INFO] Downloaded from central: https://repo.maven.apache.org/maven2/org/apache/commons/commons-lang3/3.17.0/commons-lang3-3.17.0.jar (674 kB at 1.8 MB/s)
#27 173.7 [INFO] Downloading from central: https://repo.maven.apache.org/maven2/com/fasterxml/woodstox/woodstox-core/7.0.0/woodstox-core-7.0.0.jar
#27 173.7 [INFO] Downloaded from central: https://repo.maven.apache.org/maven2/com/fasterxml/jackson/dataformat/jackson-dataformat-xml/2.15.4/jackson-dataformat-xml-2.15.4.jar (126 kB at 325 kB/s)
#27 173.7 [INFO] Downloading from central: https://repo.maven.apache.org/maven2/com/fasterxml/jackson/datatype/jackson-datatype-jdk8/2.15.4/jackson-datatype-jdk8-2.15.4.jar
#27 173.8 [INFO] Downloaded from central: https://repo.maven.apache.org/maven2/org/jdom/jdom/1.1.3/jdom-1.1.3.jar (151 kB at 374 kB/s)
#27 173.8 [INFO] Downloading from central: https://repo.maven.apache.org/maven2/com/fasterxml/jackson/dataformat/jackson-dataformat-cbor/2.15.4/jackson-dataformat-cbor-2.15.4.jar
#27 173.8 [INFO] Downloaded from central: https://repo.maven.apache.org/maven2/com/fasterxml/jackson/datatype/jackson-datatype-jdk8/2.15.4/jackson-datatype-jdk8-2.15.4.jar (36 kB at 88 kB/s)
#27 173.8 [INFO] Downloading from central: https://repo.maven.apache.org/maven2/com/fasterxml/jackson/jakarta/rs/jackson-jakarta-rs-json-provider/2.15.4/jackson-jakarta-rs-json-provider-2.15.4.jar
#27 173.8 [INFO] Downloaded from central: https://repo.maven.apache.org/maven2/com/fasterxml/jackson/jakarta/rs/jackson-jakarta-rs-json-provider/2.15.4/jackson-jakarta-rs-json-provider-2.15.4.jar (17 kB at 40 kB/s)
#27 173.8 [INFO] Downloading from central: https://repo.maven.apache.org/maven2/com/fasterxml/jackson/jakarta/rs/jackson-jakarta-rs-base/2.18.2/jackson-jakarta-rs-base-2.18.2.jar
#27 173.8 [INFO] Downloaded from central: https://repo.maven.apache.org/maven2/org/codehaus/woodstox/stax2-api/4.2.2/stax2-api-4.2.2.jar (196 kB at 450 kB/s)
#27 173.8 [INFO] Downloading from central: https://repo.maven.apache.org/maven2/com/fasterxml/jackson/module/jackson-module-jakarta-xmlbind-annotations/2.18.2/jackson-module-jakarta-xmlbind-annotations-2.18.2.jar
#27 173.8 [INFO] Downloaded from central: https://repo.maven.apache.org/maven2/com/fasterxml/woodstox/woodstox-core/7.0.0/woodstox-core-7.0.0.jar (1.6 MB at 3.6 MB/s)
#27 173.8 [INFO] Downloading from central: https://repo.maven.apache.org/maven2/com/googlecode/jsontoken/jsontoken/1.1/jsontoken-1.1.jar
#27 173.8 [INFO] Downloaded from central: https://repo.maven.apache.org/maven2/com/fasterxml/jackson/module/jackson-module-jakarta-xmlbind-annotations/2.18.2/jackson-module-jakarta-xmlbind-annotations-2.18.2.jar (32 kB at 71 kB/s)
#27 173.8 [INFO] Downloading from central: https://repo.maven.apache.org/maven2/com/google/code/gson/gson/2.8.9/gson-2.8.9.jar
#27 173.8 [INFO] Downloaded from central: https://repo.maven.apache.org/maven2/com/fasterxml/jackson/dataformat/jackson-dataformat-cbor/2.15.4/jackson-dataformat-cbor-2.15.4.jar (70 kB at 152 kB/s)
#27 173.8 [INFO] Downloading from central: https://repo.maven.apache.org/maven2/com/google/collections/google-collections/1.0/google-collections-1.0.jar
#27 173.8 [INFO] Downloaded from central: https://repo.maven.apache.org/maven2/com/sun/xml/bind/external/rngom/4.0.5/rngom-4.0.5.jar (315 kB at 666 kB/s)
#27 173.8 [INFO] Downloading from central: https://repo.maven.apache.org/maven2/joda-time/joda-time/1.6/joda-time-1.6.jar
#27 173.9 [INFO] Downloaded from central: https://repo.maven.apache.org/maven2/com/google/collections/google-collections/1.0/google-collections-1.0.jar (640 kB at 1.3 MB/s)
#27 173.9 [INFO] Downloading from central: https://repo.maven.apache.org/maven2/javax/servlet/servlet-api/2.5/servlet-api-2.5.jar
#27 173.9 [INFO] Downloaded from central: https://repo.maven.apache.org/maven2/javax/servlet/servlet-api/2.5/servlet-api-2.5.jar (105 kB at 195 kB/s)
#27 173.9 [INFO] Downloading from central: https://repo.maven.apache.org/maven2/org/apache/httpcomponents/httpcore/4.4.16/httpcore-4.4.16.jar
#27 173.9 [INFO] Downloaded from central: https://repo.maven.apache.org/maven2/com/fasterxml/jackson/jakarta/rs/jackson-jakarta-rs-base/2.18.2/jackson-jakarta-rs-base-2.18.2.jar (33 kB at 60 kB/s)
#27 173.9 [INFO] Downloading from central: https://repo.maven.apache.org/maven2/com/plivo/plivo-java/5.46.0/plivo-java-5.46.0.jar
#27 173.9 [INFO] Downloaded from central: https://repo.maven.apache.org/maven2/com/google/code/gson/gson/2.8.9/gson-2.8.9.jar (258 kB at 475 kB/s)
#27 173.9 [INFO] Downloading from central: https://repo.maven.apache.org/maven2/com/squareup/retrofit2/converter-jackson/2.2.0/converter-jackson-2.2.0.jar
#27 173.9 [INFO] Downloaded from central: https://repo.maven.apache.org/maven2/com/googlecode/jsontoken/jsontoken/1.1/jsontoken-1.1.jar (41 kB at 74 kB/s)
#27 173.9 [INFO] Downloading from central: https://repo.maven.apache.org/maven2/com/squareup/retrofit2/retrofit/2.2.0/retrofit-2.2.0.jar
#27 173.9 [INFO] Downloaded from central: https://repo.maven.apache.org/maven2/com/squareup/retrofit2/converter-jackson/2.2.0/converter-jackson-2.2.0.jar (5.2 kB at 9.3 kB/s)
#27 173.9 [INFO] Downloading from central: https://repo.maven.apache.org/maven2/jakarta/xml/bind/jakarta.xml.bind-api/4.0.2/jakarta.xml.bind-api-4.0.2.jar
#27 173.9 [INFO] Downloaded from central: https://repo.maven.apache.org/maven2/org/apache/httpcomponents/httpcore/4.4.16/httpcore-4.4.16.jar (328 kB at 577 kB/s)
#27 173.9 [INFO] Downloading from central: https://repo.maven.apache.org/maven2/org/glassfish/jaxb/jaxb-runtime/4.0.5/jaxb-runtime-4.0.5.jar
#27 174.0 [INFO] Downloaded from central: https://repo.maven.apache.org/maven2/jakarta/xml/bind/jakarta.xml.bind-api/4.0.2/jakarta.xml.bind-api-4.0.2.jar (131 kB at 213 kB/s)
#27 174.0 [INFO] Downloading from central: https://repo.maven.apache.org/maven2/com/auth0/java-jwt/3.10.2/java-jwt-3.10.2.jar
#27 174.0 [INFO] Downloaded from central: https://repo.maven.apache.org/maven2/org/glassfish/jaxb/jaxb-runtime/4.0.5/jaxb-runtime-4.0.5.jar (920 kB at 1.5 MB/s)
#27 174.0 [INFO] Downloading from central: https://repo.maven.apache.org/maven2/com/squareup/okhttp3/okhttp/5.2.1/okhttp-5.2.1.jar
#27 174.0 [INFO] Downloaded from central: https://repo.maven.apache.org/maven2/com/squareup/okhttp3/okhttp/5.2.1/okhttp-5.2.1.jar (767 B at 1.2 kB/s)
#27 174.0 [INFO] Downloading from central: https://repo.maven.apache.org/maven2/org/jetbrains/kotlin/kotlin-stdlib/2.2.20/kotlin-stdlib-2.2.20.jar
#27 174.0 [INFO] Downloaded from central: https://repo.maven.apache.org/maven2/com/squareup/retrofit2/retrofit/2.2.0/retrofit-2.2.0.jar (88 kB at 137 kB/s)
#27 174.0 [INFO] Downloading from central: https://repo.maven.apache.org/maven2/org/jetbrains/annotations/13.0/annotations-13.0.jar
#27 174.0 [INFO] Downloaded from central: https://repo.maven.apache.org/maven2/com/auth0/java-jwt/3.10.2/java-jwt-3.10.2.jar (54 kB at 83 kB/s)
#27 174.0 [INFO] Downloading from central: https://repo.maven.apache.org/maven2/com/squareup/okio/okio/3.16.1/okio-3.16.1.jar
#27 174.0 [INFO] Downloaded from central: https://repo.maven.apache.org/maven2/org/jetbrains/annotations/13.0/annotations-13.0.jar (18 kB at 26 kB/s)
#27 174.0 [INFO] Downloading from central: https://repo.maven.apache.org/maven2/com/squareup/okio/okio-jvm/3.16.1/okio-jvm-3.16.1.jar
#27 174.1 [INFO] Downloaded from central: https://repo.maven.apache.org/maven2/com/squareup/okio/okio-jvm/3.16.1/okio-jvm-3.16.1.jar (383 kB at 546 kB/s)
#27 174.1 [INFO] Downloading from central: https://repo.maven.apache.org/maven2/com/squareup/okhttp3/logging-interceptor/5.2.1/logging-interceptor-5.2.1.jar
#27 174.1 [INFO] Downloaded from central: https://repo.maven.apache.org/maven2/joda-time/joda-time/1.6/joda-time-1.6.jar (535 kB at 750 kB/s)
#27 174.1 [INFO] Downloading from central: https://repo.maven.apache.org/maven2/com/squareup/okhttp3/okhttp-jvm/5.2.1/okhttp-jvm-5.2.1.jar
#27 174.1 [INFO] Downloaded from central: https://repo.maven.apache.org/maven2/org/jetbrains/kotlin/kotlin-stdlib/2.2.20/kotlin-stdlib-2.2.20.jar (1.8 MB at 2.4 MB/s)
#27 174.1 [INFO] Downloading from central: https://repo.maven.apache.org/maven2/software/amazon/awssdk/s3/2.25.21/s3-2.25.21.jar
#27 174.1 [INFO] Downloaded from central: https://repo.maven.apache.org/maven2/com/squareup/okhttp3/logging-interceptor/5.2.1/logging-interceptor-5.2.1.jar (20 kB at 27 kB/s)
#27 174.1 [INFO] Downloading from central: https://repo.maven.apache.org/maven2/software/amazon/awssdk/aws-xml-protocol/2.25.21/aws-xml-protocol-2.25.21.jar
#27 174.2 [INFO] Downloaded from central: https://repo.maven.apache.org/maven2/software/amazon/awssdk/aws-xml-protocol/2.25.21/aws-xml-protocol-2.25.21.jar (101 kB at 120 kB/s)
#27 174.2 [INFO] Downloading from central: https://repo.maven.apache.org/maven2/software/amazon/awssdk/aws-query-protocol/2.25.21/aws-query-protocol-2.25.21.jar
#27 174.2 [INFO] Downloaded from central: https://repo.maven.apache.org/maven2/com/squareup/okio/okio/3.16.1/okio-3.16.1.jar (78 kB at 93 kB/s)
#27 174.2 [INFO] Downloading from central: https://repo.maven.apache.org/maven2/software/amazon/awssdk/protocol-core/2.25.21/protocol-core-2.25.21.jar
#27 174.3 [INFO] Downloaded from central: https://repo.maven.apache.org/maven2/software/amazon/awssdk/aws-query-protocol/2.25.21/aws-query-protocol-2.25.21.jar (68 kB at 73 kB/s)
#27 174.3 [INFO] Downloading from central: https://repo.maven.apache.org/maven2/software/amazon/awssdk/arns/2.25.21/arns-2.25.21.jar
#27 174.3 [INFO] Downloaded from central: https://repo.maven.apache.org/maven2/software/amazon/awssdk/protocol-core/2.25.21/protocol-core-2.25.21.jar (35 kB at 38 kB/s)
#27 174.3 [INFO] Downloading from central: https://repo.maven.apache.org/maven2/software/amazon/awssdk/profiles/2.25.21/profiles-2.25.21.jar
#27 174.3 [INFO] Downloaded from central: https://repo.maven.apache.org/maven2/com/squareup/okhttp3/okhttp-jvm/5.2.1/okhttp-jvm-5.2.1.jar (871 kB at 876 kB/s)
#27 174.3 [INFO] Downloading from central: https://repo.maven.apache.org/maven2/software/amazon/awssdk/crt-core/2.25.21/crt-core-2.25.21.jar
#27 174.4 [INFO] Downloaded from central: https://repo.maven.apache.org/maven2/software/amazon/awssdk/arns/2.25.21/arns-2.25.21.jar (16 kB at 16 kB/s)
#27 174.4 [INFO] Downloading from central: https://repo.maven.apache.org/maven2/software/amazon/awssdk/http-auth/2.25.21/http-auth-2.25.21.jar
#27 174.4 [INFO] Downloaded from central: https://repo.maven.apache.org/maven2/software/amazon/awssdk/crt-core/2.25.21/crt-core-2.25.21.jar (18 kB at 17 kB/s)
#27 174.4 [INFO] Downloading from central: https://repo.maven.apache.org/maven2/software/amazon/awssdk/identity-spi/2.25.21/identity-spi-2.25.21.jar
#27 174.4 [INFO] Downloaded from central: https://repo.maven.apache.org/maven2/software/amazon/awssdk/profiles/2.25.21/profiles-2.25.21.jar (49 kB at 48 kB/s)
#27 174.4 [INFO] Downloading from central: https://repo.maven.apache.org/maven2/software/amazon/awssdk/http-auth-spi/2.25.21/http-auth-spi-2.25.21.jar
#27 174.4 [INFO] Downloaded from central: https://repo.maven.apache.org/maven2/software/amazon/awssdk/identity-spi/2.25.21/identity-spi-2.25.21.jar (30 kB at 28 kB/s)
#27 174.4 [INFO] Downloaded from central: https://repo.maven.apache.org/maven2/software/amazon/awssdk/http-auth-spi/2.25.21/http-auth-spi-2.25.21.jar (44 kB at 42 kB/s)
#27 174.4 [INFO] Downloading from central: https://repo.maven.apache.org/maven2/software/amazon/awssdk/http-auth-aws/2.25.21/http-auth-aws-2.25.21.jar
#27 174.4 [INFO] Downloading from central: https://repo.maven.apache.org/maven2/software/amazon/awssdk/checksums/2.25.21/checksums-2.25.21.jar
#27 174.5 [INFO] Downloaded from central: https://repo.maven.apache.org/maven2/software/amazon/awssdk/checksums/2.25.21/checksums-2.25.21.jar (9.3 kB at 8.5 kB/s)
#27 174.5 [INFO] Downloading from central: https://repo.maven.apache.org/maven2/software/amazon/awssdk/checksums-spi/2.25.21/checksums-spi-2.25.21.jar
#27 174.5 [INFO] Downloaded from central: https://repo.maven.apache.org/maven2/software/amazon/awssdk/s3/2.25.21/s3-2.25.21.jar (3.6 MB at 3.2 MB/s)
#27 174.5 [INFO] Downloaded from central: https://repo.maven.apache.org/maven2/software/amazon/awssdk/checksums-spi/2.25.21/checksums-spi-2.25.21.jar (8.0 kB at 7.1 kB/s)
#27 174.5 [INFO] Downloading from central: https://repo.maven.apache.org/maven2/software/amazon/awssdk/annotations/2.25.21/annotations-2.25.21.jar
#27 174.5 [INFO] Downloading from central: https://repo.maven.apache.org/maven2/software/amazon/awssdk/metrics-spi/2.25.21/metrics-spi-2.25.21.jar
#27 174.5 [INFO] Downloaded from central: https://repo.maven.apache.org/maven2/software/amazon/awssdk/http-auth-aws/2.25.21/http-auth-aws-2.25.21.jar (211 kB at 185 kB/s)
#27 174.5 [INFO] Downloading from central: https://repo.maven.apache.org/maven2/software/amazon/awssdk/json-utils/2.25.21/json-utils-2.25.21.jar
#27 174.5 [INFO] Downloaded from central: https://repo.maven.apache.org/maven2/software/amazon/awssdk/annotations/2.25.21/annotations-2.25.21.jar (14 kB at 12 kB/s)
#27 174.5 [INFO] Downloading from central: https://repo.maven.apache.org/maven2/software/amazon/awssdk/third-party-jackson-core/2.25.21/third-party-jackson-core-2.25.21.jar
#27 174.5 [INFO] Downloaded from central: https://repo.maven.apache.org/maven2/software/amazon/awssdk/metrics-spi/2.25.21/metrics-spi-2.25.21.jar (27 kB at 23 kB/s)
#27 174.5 [INFO] Downloading from central: https://repo.maven.apache.org/maven2/software/amazon/awssdk/endpoints-spi/2.25.21/endpoints-spi-2.25.21.jar
#27 174.5 [INFO] Downloaded from central: https://repo.maven.apache.org/maven2/software/amazon/awssdk/third-party-jackson-core/2.25.21/third-party-jackson-core-2.25.21.jar (535 kB at 449 kB/s)
#27 174.5 [INFO] Downloading from central: https://repo.maven.apache.org/maven2/software/amazon/awssdk/apache-client/2.25.21/apache-client-2.25.21.jar
#27 174.6 [INFO] Downloaded from central: https://repo.maven.apache.org/maven2/software/amazon/awssdk/endpoints-spi/2.25.21/endpoints-spi-2.25.21.jar (13 kB at 11 kB/s)
#27 174.6 [INFO] Downloading from central: https://repo.maven.apache.org/maven2/org/apache/httpcomponents/httpclient/4.5.14/httpclient-4.5.14.jar
#27 174.6 [INFO] Downloaded from central: https://repo.maven.apache.org/maven2/software/amazon/awssdk/apache-client/2.25.21/apache-client-2.25.21.jar (75 kB at 62 kB/s)
#27 174.6 [INFO] Downloading from central: https://repo.maven.apache.org/maven2/software/amazon/awssdk/netty-nio-client/2.25.21/netty-nio-client-2.25.21.jar
#27 174.7 [INFO] Downloaded from central: https://repo.maven.apache.org/maven2/software/amazon/awssdk/json-utils/2.25.21/json-utils-2.25.21.jar (31 kB at 22 kB/s)
#27 174.7 [INFO] Downloading from central: https://repo.maven.apache.org/maven2/io/netty/netty-codec-http/4.1.108.Final/netty-codec-http-4.1.108.Final.jar
#27 174.9 [INFO] Downloaded from central: https://repo.maven.apache.org/maven2/software/amazon/awssdk/http-auth/2.25.21/http-auth-2.25.21.jar (17 kB at 12 kB/s)
#27 174.9 [INFO] Downloading from central: https://repo.maven.apache.org/maven2/io/netty/netty-codec-http2/4.1.108.Final/netty-codec-http2-4.1.108.Final.jar
#27 174.9 [INFO] Downloaded from central: https://repo.maven.apache.org/maven2/io/netty/netty-codec-http/4.1.108.Final/netty-codec-http-4.1.108.Final.jar (668 kB at 438 kB/s)
#27 174.9 [INFO] Downloading from central: https://repo.maven.apache.org/maven2/io/netty/netty-codec/4.1.108.Final/netty-codec-4.1.108.Final.jar
#27 174.9 [INFO] Downloaded from central: https://repo.maven.apache.org/maven2/software/amazon/awssdk/netty-nio-client/2.25.21/netty-nio-client-2.25.21.jar (288 kB at 186 kB/s)
#27 174.9 [INFO] Downloading from central: https://repo.maven.apache.org/maven2/io/netty/netty-transport/4.1.108.Final/netty-transport-4.1.108.Final.jar
#27 174.9 [INFO] Downloaded from central: https://repo.maven.apache.org/maven2/io/netty/netty-codec-http2/4.1.108.Final/netty-codec-http2-4.1.108.Final.jar (490 kB at 313 kB/s)
#27 174.9 [INFO] Downloading from central: https://repo.maven.apache.org/maven2/io/netty/netty-common/4.1.108.Final/netty-common-4.1.108.Final.jar
#27 175.0 [INFO] Downloaded from central: https://repo.maven.apache.org/maven2/io/netty/netty-codec/4.1.108.Final/netty-codec-4.1.108.Final.jar (351 kB at 220 kB/s)
#27 175.0 [INFO] Downloading from central: https://repo.maven.apache.org/maven2/io/netty/netty-buffer/4.1.108.Final/netty-buffer-4.1.108.Final.jar
#27 175.0 [INFO] Downloaded from central: https://repo.maven.apache.org/maven2/io/netty/netty-common/4.1.108.Final/netty-common-4.1.108.Final.jar (661 kB at 410 kB/s)
#27 175.0 [INFO] Downloading from central: https://repo.maven.apache.org/maven2/io/netty/netty-handler/4.1.108.Final/netty-handler-4.1.108.Final.jar
#27 175.0 [INFO] Downloaded from central: https://repo.maven.apache.org/maven2/org/apache/httpcomponents/httpclient/4.5.14/httpclient-4.5.14.jar (786 kB at 483 kB/s)
#27 175.0 [INFO] Downloading from central: https://repo.maven.apache.org/maven2/io/netty/netty-transport-native-unix-common/4.1.108.Final/netty-transport-native-unix-common-4.1.108.Final.jar
#27 175.0 [INFO] Downloaded from central: https://repo.maven.apache.org/maven2/com/plivo/plivo-java/5.46.0/plivo-java-5.46.0.jar (493 kB at 303 kB/s)
#27 175.0 [INFO] Downloading from central: https://repo.maven.apache.org/maven2/io/netty/netty-transport-classes-epoll/4.1.108.Final/netty-transport-classes-epoll-4.1.108.Final.jar
#27 175.0 [INFO] Downloaded from central: https://repo.maven.apache.org/maven2/io/netty/netty-transport-native-unix-common/4.1.108.Final/netty-transport-native-unix-common-4.1.108.Final.jar (44 kB at 27 kB/s)
#27 175.0 [INFO] Downloading from central: https://repo.maven.apache.org/maven2/io/netty/netty-resolver/4.1.108.Final/netty-resolver-4.1.108.Final.jar
#27 175.0 [INFO] Downloaded from central: https://repo.maven.apache.org/maven2/io/netty/netty-handler/4.1.108.Final/netty-handler-4.1.108.Final.jar (569 kB at 343 kB/s)
#27 175.0 [INFO] Downloading from central: https://repo.maven.apache.org/maven2/software/amazon/awssdk/auth/2.25.21/auth-2.25.21.jar
#27 175.0 [INFO] Downloaded from central: https://repo.maven.apache.org/maven2/io/netty/netty-resolver/4.1.108.Final/netty-resolver-4.1.108.Final.jar (38 kB at 23 kB/s)
#27 175.0 [INFO] Downloading from central: https://repo.maven.apache.org/maven2/software/amazon/eventstream/eventstream/1.0.1/eventstream-1.0.1.jar
#27 175.0 [INFO] Downloaded from central: https://repo.maven.apache.org/maven2/io/netty/netty-transport-classes-epoll/4.1.108.Final/netty-transport-classes-epoll-4.1.108.Final.jar (147 kB at 88 kB/s)
#27 175.0 [INFO] Downloading from central: https://repo.maven.apache.org/maven2/software/amazon/awssdk/aws-core/2.25.21/aws-core-2.25.21.jar
#27 175.0 [INFO] Downloaded from central: https://repo.maven.apache.org/maven2/io/netty/netty-buffer/4.1.108.Final/netty-buffer-4.1.108.Final.jar (308 kB at 183 kB/s)
#27 175.0 [INFO] Downloading from central: https://repo.maven.apache.org/maven2/software/amazon/awssdk/http-client-spi/2.25.21/http-client-spi-2.25.21.jar
#27 175.0 [INFO] Downloaded from central: https://repo.maven.apache.org/maven2/software/amazon/awssdk/auth/2.25.21/auth-2.25.21.jar (226 kB at 134 kB/s)
#27 175.0 [INFO] Downloading from central: https://repo.maven.apache.org/maven2/org/reactivestreams/reactive-streams/1.0.4/reactive-streams-1.0.4.jar
#27 175.1 [INFO] Downloaded from central: https://repo.maven.apache.org/maven2/software/amazon/eventstream/eventstream/1.0.1/eventstream-1.0.1.jar (30 kB at 18 kB/s)
#27 175.1 [INFO] Downloading from central: https://repo.maven.apache.org/maven2/software/amazon/awssdk/regions/2.25.21/regions-2.25.21.jar
#27 175.1 [INFO] Downloaded from central: https://repo.maven.apache.org/maven2/org/reactivestreams/reactive-streams/1.0.4/reactive-streams-1.0.4.jar (12 kB at 6.8 kB/s)
#27 175.1 [INFO] Downloading from central: https://repo.maven.apache.org/maven2/software/amazon/awssdk/sdk-core/2.25.21/sdk-core-2.25.21.jar
#27 175.1 [INFO] Downloaded from central: https://repo.maven.apache.org/maven2/software/amazon/awssdk/http-client-spi/2.25.21/http-client-spi-2.25.21.jar (84 kB at 49 kB/s)
#27 175.1 [INFO] Downloading from central: https://repo.maven.apache.org/maven2/software/amazon/awssdk/utils/2.25.21/utils-2.25.21.jar
#27 175.1 [INFO] Downloaded from central: https://repo.maven.apache.org/maven2/software/amazon/awssdk/regions/2.25.21/regions-2.25.21.jar (857 kB at 490 kB/s)
#27 175.1 [INFO] Downloading from central: https://repo.maven.apache.org/maven2/software/amazon/awssdk/url-connection-client/2.25.21/url-connection-client-2.25.21.jar
#27 175.1 [INFO] Downloaded from central: https://repo.maven.apache.org/maven2/software/amazon/awssdk/url-connection-client/2.25.21/url-connection-client-2.25.21.jar (33 kB at 19 kB/s)
#27 175.1 [INFO] Downloading from central: https://repo.maven.apache.org/maven2/org/yaml/snakeyaml/2.2/snakeyaml-2.2.jar
#27 175.2 [INFO] Downloaded from central: https://repo.maven.apache.org/maven2/software/amazon/awssdk/utils/2.25.21/utils-2.25.21.jar (218 kB at 117 kB/s)
#27 175.2 [INFO] Downloading from central: https://repo.maven.apache.org/maven2/org/eclipse/microprofile/config/microprofile-config-api/3.1/microprofile-config-api-3.1.jar
#27 175.3 [INFO] Downloaded from central: https://repo.maven.apache.org/maven2/org/eclipse/microprofile/config/microprofile-config-api/3.1/microprofile-config-api-3.1.jar (18 kB at 9.3 kB/s)
#27 175.3 [INFO] Downloading from central: https://repo.maven.apache.org/maven2/jakarta/enterprise/concurrent/jakarta.enterprise.concurrent-api/3.0.3/jakarta.enterprise.concurrent-api-3.0.3.jar
#27 175.3 [INFO] Downloaded from central: https://repo.maven.apache.org/maven2/jakarta/enterprise/concurrent/jakarta.enterprise.concurrent-api/3.0.3/jakarta.enterprise.concurrent-api-3.0.3.jar (44 kB at 23 kB/s)
#27 175.3 [INFO] Downloading from central: https://repo.maven.apache.org/maven2/jakarta/mail/jakarta.mail-api/2.1.3/jakarta.mail-api-2.1.3.jar
#27 175.3 [INFO] Downloaded from central: https://repo.maven.apache.org/maven2/jakarta/mail/jakarta.mail-api/2.1.3/jakarta.mail-api-2.1.3.jar (236 kB at 119 kB/s)
#27 175.3 [INFO] Downloading from central: https://repo.maven.apache.org/maven2/io/smallrye/common/smallrye-common-constraint/2.2.0/smallrye-common-constraint-2.2.0.jar
#27 175.4 [INFO] Downloaded from central: https://repo.maven.apache.org/maven2/io/smallrye/common/smallrye-common-constraint/2.2.0/smallrye-common-constraint-2.2.0.jar (13 kB at 6.5 kB/s)
#27 175.4 [INFO] Downloading from central: https://repo.maven.apache.org/maven2/io/smallrye/common/smallrye-common-cpu/2.2.0/smallrye-common-cpu-2.2.0.jar
#27 175.4 [INFO] Downloaded from central: https://repo.maven.apache.org/maven2/io/smallrye/common/smallrye-common-cpu/2.2.0/smallrye-common-cpu-2.2.0.jar (11 kB at 5.6 kB/s)
#27 175.4 [INFO] Downloading from central: https://repo.maven.apache.org/maven2/io/smallrye/common/smallrye-common-expression/2.2.0/smallrye-common-expression-2.2.0.jar
#27 175.4 [INFO] Downloaded from central: https://repo.maven.apache.org/maven2/io/smallrye/common/smallrye-common-expression/2.2.0/smallrye-common-expression-2.2.0.jar (21 kB at 10 kB/s)
#27 175.4 [INFO] Downloading from central: https://repo.maven.apache.org/maven2/io/smallrye/common/smallrye-common-function/2.2.0/smallrye-common-function-2.2.0.jar
#27 175.4 [INFO] Downloaded from central: https://repo.maven.apache.org/maven2/io/smallrye/common/smallrye-common-function/2.2.0/smallrye-common-function-2.2.0.jar (55 kB at 26 kB/s)
#27 175.4 [INFO] Downloading from central: https://repo.maven.apache.org/maven2/io/smallrye/common/smallrye-common-net/2.2.0/smallrye-common-net-2.2.0.jar
#27 175.5 [INFO] Downloaded from central: https://repo.maven.apache.org/maven2/io/smallrye/common/smallrye-common-net/2.2.0/smallrye-common-net-2.2.0.jar (34 kB at 16 kB/s)
#27 175.5 [INFO] Downloading from central: https://repo.maven.apache.org/maven2/io/smallrye/common/smallrye-common-os/2.2.0/smallrye-common-os-2.2.0.jar
#27 175.5 [INFO] Downloaded from central: https://repo.maven.apache.org/maven2/software/amazon/awssdk/sdk-core/2.25.21/sdk-core-2.25.21.jar (893 kB at 424 kB/s)
#27 175.5 [INFO] Downloading from central: https://repo.maven.apache.org/maven2/io/smallrye/common/smallrye-common-ref/2.2.0/smallrye-common-ref-2.2.0.jar
#27 175.5 [INFO] Downloaded from central: https://repo.maven.apache.org/maven2/io/smallrye/common/smallrye-common-os/2.2.0/smallrye-common-os-2.2.0.jar (9.1 kB at 4.2 kB/s)
#27 175.5 [INFO] Downloaded from central: https://repo.maven.apache.org/maven2/io/smallrye/common/smallrye-common-ref/2.2.0/smallrye-common-ref-2.2.0.jar (16 kB at 7.5 kB/s)
#27 175.5 [INFO] Downloading from central: https://repo.maven.apache.org/maven2/org/eclipse/parsson/parsson/1.1.7/parsson-1.1.7.jar
#27 175.5 [INFO] Downloading from central: https://repo.maven.apache.org/maven2/jakarta/json/jakarta.json-api/2.1.3/jakarta.json-api-2.1.3.jar
#27 175.5 [INFO] Downloaded from central: https://repo.maven.apache.org/maven2/io/netty/netty-transport/4.1.108.Final/netty-transport-4.1.108.Final.jar (497 kB at 232 kB/s)
#27 175.5 [INFO] Downloading from central: https://repo.maven.apache.org/maven2/io/micrometer/micrometer-core/1.12.5/micrometer-core-1.12.5.jar
#27 175.5 [INFO] Downloaded from central: https://repo.maven.apache.org/maven2/jakarta/json/jakarta.json-api/2.1.3/jakarta.json-api-2.1.3.jar (49 kB at 23 kB/s)
#27 175.5 [INFO] Downloading from central: https://repo.maven.apache.org/maven2/io/micrometer/micrometer-commons/1.12.5/micrometer-commons-1.12.5.jar
#27 175.5 [INFO] Downloaded from central: https://repo.maven.apache.org/maven2/org/eclipse/parsson/parsson/1.1.7/parsson-1.1.7.jar (126 kB at 58 kB/s)
#27 175.5 [INFO] Downloading from central: https://repo.maven.apache.org/maven2/io/micrometer/micrometer-observation/1.12.5/micrometer-observation-1.12.5.jar
#27 175.5 [INFO] Downloaded from central: https://repo.maven.apache.org/maven2/software/amazon/awssdk/aws-core/2.25.21/aws-core-2.25.21.jar (162 kB at 74 kB/s)
#27 175.5 [INFO] Downloading from central: https://repo.maven.apache.org/maven2/org/hdrhistogram/HdrHistogram/2.1.12/HdrHistogram-2.1.12.jar
#27 175.5 [INFO] Downloaded from central: https://repo.maven.apache.org/maven2/io/micrometer/micrometer-commons/1.12.5/micrometer-commons-1.12.5.jar (47 kB at 22 kB/s)
#27 175.5 [INFO] Downloading from central: https://repo.maven.apache.org/maven2/org/latencyutils/LatencyUtils/2.0.3/LatencyUtils-2.0.3.jar
#27 175.5 [INFO] Downloaded from central: https://repo.maven.apache.org/maven2/org/yaml/snakeyaml/2.2/snakeyaml-2.2.jar (334 kB at 153 kB/s)
#27 175.5 [INFO] Downloading from central: https://repo.maven.apache.org/maven2/org/hibernate/common/hibernate-commons-annotations/7.0.3.Final/hibernate-commons-annotations-7.0.3.Final.jar
#27 175.5 [INFO] Downloaded from central: https://repo.maven.apache.org/maven2/io/micrometer/micrometer-observation/1.12.5/micrometer-observation-1.12.5.jar (72 kB at 33 kB/s)
#27 175.5 [INFO] Downloading from central: https://repo.maven.apache.org/maven2/io/smallrye/jandex/3.2.3/jandex-3.2.3.jar
#27 175.6 [INFO] Downloaded from central: https://repo.maven.apache.org/maven2/org/latencyutils/LatencyUtils/2.0.3/LatencyUtils-2.0.3.jar (30 kB at 14 kB/s)
#27 175.6 [INFO] Downloading from central: https://repo.maven.apache.org/maven2/net/bytebuddy/byte-buddy/1.14.18/byte-buddy-1.14.18.jar
#27 175.6 [INFO] Downloaded from central: https://repo.maven.apache.org/maven2/org/hibernate/common/hibernate-commons-annotations/7.0.3.Final/hibernate-commons-annotations-7.0.3.Final.jar (68 kB at 31 kB/s)
#27 175.6 [INFO] Downloading from central: https://repo.maven.apache.org/maven2/org/mockito/mockito-core/5.11.0/mockito-core-5.11.0.jar
#27 175.6 [INFO] Downloaded from central: https://repo.maven.apache.org/maven2/org/hdrhistogram/HdrHistogram/2.1.12/HdrHistogram-2.1.12.jar (174 kB at 78 kB/s)
#27 175.6 [INFO] Downloading from central: https://repo.maven.apache.org/maven2/net/bytebuddy/byte-buddy-agent/1.14.12/byte-buddy-agent-1.14.12.jar
#27 175.6 [INFO] Downloaded from central: https://repo.maven.apache.org/maven2/org/mockito/mockito-core/5.11.0/mockito-core-5.11.0.jar (704 kB at 313 kB/s)
#27 175.6 [INFO] Downloading from central: https://repo.maven.apache.org/maven2/org/objenesis/objenesis/3.3/objenesis-3.3.jar
#27 175.6 [INFO] Downloaded from central: https://repo.maven.apache.org/maven2/org/objenesis/objenesis/3.3/objenesis-3.3.jar (49 kB at 22 kB/s)
#27 175.6 [INFO] Downloading from central: https://repo.maven.apache.org/maven2/org/mockito/mockito-junit-jupiter/5.11.0/mockito-junit-jupiter-5.11.0.jar
#27 175.6 [INFO] Downloaded from central: https://repo.maven.apache.org/maven2/org/mockito/mockito-junit-jupiter/5.11.0/mockito-junit-jupiter-5.11.0.jar (8.9 kB at 3.9 kB/s)
#27 175.6 [INFO] Downloading from central: https://repo.maven.apache.org/maven2/org/assertj/assertj-core/3.25.3/assertj-core-3.25.3.jar
#27 175.6 [INFO] Downloaded from central: https://repo.maven.apache.org/maven2/net/bytebuddy/byte-buddy-agent/1.14.12/byte-buddy-agent-1.14.12.jar (257 kB at 112 kB/s)
#27 175.6 [INFO] Downloading from central: https://repo.maven.apache.org/maven2/org/glassfish/jersey/core/jersey-common/3.1.5/jersey-common-3.1.5.jar
#27 175.7 [INFO] Downloaded from central: https://repo.maven.apache.org/maven2/io/smallrye/jandex/3.2.3/jandex-3.2.3.jar (380 kB at 165 kB/s)
#27 175.7 [INFO] Downloading from central: https://repo.maven.apache.org/maven2/org/glassfish/hk2/osgi-resource-locator/1.0.3/osgi-resource-locator-1.0.3.jar
#27 175.8 [INFO] Downloaded from central: https://repo.maven.apache.org/maven2/org/glassfish/hk2/osgi-resource-locator/1.0.3/osgi-resource-locator-1.0.3.jar (19 kB at 8.1 kB/s)
#27 175.8 [INFO] Downloading from central: https://repo.maven.apache.org/maven2/org/flywaydb/flyway-core/10.17.3/flyway-core-10.17.3.jar
#27 175.8 [INFO] Downloaded from central: https://repo.maven.apache.org/maven2/org/flywaydb/flyway-core/10.17.3/flyway-core-10.17.3.jar (653 kB at 266 kB/s)
#27 175.8 [INFO] Downloading from central: https://repo.maven.apache.org/maven2/com/fasterxml/jackson/dataformat/jackson-dataformat-toml/2.15.2/jackson-dataformat-toml-2.15.2.jar
#27 175.8 [INFO] Downloaded from central: https://repo.maven.apache.org/maven2/com/fasterxml/jackson/dataformat/jackson-dataformat-toml/2.15.2/jackson-dataformat-toml-2.15.2.jar (56 kB at 22 kB/s)
#27 175.8 [INFO] Downloading from central: https://repo.maven.apache.org/maven2/org/flywaydb/flyway-database-postgresql/10.17.3/flyway-database-postgresql-10.17.3.jar
#27 175.9 [INFO] Downloaded from central: https://repo.maven.apache.org/maven2/io/micrometer/micrometer-core/1.12.5/micrometer-core-1.12.5.jar (884 kB at 349 kB/s)
#27 175.9 [INFO] Downloading from central: https://repo.maven.apache.org/maven2/io/zonky/test/embedded-postgres/2.1.0/embedded-postgres-2.1.0.jar
#27 175.9 [INFO] Downloaded from central: https://repo.maven.apache.org/maven2/org/flywaydb/flyway-database-postgresql/10.17.3/flyway-database-postgresql-10.17.3.jar (47 kB at 18 kB/s)
#27 175.9 [INFO] Downloading from central: https://repo.maven.apache.org/maven2/io/zonky/test/postgres/embedded-postgres-binaries-windows-amd64/14.15.0/embedded-postgres-binaries-windows-amd64-14.15.0.jar
#27 176.0 [INFO] Downloaded from central: https://repo.maven.apache.org/maven2/io/zonky/test/embedded-postgres/2.1.0/embedded-postgres-2.1.0.jar (60 kB at 23 kB/s)
#27 176.0 [INFO] Downloading from central: https://repo.maven.apache.org/maven2/io/zonky/test/postgres/embedded-postgres-binaries-darwin-amd64/14.15.0/embedded-postgres-binaries-darwin-amd64-14.15.0.jar
#27 176.0 [INFO] Downloaded from central: https://repo.maven.apache.org/maven2/net/bytebuddy/byte-buddy/1.14.18/byte-buddy-1.14.18.jar (4.2 MB at 1.6 MB/s)
#27 176.0 [INFO] Downloading from central: https://repo.maven.apache.org/maven2/io/zonky/test/postgres/embedded-postgres-binaries-linux-amd64/14.15.0/embedded-postgres-binaries-linux-amd64-14.15.0.jar
#27 176.9 [INFO] Downloaded from central: https://repo.maven.apache.org/maven2/org/glassfish/jersey/core/jersey-common/3.1.5/jersey-common-3.1.5.jar (1.2 MB at 354 kB/s)
#27 176.9 [INFO] Downloading from central: https://repo.maven.apache.org/maven2/io/zonky/test/postgres/embedded-postgres-binaries-linux-amd64-alpine/14.15.0/embedded-postgres-binaries-linux-amd64-alpine-14.15.0.jar
#27 177.0 [INFO] Downloaded from central: https://repo.maven.apache.org/maven2/io/zonky/test/postgres/embedded-postgres-binaries-windows-amd64/14.15.0/embedded-postgres-binaries-windows-amd64-14.15.0.jar (21 MB at 5.8 MB/s)
#27 177.0 [INFO] Downloading from central: https://repo.maven.apache.org/maven2/org/apache/commons/commons-compress/1.26.2/commons-compress-1.26.2.jar
#27 177.0 [INFO] Downloaded from central: https://repo.maven.apache.org/maven2/org/assertj/assertj-core/3.25.3/assertj-core-3.25.3.jar (1.4 MB at 376 kB/s)
#27 177.0 [INFO] Downloading from central: https://repo.maven.apache.org/maven2/org/tukaani/xz/1.10/xz-1.10.jar
#27 177.0 [INFO] Downloaded from central: https://repo.maven.apache.org/maven2/org/apache/commons/commons-compress/1.26.2/commons-compress-1.26.2.jar (1.1 MB at 294 kB/s)
#27 177.1 [INFO] Downloaded from central: https://repo.maven.apache.org/maven2/org/tukaani/xz/1.10/xz-1.10.jar (169 kB at 45 kB/s)
#27 177.2 [INFO] Downloaded from central: https://repo.maven.apache.org/maven2/io/zonky/test/postgres/embedded-postgres-binaries-linux-amd64/14.15.0/embedded-postgres-binaries-linux-amd64-14.15.0.jar (15 MB at 3.8 MB/s)
#27 178.7 [INFO] Downloaded from central: https://repo.maven.apache.org/maven2/io/zonky/test/postgres/embedded-postgres-binaries-darwin-amd64/14.15.0/embedded-postgres-binaries-darwin-amd64-14.15.0.jar (28 MB at 5.3 MB/s)
#27 178.9 [INFO] Downloaded from central: https://repo.maven.apache.org/maven2/io/zonky/test/postgres/embedded-postgres-binaries-linux-amd64-alpine/14.15.0/embedded-postgres-binaries-linux-amd64-alpine-14.15.0.jar (14 MB at 2.5 MB/s)
#27 178.9 [INFO]
#27 178.9 [INFO] --- resources:3.3.1:resources (default-resources) @ opendolphin-server-modernized ---
#27 178.9 [INFO] Copying 2 resources from src/main/resources to target/classes
#27 178.9 [INFO] Copying 7 resources from reporting/templates to target/classes/reporting/templates
#27 178.9 [INFO] Copying 1 resource from reporting/glossary to target/classes/reporting/glossary
#27 178.9 [INFO]
#27 178.9 [INFO] --- antrun:3.1.0:run (clean-generated-flyway-migrations) @ opendolphin-server-modernized ---
#27 178.9 [INFO] Downloading from central: https://repo.maven.apache.org/maven2/org/codehaus/plexus/plexus-utils/3.4.1/plexus-utils-3.4.1.pom
#27 179.0 [INFO] Downloaded from central: https://repo.maven.apache.org/maven2/org/codehaus/plexus/plexus-utils/3.4.1/plexus-utils-3.4.1.pom (8.0 kB at 346 kB/s)
#27 179.0 [INFO] Downloading from central: https://repo.maven.apache.org/maven2/org/apache/ant/ant/1.10.12/ant-1.10.12.pom
#27 179.0 [INFO] Downloaded from central: https://repo.maven.apache.org/maven2/org/apache/ant/ant/1.10.12/ant-1.10.12.pom (17 kB at 751 kB/s)
#27 179.0 [INFO] Downloading from central: https://repo.maven.apache.org/maven2/org/apache/ant/ant-parent/1.10.12/ant-parent-1.10.12.pom
#27 179.1 [INFO] Downloaded from central: https://repo.maven.apache.org/maven2/org/apache/ant/ant-parent/1.10.12/ant-parent-1.10.12.pom (6.5 kB at 74 kB/s)
#27 179.1 [INFO] Downloading from central: https://repo.maven.apache.org/maven2/org/apache/ant/ant-launcher/1.10.12/ant-launcher-1.10.12.pom
#27 179.1 [INFO] Downloaded from central: https://repo.maven.apache.org/maven2/org/apache/ant/ant-launcher/1.10.12/ant-launcher-1.10.12.pom (3.2 kB at 167 kB/s)
#27 179.1 [INFO] Downloading from central: https://repo.maven.apache.org/maven2/org/codehaus/plexus/plexus-utils/3.4.1/plexus-utils-3.4.1.jar
#27 179.1 [INFO] Downloaded from central: https://repo.maven.apache.org/maven2/org/codehaus/plexus/plexus-utils/3.4.1/plexus-utils-3.4.1.jar (264 kB at 9.1 MB/s)
#27 179.1 [INFO] Downloading from central: https://repo.maven.apache.org/maven2/org/apache/ant/ant/1.10.12/ant-1.10.12.jar
#27 179.1 [INFO] Downloading from central: https://repo.maven.apache.org/maven2/org/apache/ant/ant-launcher/1.10.12/ant-launcher-1.10.12.jar
#27 179.1 [INFO] Downloaded from central: https://repo.maven.apache.org/maven2/org/apache/ant/ant-launcher/1.10.12/ant-launcher-1.10.12.jar (19 kB at 719 kB/s)
#27 179.3 [INFO] Downloaded from central: https://repo.maven.apache.org/maven2/org/apache/ant/ant/1.10.12/ant-1.10.12.jar (2.3 MB at 17 MB/s)
#27 179.3 [INFO] Executing tasks
#27 179.4 [INFO]     [mkdir] Created dir: /workspace/server-modernized/target/classes/db/migration
#27 179.4 [INFO] Executed tasks
#27 179.4 [INFO]
#27 179.4 [INFO] --- resources:3.3.1:copy-resources (copy-canonical-flyway-migrations) @ opendolphin-server-modernized ---
#27 179.4 [INFO] Copying 11 resources from tools/flyway/sql to target/classes/db/migration
#27 179.4 [INFO]
#27 179.4 [INFO] --- compiler:3.11.0:compile (default-compile) @ opendolphin-server-modernized ---
#27 179.4 [INFO] Changes detected - recompiling the module! :dependency
#27 179.4 [INFO] Compiling 440 source files with javac [debug deprecation release 17] to target/classes
#27 181.4 [WARNING] /workspace/server-modernized/src/main/java/open/dolphin/rest/AbstractResource.java:[168,46] WRITE_NULL_MAP_VALUES in com.fasterxml.jackson.databind.SerializationFeature has been deprecated
#27 181.4 [WARNING] /workspace/server-modernized/src/main/java/open/dolphin/converter/PlistParser.java:[255,42] newInstance() in java.lang.Class has been deprecated
#27 181.4 [WARNING] /workspace/server-modernized/src/main/java/open/dolphin/rest/orca/LocalPatientMutationResource.java:[165,27] update(open.dolphin.infomodel.PatientModel) in open.dolphin.session.PatientServiceBean has been deprecated
#27 181.4 [INFO] /workspace/server-modernized/src/main/java/open/dolphin/mbean/PVTBuilderSupport.java: Some input files use unchecked or unsafe operations.
#27 181.4 [INFO] /workspace/server-modernized/src/main/java/open/dolphin/mbean/PVTBuilderSupport.java: Recompile with -Xlint:unchecked for details.
#27 181.4 [INFO]
#27 181.4 [INFO] --- resources:3.3.1:testResources (default-testResources) @ opendolphin-server-modernized ---
#27 181.4 [INFO] Copying 80 resources from src/test/resources to target/test-classes
#27 181.5 [INFO]
#27 181.5 [INFO] --- compiler:3.11.0:testCompile (default-testCompile) @ opendolphin-server-modernized ---
#27 181.5 [INFO] Changes detected - recompiling the module! :dependency
#27 181.5 [INFO] Compiling 216 source files with javac [debug deprecation release 17] to target/test-classes
#27 183.1 [WARNING] /workspace/server-modernized/src/test/java/open/dolphin/db/FreshSchemaBaselineTest.java:[273,48] DATASOURCE in org.hibernate.cfg.JdbcSettings has been deprecated
#27 183.1 [WARNING] /workspace/server-modernized/src/test/java/open/dolphin/rest/PatientModV2OutpatientResourceIdempotencyTest.java:[149,20] update(open.dolphin.infomodel.PatientModel) in open.dolphin.session.PatientServiceBean has been deprecated
#27 183.1 [WARNING] /workspace/server-modernized/src/test/java/open/dolphin/rest/orca/LocalPatientMutationResourceIdempotencyTest.java:[200,20] update(open.dolphin.infomodel.PatientModel) in open.dolphin.session.PatientServiceBean has been deprecated
#27 183.1 [INFO] /workspace/server-modernized/src/test/java/open/dolphin/testsupport/TestRuntimeDelegate.java: Some input files use unchecked or unsafe operations.
#27 183.1 [INFO] /workspace/server-modernized/src/test/java/open/dolphin/testsupport/TestRuntimeDelegate.java: Recompile with -Xlint:unchecked for details.
#27 183.1 [INFO]
#27 183.1 [INFO] --- surefire:3.1.2:test (default-test) @ opendolphin-server-modernized ---
#27 183.1 [INFO] Downloading from central: https://repo.maven.apache.org/maven2/org/apache/maven/surefire/maven-surefire-common/3.1.2/maven-surefire-common-3.1.2.pom
#27 183.1 [INFO] Downloaded from central: https://repo.maven.apache.org/maven2/org/apache/maven/surefire/maven-surefire-common/3.1.2/maven-surefire-common-3.1.2.pom (6.1 kB at 196 kB/s)
#27 183.1 [INFO] Downloading from central: https://repo.maven.apache.org/maven2/org/apache/maven/surefire/surefire-api/3.1.2/surefire-api-3.1.2.pom
#27 183.1 [INFO] Downloaded from central: https://repo.maven.apache.org/maven2/org/apache/maven/surefire/surefire-api/3.1.2/surefire-api-3.1.2.pom (3.5 kB at 136 kB/s)
#27 183.1 [INFO] Downloading from central: https://repo.maven.apache.org/maven2/org/apache/maven/surefire/surefire-logger-api/3.1.2/surefire-logger-api-3.1.2.pom
#27 183.2 [INFO] Downloaded from central: https://repo.maven.apache.org/maven2/org/apache/maven/surefire/surefire-logger-api/3.1.2/surefire-logger-api-3.1.2.pom (3.3 kB at 130 kB/s)
#27 183.2 [INFO] Downloading from central: https://repo.maven.apache.org/maven2/org/apache/maven/surefire/surefire-shared-utils/3.1.2/surefire-shared-utils-3.1.2.pom
#27 183.2 [INFO] Downloaded from central: https://repo.maven.apache.org/maven2/org/apache/maven/surefire/surefire-shared-utils/3.1.2/surefire-shared-utils-3.1.2.pom (4.1 kB at 145 kB/s)
#27 183.2 [INFO] Downloading from central: https://repo.maven.apache.org/maven2/org/apache/maven/surefire/surefire-extensions-api/3.1.2/surefire-extensions-api-3.1.2.pom
#27 183.2 [INFO] Downloaded from central: https://repo.maven.apache.org/maven2/org/apache/maven/surefire/surefire-extensions-api/3.1.2/surefire-extensions-api-3.1.2.pom (3.3 kB at 138 kB/s)
#27 183.2 [INFO] Downloading from central: https://repo.maven.apache.org/maven2/org/apache/maven/surefire/surefire-booter/3.1.2/surefire-booter-3.1.2.pom
#27 183.3 [INFO] Downloaded from central: https://repo.maven.apache.org/maven2/org/apache/maven/surefire/surefire-booter/3.1.2/surefire-booter-3.1.2.pom (4.5 kB at 186 kB/s)
#27 183.3 [INFO] Downloading from central: https://repo.maven.apache.org/maven2/org/apache/maven/surefire/surefire-extensions-spi/3.1.2/surefire-extensions-spi-3.1.2.pom
#27 183.3 [INFO] Downloaded from central: https://repo.maven.apache.org/maven2/org/apache/maven/surefire/surefire-extensions-spi/3.1.2/surefire-extensions-spi-3.1.2.pom (1.8 kB at 68 kB/s)
#27 183.3 [INFO] Downloading from central: https://repo.maven.apache.org/maven2/org/eclipse/sisu/org.eclipse.sisu.plexus/0.3.5/org.eclipse.sisu.plexus-0.3.5.pom
#27 183.3 [INFO] Downloaded from central: https://repo.maven.apache.org/maven2/org/eclipse/sisu/org.eclipse.sisu.plexus/0.3.5/org.eclipse.sisu.plexus-0.3.5.pom (4.3 kB at 134 kB/s)
#27 183.3 [INFO] Downloading from central: https://repo.maven.apache.org/maven2/org/eclipse/sisu/sisu-plexus/0.3.5/sisu-plexus-0.3.5.pom
#27 183.3 [INFO] Downloaded from central: https://repo.maven.apache.org/maven2/org/eclipse/sisu/sisu-plexus/0.3.5/sisu-plexus-0.3.5.pom (14 kB at 722 kB/s)
#27 183.3 [INFO] Downloading from central: https://repo.maven.apache.org/maven2/org/eclipse/sisu/org.eclipse.sisu.inject/0.3.5/org.eclipse.sisu.inject-0.3.5.pom
#27 183.4 [INFO] Downloaded from central: https://repo.maven.apache.org/maven2/org/eclipse/sisu/org.eclipse.sisu.inject/0.3.5/org.eclipse.sisu.inject-0.3.5.pom (2.6 kB at 105 kB/s)
#27 183.4 [INFO] Downloading from central: https://repo.maven.apache.org/maven2/org/eclipse/sisu/sisu-inject/0.3.5/sisu-inject-0.3.5.pom
#27 183.4 [INFO] Downloaded from central: https://repo.maven.apache.org/maven2/org/eclipse/sisu/sisu-inject/0.3.5/sisu-inject-0.3.5.pom (14 kB at 720 kB/s)
#27 183.4 [INFO] Downloading from central: https://repo.maven.apache.org/maven2/commons-io/commons-io/2.12.0/commons-io-2.12.0.pom
#27 183.4 [INFO] Downloaded from central: https://repo.maven.apache.org/maven2/commons-io/commons-io/2.12.0/commons-io-2.12.0.pom (20 kB at 847 kB/s)
#27 183.4 [INFO] Downloading from central: https://repo.maven.apache.org/maven2/org/apache/commons/commons-parent/57/commons-parent-57.pom
#27 183.4 [INFO] Downloaded from central: https://repo.maven.apache.org/maven2/org/apache/commons/commons-parent/57/commons-parent-57.pom (83 kB at 2.6 MB/s)
#27 183.4 [INFO] Downloading from central: https://repo.maven.apache.org/maven2/org/apache/maven/surefire/maven-surefire-common/3.1.2/maven-surefire-common-3.1.2.jar
#27 183.5 [INFO] Downloaded from central: https://repo.maven.apache.org/maven2/org/apache/maven/surefire/maven-surefire-common/3.1.2/maven-surefire-common-3.1.2.jar (306 kB at 9.9 MB/s)
#27 183.5 [INFO] Downloading from central: https://repo.maven.apache.org/maven2/org/apache/maven/surefire/surefire-api/3.1.2/surefire-api-3.1.2.jar
#27 183.5 [INFO] Downloading from central: https://repo.maven.apache.org/maven2/org/apache/maven/surefire/surefire-logger-api/3.1.2/surefire-logger-api-3.1.2.jar
#27 183.5 [INFO] Downloading from central: https://repo.maven.apache.org/maven2/org/apache/maven/surefire/surefire-extensions-api/3.1.2/surefire-extensions-api-3.1.2.jar
#27 183.5 [INFO] Downloading from central: https://repo.maven.apache.org/maven2/org/apache/maven/surefire/surefire-booter/3.1.2/surefire-booter-3.1.2.jar
#27 183.5 [INFO] Downloading from central: https://repo.maven.apache.org/maven2/org/apache/maven/surefire/surefire-extensions-spi/3.1.2/surefire-extensions-spi-3.1.2.jar
#27 183.5 [INFO] Downloaded from central: https://repo.maven.apache.org/maven2/org/apache/maven/surefire/surefire-logger-api/3.1.2/surefire-logger-api-3.1.2.jar (14 kB at 618 kB/s)
#27 183.5 [INFO] Downloading from central: https://repo.maven.apache.org/maven2/commons-io/commons-io/2.12.0/commons-io-2.12.0.jar
#27 183.5 [INFO] Downloaded from central: https://repo.maven.apache.org/maven2/org/apache/maven/surefire/surefire-extensions-api/3.1.2/surefire-extensions-api-3.1.2.jar (26 kB at 1.2 MB/s)
#27 183.5 [INFO] Downloading from central: https://repo.maven.apache.org/maven2/org/apache/maven/surefire/surefire-shared-utils/3.1.2/surefire-shared-utils-3.1.2.jar
#27 183.5 [INFO] Downloaded from central: https://repo.maven.apache.org/maven2/org/apache/maven/surefire/surefire-extensions-spi/3.1.2/surefire-extensions-spi-3.1.2.jar (8.2 kB at 389 kB/s)
#27 183.5 [INFO] Downloaded from central: https://repo.maven.apache.org/maven2/org/apache/maven/surefire/surefire-api/3.1.2/surefire-api-3.1.2.jar (171 kB at 5.9 MB/s)
#27 183.5 [INFO] Downloaded from central: https://repo.maven.apache.org/maven2/org/apache/maven/surefire/surefire-booter/3.1.2/surefire-booter-3.1.2.jar (118 kB at 2.5 MB/s)
#27 183.7 [INFO] Downloaded from central: https://repo.maven.apache.org/maven2/org/apache/maven/surefire/surefire-shared-utils/3.1.2/surefire-shared-utils-3.1.2.jar (2.3 MB at 9.9 MB/s)
#27 184.0 [INFO] Downloaded from central: https://repo.maven.apache.org/maven2/commons-io/commons-io/2.12.0/commons-io-2.12.0.jar (474 kB at 954 kB/s)
#27 184.0 [INFO] Tests are skipped.
#27 184.0 [INFO]
#27 184.0 [INFO] --- war:3.4.0:war (default-war) @ opendolphin-server-modernized ---
#27 184.0 [INFO] Downloading from central: https://repo.maven.apache.org/maven2/org/codehaus/plexus/plexus-archiver/4.7.1/plexus-archiver-4.7.1.pom
#27 184.1 [INFO] Downloaded from central: https://repo.maven.apache.org/maven2/org/codehaus/plexus/plexus-archiver/4.7.1/plexus-archiver-4.7.1.pom (6.5 kB at 57 kB/s)
#27 184.1 [INFO] Downloading from central: https://repo.maven.apache.org/maven2/com/github/luben/zstd-jni/1.5.5-2/zstd-jni-1.5.5-2.pom
#27 184.2 [INFO] Downloaded from central: https://repo.maven.apache.org/maven2/com/github/luben/zstd-jni/1.5.5-2/zstd-jni-1.5.5-2.pom (1.9 kB at 68 kB/s)
#27 184.2 [INFO] Downloading from central: https://repo.maven.apache.org/maven2/org/apache/maven/shared/maven-mapping/3.0.0/maven-mapping-3.0.0.pom
#27 184.2 [INFO] Downloaded from central: https://repo.maven.apache.org/maven2/org/apache/maven/shared/maven-mapping/3.0.0/maven-mapping-3.0.0.pom (4.1 kB at 180 kB/s)
#27 184.2 [INFO] Downloading from central: https://repo.maven.apache.org/maven2/org/apache/maven/shared/maven-shared-components/22/maven-shared-components-22.pom
#27 184.2 [INFO] Downloaded from central: https://repo.maven.apache.org/maven2/org/apache/maven/shared/maven-shared-components/22/maven-shared-components-22.pom (5.1 kB at 176 kB/s)
#27 184.2 [INFO] Downloading from central: https://repo.maven.apache.org/maven2/org/apache/maven/maven-parent/27/maven-parent-27.pom
#27 184.2 [INFO] Downloaded from central: https://repo.maven.apache.org/maven2/org/apache/maven/maven-parent/27/maven-parent-27.pom (41 kB at 1.6 MB/s)
#27 184.2 [INFO] Downloading from central: https://repo.maven.apache.org/maven2/org/apache/apache/17/apache-17.pom
#27 184.3 [INFO] Downloaded from central: https://repo.maven.apache.org/maven2/org/apache/apache/17/apache-17.pom (16 kB at 944 kB/s)
#27 184.3 [INFO] Downloading from central: https://repo.maven.apache.org/maven2/org/codehaus/plexus/plexus-archiver/4.7.1/plexus-archiver-4.7.1.jar
#27 184.3 [INFO] Downloaded from central: https://repo.maven.apache.org/maven2/org/codehaus/plexus/plexus-archiver/4.7.1/plexus-archiver-4.7.1.jar (221 kB at 7.4 MB/s)
#27 184.3 [INFO] Downloading from central: https://repo.maven.apache.org/maven2/com/github/luben/zstd-jni/1.5.5-2/zstd-jni-1.5.5-2.jar
#27 184.3 [INFO] Downloading from central: https://repo.maven.apache.org/maven2/org/apache/maven/shared/maven-mapping/3.0.0/maven-mapping-3.0.0.jar
#27 184.3 [INFO] Downloading from central: https://repo.maven.apache.org/maven2/org/apache/maven/maven-core/3.0/maven-core-3.0.jar
#27 184.3 [INFO] Downloading from central: https://repo.maven.apache.org/maven2/org/apache/maven/maven-model/3.0/maven-model-3.0.jar
#27 184.3 [INFO] Downloading from central: https://repo.maven.apache.org/maven2/org/apache/maven/maven-settings-builder/3.0/maven-settings-builder-3.0.jar
#27 184.3 [INFO] Downloaded from central: https://repo.maven.apache.org/maven2/org/apache/maven/maven-settings-builder/3.0/maven-settings-builder-3.0.jar (38 kB at 1.8 MB/s)
#27 184.3 [INFO] Downloading from central: https://repo.maven.apache.org/maven2/org/apache/maven/maven-repository-metadata/3.0/maven-repository-metadata-3.0.jar
#27 184.3 [INFO] Downloaded from central: https://repo.maven.apache.org/maven2/org/apache/maven/shared/maven-mapping/3.0.0/maven-mapping-3.0.0.jar (11 kB at 442 kB/s)
#27 184.3 [INFO] Downloading from central: https://repo.maven.apache.org/maven2/org/apache/maven/maven-artifact/3.0/maven-artifact-3.0.jar
#27 184.3 [INFO] Downloaded from central: https://repo.maven.apache.org/maven2/org/apache/maven/maven-core/3.0/maven-core-3.0.jar (527 kB at 14 MB/s)
#27 184.3 [INFO] Downloading from central: https://repo.maven.apache.org/maven2/org/apache/maven/maven-plugin-api/3.0/maven-plugin-api-3.0.jar
#27 184.3 [INFO] Downloaded from central: https://repo.maven.apache.org/maven2/org/apache/maven/maven-repository-metadata/3.0/maven-repository-metadata-3.0.jar (30 kB at 668 kB/s)
#27 184.3 [INFO] Downloading from central: https://repo.maven.apache.org/maven2/org/apache/maven/maven-model-builder/3.0/maven-model-builder-3.0.jar
#27 184.4 [INFO] Downloaded from central: https://repo.maven.apache.org/maven2/org/apache/maven/maven-model/3.0/maven-model-3.0.jar (165 kB at 3.0 MB/s)
#27 184.4 [INFO] Downloading from central: https://repo.maven.apache.org/maven2/org/apache/maven/maven-aether-provider/3.0/maven-aether-provider-3.0.jar
#27 184.4 [INFO] Downloaded from central: https://repo.maven.apache.org/maven2/org/apache/maven/maven-artifact/3.0/maven-artifact-3.0.jar (52 kB at 880 kB/s)
#27 184.4 [INFO] Downloading from central: https://repo.maven.apache.org/maven2/org/sonatype/aether/aether-impl/1.7/aether-impl-1.7.jar
#27 184.4 [INFO] Downloaded from central: https://repo.maven.apache.org/maven2/org/apache/maven/maven-plugin-api/3.0/maven-plugin-api-3.0.jar (49 kB at 789 kB/s)
#27 184.4 [INFO] Downloading from central: https://repo.maven.apache.org/maven2/org/sonatype/aether/aether-spi/1.7/aether-spi-1.7.jar
#27 184.4 [INFO] Downloaded from central: https://repo.maven.apache.org/maven2/org/apache/maven/maven-model-builder/3.0/maven-model-builder-3.0.jar (148 kB at 2.1 MB/s)
#27 184.4 [INFO] Downloading from central: https://repo.maven.apache.org/maven2/org/sonatype/aether/aether-api/1.7/aether-api-1.7.jar
#27 184.4 [INFO] Downloaded from central: https://repo.maven.apache.org/maven2/org/apache/maven/maven-aether-provider/3.0/maven-aether-provider-3.0.jar (51 kB at 602 kB/s)
#27 184.4 [INFO] Downloaded from central: https://repo.maven.apache.org/maven2/org/sonatype/aether/aether-impl/1.7/aether-impl-1.7.jar (106 kB at 1.3 MB/s)
#27 184.4 [INFO] Downloading from central: https://repo.maven.apache.org/maven2/org/sonatype/aether/aether-util/1.7/aether-util-1.7.jar
#27 184.4 [INFO] Downloading from central: https://repo.maven.apache.org/maven2/org/sonatype/sisu/sisu-inject-plexus/1.4.2/sisu-inject-plexus-1.4.2.jar
#27 184.4 [INFO] Downloaded from central: https://repo.maven.apache.org/maven2/org/sonatype/aether/aether-spi/1.7/aether-spi-1.7.jar (14 kB at 143 kB/s)
#27 184.4 [INFO] Downloading from central: https://repo.maven.apache.org/maven2/org/sonatype/sisu/sisu-inject-bean/1.4.2/sisu-inject-bean-1.4.2.jar
#27 184.4 [INFO] Downloaded from central: https://repo.maven.apache.org/maven2/org/sonatype/aether/aether-api/1.7/aether-api-1.7.jar (74 kB at 773 kB/s)
#27 184.4 [INFO] Downloading from central: https://repo.maven.apache.org/maven2/org/sonatype/sisu/sisu-guice/2.1.7/sisu-guice-2.1.7-noaop.jar
#27 184.4 [INFO] Downloaded from central: https://repo.maven.apache.org/maven2/org/sonatype/aether/aether-util/1.7/aether-util-1.7.jar (108 kB at 955 kB/s)
#27 184.4 [INFO] Downloading from central: https://repo.maven.apache.org/maven2/org/codehaus/plexus/plexus-classworlds/2.2.3/plexus-classworlds-2.2.3.jar
#27 184.4 [INFO] Downloaded from central: https://repo.maven.apache.org/maven2/org/sonatype/sisu/sisu-inject-bean/1.4.2/sisu-inject-bean-1.4.2.jar (153 kB at 1.2 MB/s)
#27 184.4 [INFO] Downloaded from central: https://repo.maven.apache.org/maven2/org/codehaus/plexus/plexus-classworlds/2.2.3/plexus-classworlds-2.2.3.jar (46 kB at 334 kB/s)
#27 184.4 [INFO] Downloaded from central: https://repo.maven.apache.org/maven2/org/sonatype/sisu/sisu-guice/2.1.7/sisu-guice-2.1.7-noaop.jar (472 kB at 3.3 MB/s)
#27 184.4 [INFO] Downloaded from central: https://repo.maven.apache.org/maven2/org/sonatype/sisu/sisu-inject-plexus/1.4.2/sisu-inject-plexus-1.4.2.jar (202 kB at 1.4 MB/s)
#27 184.5 [INFO] Downloaded from central: https://repo.maven.apache.org/maven2/com/github/luben/zstd-jni/1.5.5-2/zstd-jni-1.5.5-2.jar (5.9 MB at 25 MB/s)
#27 184.6 [INFO] Packaging webapp
#27 184.6 [INFO] Assembling webapp [opendolphin-server-modernized] in [/workspace/server-modernized/target/opendolphin-server]
#27 184.6 [INFO] Processing war project
#27 184.6 [INFO] Copying webapp resources [/workspace/server-modernized/src/main/webapp]
#27 184.8 [INFO] Building war: /workspace/server-modernized/target/opendolphin-server.war
#27 185.0 [INFO] ------------------------------------------------------------------------
#27 185.0 [INFO] Reactor Summary for opendolphin 2.7.1:
#27 185.0 [INFO]
#27 185.0 [INFO] opendolphin ........................................ SUCCESS [  0.001 s]
#27 185.0 [INFO] opendolphin-api-contract ........................... SUCCESS [  6.055 s]
#27 185.0 [INFO] opendolphin-persistence ............................ SUCCESS [ 38.706 s]
#27 185.0 [INFO] opendolphin-reporting .............................. SUCCESS [  8.033 s]
#27 185.0 [INFO] opendolphin-server-modernized ...................... SUCCESS [02:06 min]
#27 185.0 [INFO] ------------------------------------------------------------------------
#27 185.0 [INFO] BUILD SUCCESS
#27 185.0 [INFO] ------------------------------------------------------------------------
#27 185.0 [INFO] Total time:  03:04 min
#27 185.0 [INFO] Finished at: 2026-04-18T22:11:02Z
#27 185.0 [INFO] ------------------------------------------------------------------------
#27 185.0 + WAR_DIR=server-modernized/target
#27 185.0 + WAR_FILE=server-modernized/target/opendolphin-server.war
#27 185.0 + [ ! -f server-modernized/target/opendolphin-server.war ]
#27 DONE 185.2s

#28 [stage-1  3/22] COPY ops/assets/fonts/NotoSansCJKjp-Regular.otf /usr/share/fonts/opendolphin/NotoSansCJKjp-Regular.otf
#28 CACHED

#29 [stage-1  2/22] RUN mkdir -p /usr/share/fonts/opendolphin
#29 CACHED

#30 [stage-1  4/22] RUN chmod 644 /usr/share/fonts/opendolphin/NotoSansCJKjp-Regular.otf
#30 CACHED

#31 [stage-1  5/22] COPY --from=build /workspace/server-modernized/target/opendolphin-server.war /opt/jboss/wildfly/standalone/deployments/opendolphin-server.war
#31 DONE 0.1s

#32 [stage-1  6/22] COPY --from=build /root/.m2/repository/org/postgresql/postgresql/*/postgresql-*.jar /opt/jboss/postgresql-driver.jar
#32 DONE 0.0s

#33 [stage-1  7/22] COPY --from=build /tmp/hbcompat/string-clob-type-compat.jar /opt/jboss/string-clob-type-compat.jar
#33 DONE 0.0s

#34 [stage-1  8/22] RUN mkdir -p /opt/jboss/wildfly/modules/system/layers/base/org/postgresql/main &&     cp /opt/jboss/postgresql-driver.jar /opt/jboss/wildfly/modules/system/layers/base/org/postgresql/main/postgresql-driver.jar
#34 DONE 0.1s

#35 [stage-1  9/22] COPY ops/modernized-server/docker/modules/postgresql/module.xml /opt/jboss/wildfly/modules/system/layers/base/org/postgresql/main/module.xml
#35 DONE 0.0s

#36 [stage-1 10/22] RUN mkdir -p /opt/jboss/config
#36 DONE 0.1s

#37 [stage-1 11/22] COPY server-modernized/config/attachment-storage.sample.yaml /opt/jboss/config/attachment-storage.yaml
#37 DONE 0.0s

#38 [stage-1 12/22] COPY ops/shared/docker/custom.properties /opt/jboss/wildfly/custom.properties
#38 DONE 0.0s

#39 [stage-1 13/22] COPY ops/modernized-server/docker/configure-wildfly.cli /opt/jboss/configure-wildfly.cli
#39 DONE 0.0s

#40 [stage-1 14/22] COPY ops/modernized-server/docker/healthcheck-session.sh /opt/jboss/healthcheck-session.sh
#40 DONE 0.0s

#41 [stage-1 15/22] COPY ops/shared/docker/bootstrap.sh /opt/jboss/bootstrap.sh
#41 DONE 0.0s

#42 [stage-1 16/22] RUN chmod +x /opt/jboss/bootstrap.sh /opt/jboss/healthcheck-session.sh
#42 DONE 0.1s

#43 [stage-1 17/22] RUN mkdir -p /opt/jboss/wildfly/modules/system/layers/base/io/agroal/api/main
#43 DONE 0.1s

#44 [stage-1 18/22] COPY ops/modernized-server/docker/modules/io/agroal/api/module.xml /opt/jboss/wildfly/modules/system/layers/base/io/agroal/api/main/module.xml
#44 DONE 0.0s

#45 [stage-1 19/22] RUN mkdir -p /opt/jboss/tmp/WEB-INF/lib &&     mv /opt/jboss/string-clob-type-compat.jar /opt/jboss/tmp/WEB-INF/lib/ &&     cd /opt/jboss/tmp &&     jar uf /opt/jboss/wildfly/standalone/deployments/opendolphin-server.war -C /opt/jboss/tmp WEB-INF &&     rm -rf /opt/jboss/tmp
#45 DONE 1.3s

#46 [stage-1 20/22] RUN HIBERNATE_MODULE=/opt/jboss/wildfly/modules/system/layers/base/org/hibernate/main/module.xml &&     if ! grep -q 'name="org.postgresql"' "${HIBERNATE_MODULE}"; then         sed -i '/<\/dependencies>/ i\\        <module name="org.postgresql"/>' "${HIBERNATE_MODULE}";     fi
#46 DONE 0.2s

#47 [stage-1 21/22] RUN /opt/jboss/wildfly/bin/jboss-cli.sh --file=/opt/jboss/configure-wildfly.cli &&     rm -f /opt/jboss/configure-wildfly.cli &&     rm -rf /opt/jboss/wildfly/standalone/configuration/standalone_xml_history
#47 0.772 [0m22:11:05,950 INFO  [org.jboss.modules] (CLI command executor) JBoss Modules version 2.1.5.Final
#47 0.772 [0m[0m22:11:05,985 INFO  [org.jboss.msc] (CLI command executor) JBoss MSC version 1.5.5.Final
#47 0.804 [0m[0m22:11:05,988 INFO  [org.jboss.threads] (CLI command executor) JBoss Threads version 2.4.0.Final
#47 0.807 [0m[0m22:11:06,028 INFO  [org.jboss.as] (MSC service thread 1-1) WFLYSRV0049: WildFly 33.0.2.Final (WildFly Core 25.0.2.Final) starting
#47 0.846 [0m[0m22:11:06,521 INFO  [org.wildfly.security] (Controller Boot Thread) ELY00001: WildFly Elytron version 2.5.2.Final
#47 1.339 [0m[33m22:11:06,819 WARN  [org.wildfly.extension.elytron] (MSC service thread 1-1) WFLYELY00023: KeyStore file '/opt/jboss/wildfly/standalone/configuration/application.keystore' does not exist. Used blank.
#47 1.638 [0m[33m22:11:06,826 WARN  [org.wildfly.extension.elytron] (MSC service thread 1-5) WFLYELY01084: KeyStore /opt/jboss/wildfly/standalone/configuration/application.keystore not found, it will be auto-generated on first use with a self-signed certificate for host localhost
#47 1.644 [0m[0m22:11:06,886 INFO  [org.jboss.as.server] (Controller Boot Thread) WFLYSRV0212: Resuming server
#47 1.705 [0m[0m22:11:06,889 INFO  [org.jboss.as] (Controller Boot Thread) WFLYSRV0025: WildFly 33.0.2.Final (WildFly Core 25.0.2.Final) started in 934ms - Started 51 of 77 services (27 services are lazy, passive or on-demand) - Server configuration file in use: standalone-full.xml - Minimum feature stability level: community
#47 1.707 [0m{
#47 1.758     "outcome" => "success",
#47 1.758     "response-headers" => {
#47 1.758         "operation-requires-reload" => true,
#47 1.758         "process-state" => "reload-required"
#47 1.758     }
#47 1.758 }
#47 1.772 {
#47 1.772     "outcome" => "success",
#47 1.772     "response-headers" => {
#47 1.772         "operation-requires-reload" => true,
#47 1.772         "process-state" => "reload-required"
#47 1.772     }
#47 1.772 }
#47 1.776 [0m22:11:06,958 INFO  [org.jboss.as.controller.management-deprecated] (pool-3-thread-1) WFLYCTL0028: Attribute 'driver-name' in the resource at address '/subsystem=datasources/jdbc-driver=postgresql' is deprecated, and may be removed in a future version. See the attribute description in the output of the read-resource-description operation to learn more about the deprecation.
#47 1.776 [0m{
#47 1.782     "outcome" => "success",
#47 1.782     "response-headers" => {"process-state" => "reload-required"}
#47 1.782 }
#47 1.794 {
#47 1.794     "outcome" => "success",
#47 1.794     "response-headers" => {"process-state" => "reload-required"}
#47 1.794 }
#47 1.809 {
#47 1.809     "outcome" => "success",
#47 1.809     "response-headers" => {"process-state" => "reload-required"}
#47 1.809 }
#47 1.822 {
#47 1.822     "outcome" => "success",
#47 1.822     "response-headers" => {"process-state" => "reload-required"}
#47 1.822 }
#47 1.829 {
#47 1.829     "outcome" => "success",
#47 1.829     "response-headers" => {"process-state" => "reload-required"}
#47 1.829 }
#47 1.835 {
#47 1.835     "outcome" => "success",
#47 1.835     "response-headers" => {"process-state" => "reload-required"}
#47 1.835 }
#47 1.843 {
#47 1.843     "outcome" => "success",
#47 1.843     "response-headers" => {"process-state" => "reload-required"}
#47 1.843 }
#47 1.850 {
#47 1.850     "outcome" => "success",
#47 1.850     "response-headers" => {"process-state" => "reload-required"}
#47 1.850 }
#47 1.857 {
#47 1.857     "outcome" => "success",
#47 1.857     "response-headers" => {"process-state" => "reload-required"}
#47 1.857 }
#47 1.863 {
#47 1.863     "outcome" => "success",
#47 1.863     "response-headers" => {"process-state" => "reload-required"}
#47 1.863 }
#47 1.871 {
#47 1.871     "outcome" => "success",
#47 1.871     "response-headers" => {"process-state" => "reload-required"}
#47 1.871 }
#47 1.879 {
#47 1.879     "outcome" => "success",
#47 1.879     "response-headers" => {"process-state" => "reload-required"}
#47 1.879 }
#47 1.886 {
#47 1.886     "outcome" => "success",
#47 1.886     "response-headers" => {"process-state" => "reload-required"}
#47 1.886 }
#47 1.895 {
#47 1.895     "outcome" => "success",
#47 1.895     "response-headers" => {"process-state" => "reload-required"}
#47 1.895 }
#47 1.902 {
#47 1.902     "outcome" => "success",
#47 1.902     "response-headers" => {"process-state" => "reload-required"}
#47 1.902 }
#47 1.909 {
#47 1.909     "outcome" => "success",
#47 1.909     "response-headers" => {"process-state" => "reload-required"}
#47 1.909 }
#47 1.918 {
#47 1.918     "outcome" => "success",
#47 1.918     "response-headers" => {"process-state" => "reload-required"}
#47 1.918 }
#47 1.928 {
#47 1.928     "outcome" => "success",
#47 1.928     "response-headers" => {"process-state" => "reload-required"}
#47 1.928 }
#47 1.935 {
#47 1.935     "outcome" => "success",
#47 1.935     "response-headers" => {"process-state" => "reload-required"}
#47 1.935 }
#47 1.940 {
#47 1.940     "outcome" => "success",
#47 1.940     "response-headers" => {"process-state" => "reload-required"}
#47 1.940 }
#47 1.943 [0m22:11:07,125 INFO  [org.jboss.as.controller.management-deprecated] (pool-3-thread-1) WFLYCTL0028: Attribute 'use-transaction-setup-provider' in the resource at address '/subsystem=ee/context-service=DolphinContext' is deprecated, and may be removed in a future version. See the attribute description in the output of the read-resource-description operation to learn more about the deprecation.
#47 1.943 [0m{
#47 1.948     "outcome" => "success",
#47 1.948     "response-headers" => {"process-state" => "reload-required"}
#47 1.948 }
#47 1.957 {
#47 1.957     "outcome" => "success",
#47 1.957     "response-headers" => {"process-state" => "reload-required"}
#47 1.957 }
#47 1.965 {
#47 1.965     "outcome" => "success",
#47 1.965     "response-headers" => {"process-state" => "reload-required"}
#47 1.965 }
#47 1.972 {
#47 1.972     "outcome" => "success",
#47 1.972     "response-headers" => {"process-state" => "reload-required"}
#47 1.972 }
#47 1.980 {
#47 1.980     "outcome" => "success",
#47 1.980     "response-headers" => {"process-state" => "reload-required"}
#47 1.980 }
#47 1.986 {
#47 1.986     "outcome" => "success",
#47 1.986     "response-headers" => {"process-state" => "reload-required"}
#47 1.986 }
#47 1.991 {
#47 1.991     "outcome" => "success",
#47 1.991     "response-headers" => {"process-state" => "reload-required"}
#47 1.991 }
#47 1.996 {
#47 1.996     "outcome" => "success",
#47 1.996     "response-headers" => {"process-state" => "reload-required"}
#47 1.996 }
#47 2.016 {
#47 2.016     "outcome" => "success",
#47 2.016     "response-headers" => {"process-state" => "reload-required"}
#47 2.016 }
#47 2.024 {
#47 2.024     "outcome" => "success",
#47 2.024     "response-headers" => {"process-state" => "reload-required"}
#47 2.024 }
#47 2.030 {
#47 2.030     "outcome" => "success",
#47 2.030     "response-headers" => {"process-state" => "reload-required"}
#47 2.030 }
#47 2.038 {
#47 2.038     "outcome" => "success",
#47 2.038     "response-headers" => {"process-state" => "reload-required"}
#47 2.038 }
#47 2.048 {
#47 2.048     "outcome" => "success",
#47 2.048     "response-headers" => {"process-state" => "reload-required"}
#47 2.048 }
#47 2.056 {
#47 2.056     "outcome" => "success",
#47 2.056     "response-headers" => {"process-state" => "reload-required"}
#47 2.056 }
#47 2.064 {
#47 2.064     "outcome" => "success",
#47 2.064     "response-headers" => {"process-state" => "reload-required"}
#47 2.064 }
#47 2.071 {
#47 2.071     "outcome" => "success",
#47 2.071     "response-headers" => {"process-state" => "reload-required"}
#47 2.071 }
#47 2.079 {
#47 2.079     "outcome" => "success",
#47 2.079     "response-headers" => {"process-state" => "reload-required"}
#47 2.079 }
#47 2.086 {
#47 2.086     "outcome" => "success",
#47 2.086     "response-headers" => {"process-state" => "reload-required"}
#47 2.086 }
#47 2.095 {
#47 2.095     "outcome" => "success",
#47 2.095     "response-headers" => {"process-state" => "reload-required"}
#47 2.095 }
#47 2.100 {
#47 2.100     "outcome" => "success",
#47 2.100     "response-headers" => {"process-state" => "reload-required"}
#47 2.100 }
#47 2.106 {
#47 2.106     "outcome" => "success",
#47 2.106     "response-headers" => {"process-state" => "reload-required"}
#47 2.106 }
#47 2.113 {
#47 2.113     "outcome" => "success",
#47 2.113     "response-headers" => {"process-state" => "reload-required"}
#47 2.113 }
#47 2.127 [0m22:11:07,309 INFO  [org.jboss.as] (MSC service thread 1-2) WFLYSRV0050: WildFly 33.0.2.Final (WildFly Core 25.0.2.Final) stopped in 11ms
#47 2.127 [0m
#47 DONE 2.1s

#48 [stage-1 22/22] RUN chown -R jboss:0 /opt/jboss/wildfly /opt/jboss/bootstrap.sh /opt/jboss/healthcheck-session.sh /opt/jboss/postgresql-driver.jar
#48 DONE 4.5s

#49 exporting to image
#49 exporting layers
#49 exporting layers 1.2s done
#49 exporting manifest sha256:5bff1c9fdc461c2f5557763a23457cef1a8483c603b9be6f83014c55d50f74dd done
#49 exporting config sha256:9dd53dfc517b00a1f8b889bd7dbe3e9fa2689bbcc8021e359d82bf504d1cf4b4 done
#49 exporting attestation manifest sha256:9b8e49618b03b80acd040e67178b47d8ce2c4ccea99bfd85383f8089480d9851 done
#49 exporting manifest list sha256:8ee1025fbe9275ff620c0145dafadf73e83670a424f93ca39563c6cc1c67d807 done
#49 naming to docker.io/library/opendolphin_webclient-server-modernized-dev:latest done
#49 unpacking to docker.io/library/opendolphin_webclient-server-modernized-dev:latest
#49 unpacking to docker.io/library/opendolphin_webclient-server-modernized-dev:latest 0.3s done
#49 DONE 1.5s

#50 resolving provenance for metadata file
#50 DONE 0.0s
 server-modernized-dev  Built
 Container opendolphin-minio  Recreate
 Container opendolphin-postgres-modernized  Recreate
 Container opendolphin-minio  Recreated
 Container opendolphin_webclient-minio-mc-1  Recreate
 Container opendolphin-postgres-modernized  Recreated
 Container opendolphin-server-modernized-dev  Recreate
 Container opendolphin_webclient-minio-mc-1  Recreated
 Container opendolphin-server-modernized-dev  Recreated
 Container opendolphin-minio  Starting
 Container opendolphin-postgres-modernized  Starting
 Container opendolphin-postgres-modernized  Started
 Container opendolphin-minio  Started
 Container opendolphin-minio  Waiting
 Container opendolphin-postgres-modernized  Waiting
 Container opendolphin-minio  Healthy
 Container opendolphin_webclient-minio-mc-1  Starting
 Container opendolphin-postgres-modernized  Healthy
 Container opendolphin-server-modernized-dev  Starting
 Container opendolphin_webclient-minio-mc-1  Started
 Container opendolphin-server-modernized-dev  Started
[07:11:25] Warning: ORCA DB container not found (jma-receipt-docker-db-1). ORCA master APIs may fail.
[07:11:26] DB schema already initialized.
[07:11:26] search_path is already set: opendolphin,public
[07:11:28] DB init repair skipped (baseline OK).
DB init repair skipped (baseline OK).
DB baseline check runId=20260418T220502Z
Required tables: d_users d_facility d_roles d_audit_event
Required sequences: opendolphin.hibernate_sequence opendolphin.d_patient_seq opendolphin.d_karte_seq opendolphin.d_audit_event_id_seq
DB baseline check OK.
[07:11:31] Running Flyway migrate... (log: /Users/Hayato/Documents/GitHub/OpenDolphin_WebClient/artifacts/preprod/flyway/flyway-20260418T220502Z.log)
A more recent version of Flyway is available. Find out more about Flyway 12.4.0 at https://rd.gt/3rXiSlV

Flyway OSS Edition 10.17.3 by Redgate

See release notes here: https://rd.gt/416ObMi
1 SQL migrations were detected but not run because they did not follow the filename convention.
Set 'validateMigrationNaming' to true to fail fast and see a list of the invalid file names.
Database: jdbc:postgresql://localhost:5432/opendolphin_modern (PostgreSQL 14.22)
Successfully validated 44 migrations (execution time 00:00.142s)
Current version of schema "opendolphin": 0310
WARNING: outOfOrder mode is active. Migration of schema "opendolphin" may not be reproducible.
Schema "opendolphin" is up to date. No migration necessary.
[07:11:35] Restarting Modernized Server to pick up initialized schema...
[07:11:39] Waiting for server to be healthy...
.
[07:11:58] Server is UP!
[07:11:58] Running API health check... (log: /Users/Hayato/Documents/GitHub/OpenDolphin_WebClient/artifacts/preprod/api-health/api-health-20260418T220502Z.log)
api_health_check runId=20260418T220502Z baseUrl=http://localhost:9080/openDolphin
401 /api/admin/config
401 /api/admin/delivery
401 /api/admin/security/header-credentials/cache
api_health_check OK
[07:11:58] Applying local baseline seed (ops/db/local-baseline/local_synthetic_seed.sql)...
BEGIN
SET
psql:/tmp/modern_seed.sql:12: NOTICE:  relation "hibernate_sequence" already exists, skipping
CREATE SEQUENCE
DO
INSERT 0 1
INSERT 0 0
INSERT 0 0
INSERT 0 1
INSERT 0 0
INSERT 0 0
INSERT 0 0
INSERT 0 0
 setval
--------
  91234
(1 row)

DO
COMMIT
[07:11:59] Baseline seed applied.
[07:11:59] Registering smoke user (doctor1) via SQL...
SET
DO
INSERT 0 0
INSERT 0 0
UPDATE 1
INSERT 0 0
INSERT 0 0
INSERT 0 0
[07:12:00] User registration SQL executed successfully.
[07:12:00] Seeding smoke patient identity...
SET
UPDATE 1
[07:12:01] Smoke patient identity seed executed successfully.
[07:12:01] Seeding smoke runtime projection...
SET
INSERT 0 1
INSERT 0 1
[07:12:02] Smoke runtime projection seed executed successfully.
[07:12:02] Starting Web Client dev server via npm run dev...
[07:12:02] Web Client dev server PID 41289, logs at /Users/Hayato/Documents/GitHub/OpenDolphin_WebClient/docs/implementation/opendolphin-postfix-static-remediation-20260418/dynamic-logs/20260418T220502Z-web-client-dev.log
[07:12:02] Tail the log via 'tail -f docs/implementation/opendolphin-postfix-static-remediation-20260418/dynamic-logs/20260418T220502Z-web-client-dev.log' to watch the dev server output.
[07:12:02] All set! Web Client dev server is listening at https://localhost:5173
[07:12:02] Logs: /Users/Hayato/Documents/GitHub/OpenDolphin_WebClient/docs/implementation/opendolphin-postfix-static-remediation-20260418/dynamic-logs/20260418T220502Z-web-client-dev.log
[07:12:02] Login with User: <redacted> / Pass: <redacted>
--- end ---
end=2026-04-18T22:12:02Z
exit=0
